Copyright 1986-2022 Xilinx, Inc. All Rights Reserved. Copyright 2022-2024 Advanced Micro Devices, Inc. All Rights Reserved.
---------------------------------------------------------------------------------------------------------------------------------------------------------------------------------------------------------------------
| Tool Version : Vivado v.2024.1 (win64) Build 5076996 Wed May 22 18:37:14 MDT 2024
| Date         : Mon Apr 21 04:21:29 2025
| Host         : MertMihci running 64-bit major release  (build 9200)
| Command      : report_timing_summary -max_paths 10 -report_unconstrained -file Nexys_A7_timing_summary_routed.rpt -pb Nexys_A7_timing_summary_routed.pb -rpx Nexys_A7_timing_summary_routed.rpx -warn_on_violation
| Design       : Nexys_A7
| Device       : 7a100t-csg324
| Speed File   : -1  PRODUCTION 1.23 2018-06-13
| Design State : Routed
---------------------------------------------------------------------------------------------------------------------------------------------------------------------------------------------------------------------

Timing Summary Report

------------------------------------------------------------------------------------------------
| Timer Settings
| --------------
------------------------------------------------------------------------------------------------

  Enable Multi Corner Analysis               :  Yes
  Enable Pessimism Removal                   :  Yes
  Pessimism Removal Resolution               :  Nearest Common Node
  Enable Input Delay Default Clock           :  No
  Enable Preset / Clear Arcs                 :  No
  Disable Flight Delays                      :  No
  Ignore I/O Paths                           :  No
  Timing Early Launch at Borrowing Latches   :  No
  Borrow Time for Max Delay Exceptions       :  Yes
  Merge Timing Exceptions                    :  Yes
  Inter-SLR Compensation                     :  Conservative

  Corner  Analyze    Analyze    
  Name    Max Paths  Min Paths  
  ------  ---------  ---------  
  Slow    Yes        Yes        
  Fast    Yes        Yes        


------------------------------------------------------------------------------------------------
| Report Methodology
| ------------------
------------------------------------------------------------------------------------------------

Rule       Severity          Description                    Violations  
---------  ----------------  -----------------------------  ----------  
TIMING-17  Critical Warning  Non-clocked sequential cell    1000        
TIMING-18  Warning           Missing input or output delay  18          
TIMING-23  Warning           Combinational loop found       2           

Note: This report is based on the most recent report_methodology run and may not be up-to-date. Run report_methodology on the current design for the latest report.



check_timing report

Table of Contents
-----------------
1. checking no_clock (3011)
2. checking constant_clock (0)
3. checking pulse_width_clock (0)
4. checking unconstrained_internal_endpoints (6566)
5. checking no_input_delay (2)
6. checking no_output_delay (16)
7. checking multiple_clock (0)
8. checking generated_clocks (0)
9. checking loops (3)
10. checking partial_input_delay (0)
11. checking partial_output_delay (0)
12. checking latch_loops (0)

1. checking no_clock (3011)
---------------------------
 There are 3011 register/latch pins with no clock driven by root clock pin: debouncer_0/genblk1[4].out_reg[4]/Q (HIGH)


2. checking constant_clock (0)
------------------------------
 There are 0 register/latch pins with constant_clock.


3. checking pulse_width_clock (0)
---------------------------------
 There are 0 register/latch pins which need pulse_width check


4. checking unconstrained_internal_endpoints (6566)
---------------------------------------------------
 There are 6566 pins that are not constrained for maximum delay. (HIGH)

 There are 0 pins that are not constrained for maximum delay due to constant clock.


5. checking no_input_delay (2)
------------------------------
 There are 2 input ports with no input delay specified. (HIGH)

 There are 0 input ports with no input delay but user has a false path constraint.


6. checking no_output_delay (16)
--------------------------------
 There are 16 ports with no output delay specified. (HIGH)

 There are 0 ports with no output delay but user has a false path constraint

 There are 0 ports with no output delay but with a timing clock defined on it or propagating through it


7. checking multiple_clock (0)
------------------------------
 There are 0 register/latch pins with multiple clocks.


8. checking generated_clocks (0)
--------------------------------
 There are 0 generated clocks that are not connected to a clock source.


9. checking loops (3)
---------------------
 There are 3 combinational loops in the design. (HIGH)


10. checking partial_input_delay (0)
------------------------------------
 There are 0 input ports with partial input delay specified.


11. checking partial_output_delay (0)
-------------------------------------
 There are 0 ports with partial output delay specified.


12. checking latch_loops (0)
----------------------------
 There are 0 combinational latch loops in the design through latch input



------------------------------------------------------------------------------------------------
| Design Timing Summary
| ---------------------
------------------------------------------------------------------------------------------------

    WNS(ns)      TNS(ns)  TNS Failing Endpoints  TNS Total Endpoints      WHS(ns)      THS(ns)  THS Failing Endpoints  THS Total Endpoints     WPWS(ns)     TPWS(ns)  TPWS Failing Endpoints  TPWS Total Endpoints  
    -------      -------  ---------------------  -------------------      -------      -------  ---------------------  -------------------     --------     --------  ----------------------  --------------------  
      4.002        0.000                      0                  197        0.109        0.000                      0                  197        4.500        0.000                       0                   102  


All user specified timing constraints are met.


------------------------------------------------------------------------------------------------
| Clock Summary
| -------------
------------------------------------------------------------------------------------------------

Clock        Waveform(ns)       Period(ns)      Frequency(MHz)
-----        ------------       ----------      --------------
sys_clk_pin  {0.000 5.000}      10.000          100.000         


------------------------------------------------------------------------------------------------
| Intra Clock Table
| -----------------
------------------------------------------------------------------------------------------------

Clock             WNS(ns)      TNS(ns)  TNS Failing Endpoints  TNS Total Endpoints      WHS(ns)      THS(ns)  THS Failing Endpoints  THS Total Endpoints     WPWS(ns)     TPWS(ns)  TPWS Failing Endpoints  TPWS Total Endpoints  
-----             -------      -------  ---------------------  -------------------      -------      -------  ---------------------  -------------------     --------     --------  ----------------------  --------------------  
sys_clk_pin         4.002        0.000                      0                  197        0.109        0.000                      0                  197        4.500        0.000                       0                   102  


------------------------------------------------------------------------------------------------
| Inter Clock Table
| -----------------
------------------------------------------------------------------------------------------------

From Clock    To Clock          WNS(ns)      TNS(ns)  TNS Failing Endpoints  TNS Total Endpoints      WHS(ns)      THS(ns)  THS Failing Endpoints  THS Total Endpoints  
----------    --------          -------      -------  ---------------------  -------------------      -------      -------  ---------------------  -------------------  


------------------------------------------------------------------------------------------------
| Other Path Groups Table
| -----------------------
------------------------------------------------------------------------------------------------

Path Group    From Clock    To Clock          WNS(ns)      TNS(ns)  TNS Failing Endpoints  TNS Total Endpoints      WHS(ns)      THS(ns)  THS Failing Endpoints  THS Total Endpoints  
----------    ----------    --------          -------      -------  ---------------------  -------------------      -------      -------  ---------------------  -------------------  


------------------------------------------------------------------------------------------------
| User Ignored Path Table
| -----------------------
------------------------------------------------------------------------------------------------

Path Group    From Clock    To Clock    
----------    ----------    --------    


------------------------------------------------------------------------------------------------
| Unconstrained Path Table
| ------------------------
------------------------------------------------------------------------------------------------

Path Group    From Clock    To Clock    
----------    ----------    --------    
(none)                                    
(none)        sys_clk_pin                 
(none)                      sys_clk_pin   


------------------------------------------------------------------------------------------------
| Timing Details
| --------------
------------------------------------------------------------------------------------------------


---------------------------------------------------------------------------------------------------
From Clock:  sys_clk_pin
  To Clock:  sys_clk_pin

Setup :            0  Failing Endpoints,  Worst Slack        4.002ns,  Total Violation        0.000ns
Hold  :            0  Failing Endpoints,  Worst Slack        0.109ns,  Total Violation        0.000ns
PW    :            0  Failing Endpoints,  Worst Slack        4.500ns,  Total Violation        0.000ns
---------------------------------------------------------------------------------------------------


Max Delay Paths
--------------------------------------------------------------------------------------
Slack (MET) :             4.002ns  (required time - arrival time)
  Source:                 mssd_0/count_reg[27]/C
                            (rising edge-triggered cell FDRE clocked by sys_clk_pin  {rise@0.000ns fall@5.000ns period=10.000ns})
  Destination:            mssd_0/idx_reg[0]/D
                            (rising edge-triggered cell FDRE clocked by sys_clk_pin  {rise@0.000ns fall@5.000ns period=10.000ns})
  Path Group:             sys_clk_pin
  Path Type:              Setup (Max at Slow Process Corner)
  Requirement:            10.000ns  (sys_clk_pin rise@10.000ns - sys_clk_pin rise@0.000ns)
  Data Path Delay:        5.638ns  (logic 0.890ns (15.785%)  route 4.748ns (84.215%))
  Logic Levels:           3  (LUT2=1 LUT6=2)
  Clock Path Skew:        -0.293ns (DCD - SCD + CPR)
    Destination Clock Delay (DCD):    4.935ns = ( 14.935 - 10.000 ) 
    Source Clock Delay      (SCD):    5.415ns
    Clock Pessimism Removal (CPR):    0.187ns
  Clock Uncertainty:      0.035ns  ((TSJ^2 + TIJ^2)^1/2 + DJ) / 2 + PE
    Total System Jitter     (TSJ):    0.071ns
    Total Input Jitter      (TIJ):    0.000ns
    Discrete Jitter          (DJ):    0.000ns
    Phase Error              (PE):    0.000ns

    Location             Delay type                Incr(ns)  Path(ns)    Netlist Resource(s)
  -------------------------------------------------------------------    -------------------
                         (clock sys_clk_pin rise edge)
                                                      0.000     0.000 r  
    E3                                                0.000     0.000 r  CLK100MHZ (IN)
                         net (fo=0)                   0.000     0.000    CLK100MHZ
    E3                   IBUF (Prop_ibuf_I_O)         1.482     1.482 r  CLK100MHZ_IBUF_inst/O
                         net (fo=1, routed)           2.025     3.506    CLK100MHZ_IBUF
    BUFGCTRL_X0Y16       BUFG (Prop_bufg_I_O)         0.096     3.602 r  CLK100MHZ_IBUF_BUFG_inst/O
                         net (fo=101, routed)         1.812     5.415    mssd_0/CLK100MHZ_IBUF_BUFG
    SLICE_X10Y33         FDRE                                         r  mssd_0/count_reg[27]/C
  -------------------------------------------------------------------    -------------------
    SLICE_X10Y33         FDRE (Prop_fdre_C_Q)         0.518     5.933 f  mssd_0/count_reg[27]/Q
                         net (fo=2, routed)           1.117     7.050    mssd_0/count[27]
    SLICE_X11Y33         LUT6 (Prop_lut6_I3_O)        0.124     7.174 r  mssd_0/count[31]_i_7/O
                         net (fo=1, routed)           0.586     7.760    mssd_0/count[31]_i_7_n_0
    SLICE_X11Y29         LUT6 (Prop_lut6_I5_O)        0.124     7.884 r  mssd_0/count[31]_i_1/O
                         net (fo=35, routed)          2.666    10.550    mssd_0/idx_0
    SLICE_X14Y78         LUT2 (Prop_lut2_I0_O)        0.124    10.674 r  mssd_0/idx[0]_i_1/O
                         net (fo=1, routed)           0.379    11.053    mssd_0/idx[0]_i_1_n_0
    SLICE_X14Y78         FDRE                                         r  mssd_0/idx_reg[0]/D
  -------------------------------------------------------------------    -------------------

                         (clock sys_clk_pin rise edge)
                                                     10.000    10.000 r  
    E3                                                0.000    10.000 r  CLK100MHZ (IN)
                         net (fo=0)                   0.000    10.000    CLK100MHZ
    E3                   IBUF (Prop_ibuf_I_O)         1.411    11.411 r  CLK100MHZ_IBUF_inst/O
                         net (fo=1, routed)           1.920    13.331    CLK100MHZ_IBUF
    BUFGCTRL_X0Y16       BUFG (Prop_bufg_I_O)         0.091    13.422 r  CLK100MHZ_IBUF_BUFG_inst/O
                         net (fo=101, routed)         1.512    14.935    mssd_0/CLK100MHZ_IBUF_BUFG
    SLICE_X14Y78         FDRE                                         r  mssd_0/idx_reg[0]/C
                         clock pessimism              0.187    15.122    
                         clock uncertainty           -0.035    15.086    
    SLICE_X14Y78         FDRE (Setup_fdre_C_D)       -0.031    15.055    mssd_0/idx_reg[0]
  -------------------------------------------------------------------
                         required time                         15.055    
                         arrival time                         -11.053    
  -------------------------------------------------------------------
                         slack                                  4.002    

Slack (MET) :             4.491ns  (required time - arrival time)
  Source:                 mssd_0/count_reg[27]/C
                            (rising edge-triggered cell FDRE clocked by sys_clk_pin  {rise@0.000ns fall@5.000ns period=10.000ns})
  Destination:            mssd_0/idx_reg[1]/D
                            (rising edge-triggered cell FDRE clocked by sys_clk_pin  {rise@0.000ns fall@5.000ns period=10.000ns})
  Path Group:             sys_clk_pin
  Path Type:              Setup (Max at Slow Process Corner)
  Requirement:            10.000ns  (sys_clk_pin rise@10.000ns - sys_clk_pin rise@0.000ns)
  Data Path Delay:        5.259ns  (logic 0.890ns (16.922%)  route 4.369ns (83.078%))
  Logic Levels:           3  (LUT3=1 LUT6=2)
  Clock Path Skew:        -0.293ns (DCD - SCD + CPR)
    Destination Clock Delay (DCD):    4.935ns = ( 14.935 - 10.000 ) 
    Source Clock Delay      (SCD):    5.415ns
    Clock Pessimism Removal (CPR):    0.187ns
  Clock Uncertainty:      0.035ns  ((TSJ^2 + TIJ^2)^1/2 + DJ) / 2 + PE
    Total System Jitter     (TSJ):    0.071ns
    Total Input Jitter      (TIJ):    0.000ns
    Discrete Jitter          (DJ):    0.000ns
    Phase Error              (PE):    0.000ns

    Location             Delay type                Incr(ns)  Path(ns)    Netlist Resource(s)
  -------------------------------------------------------------------    -------------------
                         (clock sys_clk_pin rise edge)
                                                      0.000     0.000 r  
    E3                                                0.000     0.000 r  CLK100MHZ (IN)
                         net (fo=0)                   0.000     0.000    CLK100MHZ
    E3                   IBUF (Prop_ibuf_I_O)         1.482     1.482 r  CLK100MHZ_IBUF_inst/O
                         net (fo=1, routed)           2.025     3.506    CLK100MHZ_IBUF
    BUFGCTRL_X0Y16       BUFG (Prop_bufg_I_O)         0.096     3.602 r  CLK100MHZ_IBUF_BUFG_inst/O
                         net (fo=101, routed)         1.812     5.415    mssd_0/CLK100MHZ_IBUF_BUFG
    SLICE_X10Y33         FDRE                                         r  mssd_0/count_reg[27]/C
  -------------------------------------------------------------------    -------------------
    SLICE_X10Y33         FDRE (Prop_fdre_C_Q)         0.518     5.933 f  mssd_0/count_reg[27]/Q
                         net (fo=2, routed)           1.117     7.050    mssd_0/count[27]
    SLICE_X11Y33         LUT6 (Prop_lut6_I3_O)        0.124     7.174 r  mssd_0/count[31]_i_7/O
                         net (fo=1, routed)           0.586     7.760    mssd_0/count[31]_i_7_n_0
    SLICE_X11Y29         LUT6 (Prop_lut6_I5_O)        0.124     7.884 r  mssd_0/count[31]_i_1/O
                         net (fo=35, routed)          2.666    10.550    mssd_0/idx_0
    SLICE_X14Y78         LUT3 (Prop_lut3_I1_O)        0.124    10.674 r  mssd_0/idx[1]_i_1/O
                         net (fo=1, routed)           0.000    10.674    mssd_0/idx[1]_i_1_n_0
    SLICE_X14Y78         FDRE                                         r  mssd_0/idx_reg[1]/D
  -------------------------------------------------------------------    -------------------

                         (clock sys_clk_pin rise edge)
                                                     10.000    10.000 r  
    E3                                                0.000    10.000 r  CLK100MHZ (IN)
                         net (fo=0)                   0.000    10.000    CLK100MHZ
    E3                   IBUF (Prop_ibuf_I_O)         1.411    11.411 r  CLK100MHZ_IBUF_inst/O
                         net (fo=1, routed)           1.920    13.331    CLK100MHZ_IBUF
    BUFGCTRL_X0Y16       BUFG (Prop_bufg_I_O)         0.091    13.422 r  CLK100MHZ_IBUF_BUFG_inst/O
                         net (fo=101, routed)         1.512    14.935    mssd_0/CLK100MHZ_IBUF_BUFG
    SLICE_X14Y78         FDRE                                         r  mssd_0/idx_reg[1]/C
                         clock pessimism              0.187    15.122    
                         clock uncertainty           -0.035    15.086    
    SLICE_X14Y78         FDRE (Setup_fdre_C_D)        0.079    15.165    mssd_0/idx_reg[1]
  -------------------------------------------------------------------
                         required time                         15.165    
                         arrival time                         -10.674    
  -------------------------------------------------------------------
                         slack                                  4.491    

Slack (MET) :             4.501ns  (required time - arrival time)
  Source:                 mssd_0/count_reg[27]/C
                            (rising edge-triggered cell FDRE clocked by sys_clk_pin  {rise@0.000ns fall@5.000ns period=10.000ns})
  Destination:            mssd_0/idx_reg[2]/D
                            (rising edge-triggered cell FDRE clocked by sys_clk_pin  {rise@0.000ns fall@5.000ns period=10.000ns})
  Path Group:             sys_clk_pin
  Path Type:              Setup (Max at Slow Process Corner)
  Requirement:            10.000ns  (sys_clk_pin rise@10.000ns - sys_clk_pin rise@0.000ns)
  Data Path Delay:        5.288ns  (logic 0.919ns (17.378%)  route 4.369ns (82.622%))
  Logic Levels:           3  (LUT4=1 LUT6=2)
  Clock Path Skew:        -0.293ns (DCD - SCD + CPR)
    Destination Clock Delay (DCD):    4.935ns = ( 14.935 - 10.000 ) 
    Source Clock Delay      (SCD):    5.415ns
    Clock Pessimism Removal (CPR):    0.187ns
  Clock Uncertainty:      0.035ns  ((TSJ^2 + TIJ^2)^1/2 + DJ) / 2 + PE
    Total System Jitter     (TSJ):    0.071ns
    Total Input Jitter      (TIJ):    0.000ns
    Discrete Jitter          (DJ):    0.000ns
    Phase Error              (PE):    0.000ns

    Location             Delay type                Incr(ns)  Path(ns)    Netlist Resource(s)
  -------------------------------------------------------------------    -------------------
                         (clock sys_clk_pin rise edge)
                                                      0.000     0.000 r  
    E3                                                0.000     0.000 r  CLK100MHZ (IN)
                         net (fo=0)                   0.000     0.000    CLK100MHZ
    E3                   IBUF (Prop_ibuf_I_O)         1.482     1.482 r  CLK100MHZ_IBUF_inst/O
                         net (fo=1, routed)           2.025     3.506    CLK100MHZ_IBUF
    BUFGCTRL_X0Y16       BUFG (Prop_bufg_I_O)         0.096     3.602 r  CLK100MHZ_IBUF_BUFG_inst/O
                         net (fo=101, routed)         1.812     5.415    mssd_0/CLK100MHZ_IBUF_BUFG
    SLICE_X10Y33         FDRE                                         r  mssd_0/count_reg[27]/C
  -------------------------------------------------------------------    -------------------
    SLICE_X10Y33         FDRE (Prop_fdre_C_Q)         0.518     5.933 f  mssd_0/count_reg[27]/Q
                         net (fo=2, routed)           1.117     7.050    mssd_0/count[27]
    SLICE_X11Y33         LUT6 (Prop_lut6_I3_O)        0.124     7.174 r  mssd_0/count[31]_i_7/O
                         net (fo=1, routed)           0.586     7.760    mssd_0/count[31]_i_7_n_0
    SLICE_X11Y29         LUT6 (Prop_lut6_I5_O)        0.124     7.884 r  mssd_0/count[31]_i_1/O
                         net (fo=35, routed)          2.666    10.550    mssd_0/idx_0
    SLICE_X14Y78         LUT4 (Prop_lut4_I2_O)        0.153    10.703 r  mssd_0/idx[2]_i_1/O
                         net (fo=1, routed)           0.000    10.703    mssd_0/idx[2]_i_1_n_0
    SLICE_X14Y78         FDRE                                         r  mssd_0/idx_reg[2]/D
  -------------------------------------------------------------------    -------------------

                         (clock sys_clk_pin rise edge)
                                                     10.000    10.000 r  
    E3                                                0.000    10.000 r  CLK100MHZ (IN)
                         net (fo=0)                   0.000    10.000    CLK100MHZ
    E3                   IBUF (Prop_ibuf_I_O)         1.411    11.411 r  CLK100MHZ_IBUF_inst/O
                         net (fo=1, routed)           1.920    13.331    CLK100MHZ_IBUF
    BUFGCTRL_X0Y16       BUFG (Prop_bufg_I_O)         0.091    13.422 r  CLK100MHZ_IBUF_BUFG_inst/O
                         net (fo=101, routed)         1.512    14.935    mssd_0/CLK100MHZ_IBUF_BUFG
    SLICE_X14Y78         FDRE                                         r  mssd_0/idx_reg[2]/C
                         clock pessimism              0.187    15.122    
                         clock uncertainty           -0.035    15.086    
    SLICE_X14Y78         FDRE (Setup_fdre_C_D)        0.118    15.204    mssd_0/idx_reg[2]
  -------------------------------------------------------------------
                         required time                         15.204    
                         arrival time                         -10.703    
  -------------------------------------------------------------------
                         slack                                  4.501    

Slack (MET) :             4.759ns  (required time - arrival time)
  Source:                 debouncer_0/genblk1[4].out_reg[4]/C
                            (rising edge-triggered cell FDRE clocked by sys_clk_pin  {rise@0.000ns fall@5.000ns period=10.000ns})
  Destination:            debouncer_0/genblk1[4].count_reg[4][24]/CE
                            (rising edge-triggered cell FDRE clocked by sys_clk_pin  {rise@0.000ns fall@5.000ns period=10.000ns})
  Path Group:             sys_clk_pin
  Path Type:              Setup (Max at Slow Process Corner)
  Requirement:            10.000ns  (sys_clk_pin rise@10.000ns - sys_clk_pin rise@0.000ns)
  Data Path Delay:        4.864ns  (logic 1.014ns (20.846%)  route 3.850ns (79.154%))
  Logic Levels:           4  (LUT4=1 LUT5=1 LUT6=2)
  Clock Path Skew:        -0.137ns (DCD - SCD + CPR)
    Destination Clock Delay (DCD):    4.911ns = ( 14.911 - 10.000 ) 
    Source Clock Delay      (SCD):    5.228ns
    Clock Pessimism Removal (CPR):    0.180ns
  Clock Uncertainty:      0.035ns  ((TSJ^2 + TIJ^2)^1/2 + DJ) / 2 + PE
    Total System Jitter     (TSJ):    0.071ns
    Total Input Jitter      (TIJ):    0.000ns
    Discrete Jitter          (DJ):    0.000ns
    Phase Error              (PE):    0.000ns

    Location             Delay type                Incr(ns)  Path(ns)    Netlist Resource(s)
  -------------------------------------------------------------------    -------------------
                         (clock sys_clk_pin rise edge)
                                                      0.000     0.000 r  
    E3                                                0.000     0.000 r  CLK100MHZ (IN)
                         net (fo=0)                   0.000     0.000    CLK100MHZ
    E3                   IBUF (Prop_ibuf_I_O)         1.482     1.482 r  CLK100MHZ_IBUF_inst/O
                         net (fo=1, routed)           2.025     3.506    CLK100MHZ_IBUF
    BUFGCTRL_X0Y16       BUFG (Prop_bufg_I_O)         0.096     3.602 r  CLK100MHZ_IBUF_BUFG_inst/O
                         net (fo=101, routed)         1.625     5.228    debouncer_0/CLK100MHZ_IBUF_BUFG
    SLICE_X54Y96         FDRE                                         r  debouncer_0/genblk1[4].out_reg[4]/C
  -------------------------------------------------------------------    -------------------
    SLICE_X54Y96         FDRE (Prop_fdre_C_Q)         0.518     5.746 r  debouncer_0/genblk1[4].out_reg[4]/Q
                         net (fo=35, routed)          0.933     6.678    debouncer_0/buttons[4]
    SLICE_X56Y97         LUT4 (Prop_lut4_I1_O)        0.124     6.802 r  debouncer_0/genblk1[4].out[4]_i_12/O
                         net (fo=1, routed)           0.850     7.653    debouncer_0/genblk1[4].out[4]_i_12_n_0
    SLICE_X56Y97         LUT6 (Prop_lut6_I0_O)        0.124     7.777 r  debouncer_0/genblk1[4].out[4]_i_8/O
                         net (fo=1, routed)           0.425     8.202    debouncer_0/genblk1[4].out[4]_i_8_n_0
    SLICE_X54Y97         LUT6 (Prop_lut6_I5_O)        0.124     8.326 f  debouncer_0/genblk1[4].out[4]_i_3/O
                         net (fo=2, routed)           0.821     9.146    debouncer_0/genblk1[4].out[4]_i_3_n_0
    SLICE_X54Y96         LUT5 (Prop_lut5_I1_O)        0.124     9.270 r  debouncer_0/genblk1[4].count[4][0]_i_1/O
                         net (fo=32, routed)          0.822    10.092    debouncer_0/genblk1[4].count[4][0]_i_1_n_0
    SLICE_X55Y100        FDRE                                         r  debouncer_0/genblk1[4].count_reg[4][24]/CE
  -------------------------------------------------------------------    -------------------

                         (clock sys_clk_pin rise edge)
                                                     10.000    10.000 r  
    E3                                                0.000    10.000 r  CLK100MHZ (IN)
                         net (fo=0)                   0.000    10.000    CLK100MHZ
    E3                   IBUF (Prop_ibuf_I_O)         1.411    11.411 r  CLK100MHZ_IBUF_inst/O
                         net (fo=1, routed)           1.920    13.331    CLK100MHZ_IBUF
    BUFGCTRL_X0Y16       BUFG (Prop_bufg_I_O)         0.091    13.422 r  CLK100MHZ_IBUF_BUFG_inst/O
                         net (fo=101, routed)         1.489    14.911    debouncer_0/CLK100MHZ_IBUF_BUFG
    SLICE_X55Y100        FDRE                                         r  debouncer_0/genblk1[4].count_reg[4][24]/C
                         clock pessimism              0.180    15.091    
                         clock uncertainty           -0.035    15.056    
    SLICE_X55Y100        FDRE (Setup_fdre_C_CE)      -0.205    14.851    debouncer_0/genblk1[4].count_reg[4][24]
  -------------------------------------------------------------------
                         required time                         14.851    
                         arrival time                         -10.092    
  -------------------------------------------------------------------
                         slack                                  4.759    

Slack (MET) :             4.759ns  (required time - arrival time)
  Source:                 debouncer_0/genblk1[4].out_reg[4]/C
                            (rising edge-triggered cell FDRE clocked by sys_clk_pin  {rise@0.000ns fall@5.000ns period=10.000ns})
  Destination:            debouncer_0/genblk1[4].count_reg[4][25]/CE
                            (rising edge-triggered cell FDRE clocked by sys_clk_pin  {rise@0.000ns fall@5.000ns period=10.000ns})
  Path Group:             sys_clk_pin
  Path Type:              Setup (Max at Slow Process Corner)
  Requirement:            10.000ns  (sys_clk_pin rise@10.000ns - sys_clk_pin rise@0.000ns)
  Data Path Delay:        4.864ns  (logic 1.014ns (20.846%)  route 3.850ns (79.154%))
  Logic Levels:           4  (LUT4=1 LUT5=1 LUT6=2)
  Clock Path Skew:        -0.137ns (DCD - SCD + CPR)
    Destination Clock Delay (DCD):    4.911ns = ( 14.911 - 10.000 ) 
    Source Clock Delay      (SCD):    5.228ns
    Clock Pessimism Removal (CPR):    0.180ns
  Clock Uncertainty:      0.035ns  ((TSJ^2 + TIJ^2)^1/2 + DJ) / 2 + PE
    Total System Jitter     (TSJ):    0.071ns
    Total Input Jitter      (TIJ):    0.000ns
    Discrete Jitter          (DJ):    0.000ns
    Phase Error              (PE):    0.000ns

    Location             Delay type                Incr(ns)  Path(ns)    Netlist Resource(s)
  -------------------------------------------------------------------    -------------------
                         (clock sys_clk_pin rise edge)
                                                      0.000     0.000 r  
    E3                                                0.000     0.000 r  CLK100MHZ (IN)
                         net (fo=0)                   0.000     0.000    CLK100MHZ
    E3                   IBUF (Prop_ibuf_I_O)         1.482     1.482 r  CLK100MHZ_IBUF_inst/O
                         net (fo=1, routed)           2.025     3.506    CLK100MHZ_IBUF
    BUFGCTRL_X0Y16       BUFG (Prop_bufg_I_O)         0.096     3.602 r  CLK100MHZ_IBUF_BUFG_inst/O
                         net (fo=101, routed)         1.625     5.228    debouncer_0/CLK100MHZ_IBUF_BUFG
    SLICE_X54Y96         FDRE                                         r  debouncer_0/genblk1[4].out_reg[4]/C
  -------------------------------------------------------------------    -------------------
    SLICE_X54Y96         FDRE (Prop_fdre_C_Q)         0.518     5.746 r  debouncer_0/genblk1[4].out_reg[4]/Q
                         net (fo=35, routed)          0.933     6.678    debouncer_0/buttons[4]
    SLICE_X56Y97         LUT4 (Prop_lut4_I1_O)        0.124     6.802 r  debouncer_0/genblk1[4].out[4]_i_12/O
                         net (fo=1, routed)           0.850     7.653    debouncer_0/genblk1[4].out[4]_i_12_n_0
    SLICE_X56Y97         LUT6 (Prop_lut6_I0_O)        0.124     7.777 r  debouncer_0/genblk1[4].out[4]_i_8/O
                         net (fo=1, routed)           0.425     8.202    debouncer_0/genblk1[4].out[4]_i_8_n_0
    SLICE_X54Y97         LUT6 (Prop_lut6_I5_O)        0.124     8.326 f  debouncer_0/genblk1[4].out[4]_i_3/O
                         net (fo=2, routed)           0.821     9.146    debouncer_0/genblk1[4].out[4]_i_3_n_0
    SLICE_X54Y96         LUT5 (Prop_lut5_I1_O)        0.124     9.270 r  debouncer_0/genblk1[4].count[4][0]_i_1/O
                         net (fo=32, routed)          0.822    10.092    debouncer_0/genblk1[4].count[4][0]_i_1_n_0
    SLICE_X55Y100        FDRE                                         r  debouncer_0/genblk1[4].count_reg[4][25]/CE
  -------------------------------------------------------------------    -------------------

                         (clock sys_clk_pin rise edge)
                                                     10.000    10.000 r  
    E3                                                0.000    10.000 r  CLK100MHZ (IN)
                         net (fo=0)                   0.000    10.000    CLK100MHZ
    E3                   IBUF (Prop_ibuf_I_O)         1.411    11.411 r  CLK100MHZ_IBUF_inst/O
                         net (fo=1, routed)           1.920    13.331    CLK100MHZ_IBUF
    BUFGCTRL_X0Y16       BUFG (Prop_bufg_I_O)         0.091    13.422 r  CLK100MHZ_IBUF_BUFG_inst/O
                         net (fo=101, routed)         1.489    14.911    debouncer_0/CLK100MHZ_IBUF_BUFG
    SLICE_X55Y100        FDRE                                         r  debouncer_0/genblk1[4].count_reg[4][25]/C
                         clock pessimism              0.180    15.091    
                         clock uncertainty           -0.035    15.056    
    SLICE_X55Y100        FDRE (Setup_fdre_C_CE)      -0.205    14.851    debouncer_0/genblk1[4].count_reg[4][25]
  -------------------------------------------------------------------
                         required time                         14.851    
                         arrival time                         -10.092    
  -------------------------------------------------------------------
                         slack                                  4.759    

Slack (MET) :             4.759ns  (required time - arrival time)
  Source:                 debouncer_0/genblk1[4].out_reg[4]/C
                            (rising edge-triggered cell FDRE clocked by sys_clk_pin  {rise@0.000ns fall@5.000ns period=10.000ns})
  Destination:            debouncer_0/genblk1[4].count_reg[4][26]/CE
                            (rising edge-triggered cell FDRE clocked by sys_clk_pin  {rise@0.000ns fall@5.000ns period=10.000ns})
  Path Group:             sys_clk_pin
  Path Type:              Setup (Max at Slow Process Corner)
  Requirement:            10.000ns  (sys_clk_pin rise@10.000ns - sys_clk_pin rise@0.000ns)
  Data Path Delay:        4.864ns  (logic 1.014ns (20.846%)  route 3.850ns (79.154%))
  Logic Levels:           4  (LUT4=1 LUT5=1 LUT6=2)
  Clock Path Skew:        -0.137ns (DCD - SCD + CPR)
    Destination Clock Delay (DCD):    4.911ns = ( 14.911 - 10.000 ) 
    Source Clock Delay      (SCD):    5.228ns
    Clock Pessimism Removal (CPR):    0.180ns
  Clock Uncertainty:      0.035ns  ((TSJ^2 + TIJ^2)^1/2 + DJ) / 2 + PE
    Total System Jitter     (TSJ):    0.071ns
    Total Input Jitter      (TIJ):    0.000ns
    Discrete Jitter          (DJ):    0.000ns
    Phase Error              (PE):    0.000ns

    Location             Delay type                Incr(ns)  Path(ns)    Netlist Resource(s)
  -------------------------------------------------------------------    -------------------
                         (clock sys_clk_pin rise edge)
                                                      0.000     0.000 r  
    E3                                                0.000     0.000 r  CLK100MHZ (IN)
                         net (fo=0)                   0.000     0.000    CLK100MHZ
    E3                   IBUF (Prop_ibuf_I_O)         1.482     1.482 r  CLK100MHZ_IBUF_inst/O
                         net (fo=1, routed)           2.025     3.506    CLK100MHZ_IBUF
    BUFGCTRL_X0Y16       BUFG (Prop_bufg_I_O)         0.096     3.602 r  CLK100MHZ_IBUF_BUFG_inst/O
                         net (fo=101, routed)         1.625     5.228    debouncer_0/CLK100MHZ_IBUF_BUFG
    SLICE_X54Y96         FDRE                                         r  debouncer_0/genblk1[4].out_reg[4]/C
  -------------------------------------------------------------------    -------------------
    SLICE_X54Y96         FDRE (Prop_fdre_C_Q)         0.518     5.746 r  debouncer_0/genblk1[4].out_reg[4]/Q
                         net (fo=35, routed)          0.933     6.678    debouncer_0/buttons[4]
    SLICE_X56Y97         LUT4 (Prop_lut4_I1_O)        0.124     6.802 r  debouncer_0/genblk1[4].out[4]_i_12/O
                         net (fo=1, routed)           0.850     7.653    debouncer_0/genblk1[4].out[4]_i_12_n_0
    SLICE_X56Y97         LUT6 (Prop_lut6_I0_O)        0.124     7.777 r  debouncer_0/genblk1[4].out[4]_i_8/O
                         net (fo=1, routed)           0.425     8.202    debouncer_0/genblk1[4].out[4]_i_8_n_0
    SLICE_X54Y97         LUT6 (Prop_lut6_I5_O)        0.124     8.326 f  debouncer_0/genblk1[4].out[4]_i_3/O
                         net (fo=2, routed)           0.821     9.146    debouncer_0/genblk1[4].out[4]_i_3_n_0
    SLICE_X54Y96         LUT5 (Prop_lut5_I1_O)        0.124     9.270 r  debouncer_0/genblk1[4].count[4][0]_i_1/O
                         net (fo=32, routed)          0.822    10.092    debouncer_0/genblk1[4].count[4][0]_i_1_n_0
    SLICE_X55Y100        FDRE                                         r  debouncer_0/genblk1[4].count_reg[4][26]/CE
  -------------------------------------------------------------------    -------------------

                         (clock sys_clk_pin rise edge)
                                                     10.000    10.000 r  
    E3                                                0.000    10.000 r  CLK100MHZ (IN)
                         net (fo=0)                   0.000    10.000    CLK100MHZ
    E3                   IBUF (Prop_ibuf_I_O)         1.411    11.411 r  CLK100MHZ_IBUF_inst/O
                         net (fo=1, routed)           1.920    13.331    CLK100MHZ_IBUF
    BUFGCTRL_X0Y16       BUFG (Prop_bufg_I_O)         0.091    13.422 r  CLK100MHZ_IBUF_BUFG_inst/O
                         net (fo=101, routed)         1.489    14.911    debouncer_0/CLK100MHZ_IBUF_BUFG
    SLICE_X55Y100        FDRE                                         r  debouncer_0/genblk1[4].count_reg[4][26]/C
                         clock pessimism              0.180    15.091    
                         clock uncertainty           -0.035    15.056    
    SLICE_X55Y100        FDRE (Setup_fdre_C_CE)      -0.205    14.851    debouncer_0/genblk1[4].count_reg[4][26]
  -------------------------------------------------------------------
                         required time                         14.851    
                         arrival time                         -10.092    
  -------------------------------------------------------------------
                         slack                                  4.759    

Slack (MET) :             4.759ns  (required time - arrival time)
  Source:                 debouncer_0/genblk1[4].out_reg[4]/C
                            (rising edge-triggered cell FDRE clocked by sys_clk_pin  {rise@0.000ns fall@5.000ns period=10.000ns})
  Destination:            debouncer_0/genblk1[4].count_reg[4][27]/CE
                            (rising edge-triggered cell FDRE clocked by sys_clk_pin  {rise@0.000ns fall@5.000ns period=10.000ns})
  Path Group:             sys_clk_pin
  Path Type:              Setup (Max at Slow Process Corner)
  Requirement:            10.000ns  (sys_clk_pin rise@10.000ns - sys_clk_pin rise@0.000ns)
  Data Path Delay:        4.864ns  (logic 1.014ns (20.846%)  route 3.850ns (79.154%))
  Logic Levels:           4  (LUT4=1 LUT5=1 LUT6=2)
  Clock Path Skew:        -0.137ns (DCD - SCD + CPR)
    Destination Clock Delay (DCD):    4.911ns = ( 14.911 - 10.000 ) 
    Source Clock Delay      (SCD):    5.228ns
    Clock Pessimism Removal (CPR):    0.180ns
  Clock Uncertainty:      0.035ns  ((TSJ^2 + TIJ^2)^1/2 + DJ) / 2 + PE
    Total System Jitter     (TSJ):    0.071ns
    Total Input Jitter      (TIJ):    0.000ns
    Discrete Jitter          (DJ):    0.000ns
    Phase Error              (PE):    0.000ns

    Location             Delay type                Incr(ns)  Path(ns)    Netlist Resource(s)
  -------------------------------------------------------------------    -------------------
                         (clock sys_clk_pin rise edge)
                                                      0.000     0.000 r  
    E3                                                0.000     0.000 r  CLK100MHZ (IN)
                         net (fo=0)                   0.000     0.000    CLK100MHZ
    E3                   IBUF (Prop_ibuf_I_O)         1.482     1.482 r  CLK100MHZ_IBUF_inst/O
                         net (fo=1, routed)           2.025     3.506    CLK100MHZ_IBUF
    BUFGCTRL_X0Y16       BUFG (Prop_bufg_I_O)         0.096     3.602 r  CLK100MHZ_IBUF_BUFG_inst/O
                         net (fo=101, routed)         1.625     5.228    debouncer_0/CLK100MHZ_IBUF_BUFG
    SLICE_X54Y96         FDRE                                         r  debouncer_0/genblk1[4].out_reg[4]/C
  -------------------------------------------------------------------    -------------------
    SLICE_X54Y96         FDRE (Prop_fdre_C_Q)         0.518     5.746 r  debouncer_0/genblk1[4].out_reg[4]/Q
                         net (fo=35, routed)          0.933     6.678    debouncer_0/buttons[4]
    SLICE_X56Y97         LUT4 (Prop_lut4_I1_O)        0.124     6.802 r  debouncer_0/genblk1[4].out[4]_i_12/O
                         net (fo=1, routed)           0.850     7.653    debouncer_0/genblk1[4].out[4]_i_12_n_0
    SLICE_X56Y97         LUT6 (Prop_lut6_I0_O)        0.124     7.777 r  debouncer_0/genblk1[4].out[4]_i_8/O
                         net (fo=1, routed)           0.425     8.202    debouncer_0/genblk1[4].out[4]_i_8_n_0
    SLICE_X54Y97         LUT6 (Prop_lut6_I5_O)        0.124     8.326 f  debouncer_0/genblk1[4].out[4]_i_3/O
                         net (fo=2, routed)           0.821     9.146    debouncer_0/genblk1[4].out[4]_i_3_n_0
    SLICE_X54Y96         LUT5 (Prop_lut5_I1_O)        0.124     9.270 r  debouncer_0/genblk1[4].count[4][0]_i_1/O
                         net (fo=32, routed)          0.822    10.092    debouncer_0/genblk1[4].count[4][0]_i_1_n_0
    SLICE_X55Y100        FDRE                                         r  debouncer_0/genblk1[4].count_reg[4][27]/CE
  -------------------------------------------------------------------    -------------------

                         (clock sys_clk_pin rise edge)
                                                     10.000    10.000 r  
    E3                                                0.000    10.000 r  CLK100MHZ (IN)
                         net (fo=0)                   0.000    10.000    CLK100MHZ
    E3                   IBUF (Prop_ibuf_I_O)         1.411    11.411 r  CLK100MHZ_IBUF_inst/O
                         net (fo=1, routed)           1.920    13.331    CLK100MHZ_IBUF
    BUFGCTRL_X0Y16       BUFG (Prop_bufg_I_O)         0.091    13.422 r  CLK100MHZ_IBUF_BUFG_inst/O
                         net (fo=101, routed)         1.489    14.911    debouncer_0/CLK100MHZ_IBUF_BUFG
    SLICE_X55Y100        FDRE                                         r  debouncer_0/genblk1[4].count_reg[4][27]/C
                         clock pessimism              0.180    15.091    
                         clock uncertainty           -0.035    15.056    
    SLICE_X55Y100        FDRE (Setup_fdre_C_CE)      -0.205    14.851    debouncer_0/genblk1[4].count_reg[4][27]
  -------------------------------------------------------------------
                         required time                         14.851    
                         arrival time                         -10.092    
  -------------------------------------------------------------------
                         slack                                  4.759    

Slack (MET) :             4.808ns  (required time - arrival time)
  Source:                 debouncer_0/genblk1[0].count_reg[0][17]/C
                            (rising edge-triggered cell FDRE clocked by sys_clk_pin  {rise@0.000ns fall@5.000ns period=10.000ns})
  Destination:            debouncer_0/genblk1[0].out_reg[0]/D
                            (rising edge-triggered cell FDRE clocked by sys_clk_pin  {rise@0.000ns fall@5.000ns period=10.000ns})
  Path Group:             sys_clk_pin
  Path Type:              Setup (Max at Slow Process Corner)
  Requirement:            10.000ns  (sys_clk_pin rise@10.000ns - sys_clk_pin rise@0.000ns)
  Data Path Delay:        5.099ns  (logic 1.302ns (25.535%)  route 3.797ns (74.465%))
  Logic Levels:           5  (LUT2=1 LUT4=3 LUT6=1)
  Clock Path Skew:        -0.027ns (DCD - SCD + CPR)
    Destination Clock Delay (DCD):    4.943ns = ( 14.943 - 10.000 ) 
    Source Clock Delay      (SCD):    5.247ns
    Clock Pessimism Removal (CPR):    0.277ns
  Clock Uncertainty:      0.035ns  ((TSJ^2 + TIJ^2)^1/2 + DJ) / 2 + PE
    Total System Jitter     (TSJ):    0.071ns
    Total Input Jitter      (TIJ):    0.000ns
    Discrete Jitter          (DJ):    0.000ns
    Phase Error              (PE):    0.000ns

    Location             Delay type                Incr(ns)  Path(ns)    Netlist Resource(s)
  -------------------------------------------------------------------    -------------------
                         (clock sys_clk_pin rise edge)
                                                      0.000     0.000 r  
    E3                                                0.000     0.000 r  CLK100MHZ (IN)
                         net (fo=0)                   0.000     0.000    CLK100MHZ
    E3                   IBUF (Prop_ibuf_I_O)         1.482     1.482 r  CLK100MHZ_IBUF_inst/O
                         net (fo=1, routed)           2.025     3.506    CLK100MHZ_IBUF
    BUFGCTRL_X0Y16       BUFG (Prop_bufg_I_O)         0.096     3.602 r  CLK100MHZ_IBUF_BUFG_inst/O
                         net (fo=101, routed)         1.644     5.247    debouncer_0/CLK100MHZ_IBUF_BUFG
    SLICE_X13Y89         FDRE                                         r  debouncer_0/genblk1[0].count_reg[0][17]/C
  -------------------------------------------------------------------    -------------------
    SLICE_X13Y89         FDRE (Prop_fdre_C_Q)         0.456     5.703 f  debouncer_0/genblk1[0].count_reg[0][17]/Q
                         net (fo=3, routed)           0.957     6.660    debouncer_0/genblk1[0].count_reg[0]_0[17]
    SLICE_X12Y86         LUT4 (Prop_lut4_I0_O)        0.146     6.806 f  debouncer_0/genblk1[0].count[0][0]_i_13/O
                         net (fo=1, routed)           0.310     7.116    debouncer_0/genblk1[0].count[0][0]_i_13_n_0
    SLICE_X12Y85         LUT4 (Prop_lut4_I3_O)        0.328     7.444 f  debouncer_0/genblk1[0].count[0][0]_i_6/O
                         net (fo=2, routed)           0.656     8.100    debouncer_0/genblk1[0].count[0][0]_i_6_n_0
    SLICE_X14Y87         LUT2 (Prop_lut2_I1_O)        0.124     8.224 f  debouncer_0/genblk1[0].out[0]_i_7/O
                         net (fo=2, routed)           0.681     8.905    debouncer_0/genblk1[0].out[0]_i_7_n_0
    SLICE_X14Y87         LUT6 (Prop_lut6_I5_O)        0.124     9.029 r  debouncer_0/genblk1[0].out[0]_i_2/O
                         net (fo=1, routed)           0.582     9.611    debouncer_0/genblk1[0].out[0]_i_2_n_0
    SLICE_X12Y87         LUT4 (Prop_lut4_I0_O)        0.124     9.735 r  debouncer_0/genblk1[0].out[0]_i_1/O
                         net (fo=1, routed)           0.611    10.346    debouncer_0/genblk1[0].out[0]_i_1_n_0
    SLICE_X12Y87         FDRE                                         r  debouncer_0/genblk1[0].out_reg[0]/D
  -------------------------------------------------------------------    -------------------

                         (clock sys_clk_pin rise edge)
                                                     10.000    10.000 r  
    E3                                                0.000    10.000 r  CLK100MHZ (IN)
                         net (fo=0)                   0.000    10.000    CLK100MHZ
    E3                   IBUF (Prop_ibuf_I_O)         1.411    11.411 r  CLK100MHZ_IBUF_inst/O
                         net (fo=1, routed)           1.920    13.331    CLK100MHZ_IBUF
    BUFGCTRL_X0Y16       BUFG (Prop_bufg_I_O)         0.091    13.422 r  CLK100MHZ_IBUF_BUFG_inst/O
                         net (fo=101, routed)         1.520    14.943    debouncer_0/CLK100MHZ_IBUF_BUFG
    SLICE_X12Y87         FDRE                                         r  debouncer_0/genblk1[0].out_reg[0]/C
                         clock pessimism              0.277    15.220    
                         clock uncertainty           -0.035    15.184    
    SLICE_X12Y87         FDRE (Setup_fdre_C_D)       -0.031    15.153    debouncer_0/genblk1[0].out_reg[0]
  -------------------------------------------------------------------
                         required time                         15.153    
                         arrival time                         -10.346    
  -------------------------------------------------------------------
                         slack                                  4.808    

Slack (MET) :             4.900ns  (required time - arrival time)
  Source:                 debouncer_0/genblk1[4].out_reg[4]/C
                            (rising edge-triggered cell FDRE clocked by sys_clk_pin  {rise@0.000ns fall@5.000ns period=10.000ns})
  Destination:            debouncer_0/genblk1[4].count_reg[4][28]/CE
                            (rising edge-triggered cell FDRE clocked by sys_clk_pin  {rise@0.000ns fall@5.000ns period=10.000ns})
  Path Group:             sys_clk_pin
  Path Type:              Setup (Max at Slow Process Corner)
  Requirement:            10.000ns  (sys_clk_pin rise@10.000ns - sys_clk_pin rise@0.000ns)
  Data Path Delay:        4.723ns  (logic 1.014ns (21.468%)  route 3.709ns (78.532%))
  Logic Levels:           4  (LUT4=1 LUT5=1 LUT6=2)
  Clock Path Skew:        -0.137ns (DCD - SCD + CPR)
    Destination Clock Delay (DCD):    4.911ns = ( 14.911 - 10.000 ) 
    Source Clock Delay      (SCD):    5.228ns
    Clock Pessimism Removal (CPR):    0.180ns
  Clock Uncertainty:      0.035ns  ((TSJ^2 + TIJ^2)^1/2 + DJ) / 2 + PE
    Total System Jitter     (TSJ):    0.071ns
    Total Input Jitter      (TIJ):    0.000ns
    Discrete Jitter          (DJ):    0.000ns
    Phase Error              (PE):    0.000ns

    Location             Delay type                Incr(ns)  Path(ns)    Netlist Resource(s)
  -------------------------------------------------------------------    -------------------
                         (clock sys_clk_pin rise edge)
                                                      0.000     0.000 r  
    E3                                                0.000     0.000 r  CLK100MHZ (IN)
                         net (fo=0)                   0.000     0.000    CLK100MHZ
    E3                   IBUF (Prop_ibuf_I_O)         1.482     1.482 r  CLK100MHZ_IBUF_inst/O
                         net (fo=1, routed)           2.025     3.506    CLK100MHZ_IBUF
    BUFGCTRL_X0Y16       BUFG (Prop_bufg_I_O)         0.096     3.602 r  CLK100MHZ_IBUF_BUFG_inst/O
                         net (fo=101, routed)         1.625     5.228    debouncer_0/CLK100MHZ_IBUF_BUFG
    SLICE_X54Y96         FDRE                                         r  debouncer_0/genblk1[4].out_reg[4]/C
  -------------------------------------------------------------------    -------------------
    SLICE_X54Y96         FDRE (Prop_fdre_C_Q)         0.518     5.746 r  debouncer_0/genblk1[4].out_reg[4]/Q
                         net (fo=35, routed)          0.933     6.678    debouncer_0/buttons[4]
    SLICE_X56Y97         LUT4 (Prop_lut4_I1_O)        0.124     6.802 r  debouncer_0/genblk1[4].out[4]_i_12/O
                         net (fo=1, routed)           0.850     7.653    debouncer_0/genblk1[4].out[4]_i_12_n_0
    SLICE_X56Y97         LUT6 (Prop_lut6_I0_O)        0.124     7.777 r  debouncer_0/genblk1[4].out[4]_i_8/O
                         net (fo=1, routed)           0.425     8.202    debouncer_0/genblk1[4].out[4]_i_8_n_0
    SLICE_X54Y97         LUT6 (Prop_lut6_I5_O)        0.124     8.326 f  debouncer_0/genblk1[4].out[4]_i_3/O
                         net (fo=2, routed)           0.821     9.146    debouncer_0/genblk1[4].out[4]_i_3_n_0
    SLICE_X54Y96         LUT5 (Prop_lut5_I1_O)        0.124     9.270 r  debouncer_0/genblk1[4].count[4][0]_i_1/O
                         net (fo=32, routed)          0.681     9.951    debouncer_0/genblk1[4].count[4][0]_i_1_n_0
    SLICE_X55Y101        FDRE                                         r  debouncer_0/genblk1[4].count_reg[4][28]/CE
  -------------------------------------------------------------------    -------------------

                         (clock sys_clk_pin rise edge)
                                                     10.000    10.000 r  
    E3                                                0.000    10.000 r  CLK100MHZ (IN)
                         net (fo=0)                   0.000    10.000    CLK100MHZ
    E3                   IBUF (Prop_ibuf_I_O)         1.411    11.411 r  CLK100MHZ_IBUF_inst/O
                         net (fo=1, routed)           1.920    13.331    CLK100MHZ_IBUF
    BUFGCTRL_X0Y16       BUFG (Prop_bufg_I_O)         0.091    13.422 r  CLK100MHZ_IBUF_BUFG_inst/O
                         net (fo=101, routed)         1.489    14.911    debouncer_0/CLK100MHZ_IBUF_BUFG
    SLICE_X55Y101        FDRE                                         r  debouncer_0/genblk1[4].count_reg[4][28]/C
                         clock pessimism              0.180    15.091    
                         clock uncertainty           -0.035    15.056    
    SLICE_X55Y101        FDRE (Setup_fdre_C_CE)      -0.205    14.851    debouncer_0/genblk1[4].count_reg[4][28]
  -------------------------------------------------------------------
                         required time                         14.851    
                         arrival time                          -9.951    
  -------------------------------------------------------------------
                         slack                                  4.900    

Slack (MET) :             4.900ns  (required time - arrival time)
  Source:                 debouncer_0/genblk1[4].out_reg[4]/C
                            (rising edge-triggered cell FDRE clocked by sys_clk_pin  {rise@0.000ns fall@5.000ns period=10.000ns})
  Destination:            debouncer_0/genblk1[4].count_reg[4][29]/CE
                            (rising edge-triggered cell FDRE clocked by sys_clk_pin  {rise@0.000ns fall@5.000ns period=10.000ns})
  Path Group:             sys_clk_pin
  Path Type:              Setup (Max at Slow Process Corner)
  Requirement:            10.000ns  (sys_clk_pin rise@10.000ns - sys_clk_pin rise@0.000ns)
  Data Path Delay:        4.723ns  (logic 1.014ns (21.468%)  route 3.709ns (78.532%))
  Logic Levels:           4  (LUT4=1 LUT5=1 LUT6=2)
  Clock Path Skew:        -0.137ns (DCD - SCD + CPR)
    Destination Clock Delay (DCD):    4.911ns = ( 14.911 - 10.000 ) 
    Source Clock Delay      (SCD):    5.228ns
    Clock Pessimism Removal (CPR):    0.180ns
  Clock Uncertainty:      0.035ns  ((TSJ^2 + TIJ^2)^1/2 + DJ) / 2 + PE
    Total System Jitter     (TSJ):    0.071ns
    Total Input Jitter      (TIJ):    0.000ns
    Discrete Jitter          (DJ):    0.000ns
    Phase Error              (PE):    0.000ns

    Location             Delay type                Incr(ns)  Path(ns)    Netlist Resource(s)
  -------------------------------------------------------------------    -------------------
                         (clock sys_clk_pin rise edge)
                                                      0.000     0.000 r  
    E3                                                0.000     0.000 r  CLK100MHZ (IN)
                         net (fo=0)                   0.000     0.000    CLK100MHZ
    E3                   IBUF (Prop_ibuf_I_O)         1.482     1.482 r  CLK100MHZ_IBUF_inst/O
                         net (fo=1, routed)           2.025     3.506    CLK100MHZ_IBUF
    BUFGCTRL_X0Y16       BUFG (Prop_bufg_I_O)         0.096     3.602 r  CLK100MHZ_IBUF_BUFG_inst/O
                         net (fo=101, routed)         1.625     5.228    debouncer_0/CLK100MHZ_IBUF_BUFG
    SLICE_X54Y96         FDRE                                         r  debouncer_0/genblk1[4].out_reg[4]/C
  -------------------------------------------------------------------    -------------------
    SLICE_X54Y96         FDRE (Prop_fdre_C_Q)         0.518     5.746 r  debouncer_0/genblk1[4].out_reg[4]/Q
                         net (fo=35, routed)          0.933     6.678    debouncer_0/buttons[4]
    SLICE_X56Y97         LUT4 (Prop_lut4_I1_O)        0.124     6.802 r  debouncer_0/genblk1[4].out[4]_i_12/O
                         net (fo=1, routed)           0.850     7.653    debouncer_0/genblk1[4].out[4]_i_12_n_0
    SLICE_X56Y97         LUT6 (Prop_lut6_I0_O)        0.124     7.777 r  debouncer_0/genblk1[4].out[4]_i_8/O
                         net (fo=1, routed)           0.425     8.202    debouncer_0/genblk1[4].out[4]_i_8_n_0
    SLICE_X54Y97         LUT6 (Prop_lut6_I5_O)        0.124     8.326 f  debouncer_0/genblk1[4].out[4]_i_3/O
                         net (fo=2, routed)           0.821     9.146    debouncer_0/genblk1[4].out[4]_i_3_n_0
    SLICE_X54Y96         LUT5 (Prop_lut5_I1_O)        0.124     9.270 r  debouncer_0/genblk1[4].count[4][0]_i_1/O
                         net (fo=32, routed)          0.681     9.951    debouncer_0/genblk1[4].count[4][0]_i_1_n_0
    SLICE_X55Y101        FDRE                                         r  debouncer_0/genblk1[4].count_reg[4][29]/CE
  -------------------------------------------------------------------    -------------------

                         (clock sys_clk_pin rise edge)
                                                     10.000    10.000 r  
    E3                                                0.000    10.000 r  CLK100MHZ (IN)
                         net (fo=0)                   0.000    10.000    CLK100MHZ
    E3                   IBUF (Prop_ibuf_I_O)         1.411    11.411 r  CLK100MHZ_IBUF_inst/O
                         net (fo=1, routed)           1.920    13.331    CLK100MHZ_IBUF
    BUFGCTRL_X0Y16       BUFG (Prop_bufg_I_O)         0.091    13.422 r  CLK100MHZ_IBUF_BUFG_inst/O
                         net (fo=101, routed)         1.489    14.911    debouncer_0/CLK100MHZ_IBUF_BUFG
    SLICE_X55Y101        FDRE                                         r  debouncer_0/genblk1[4].count_reg[4][29]/C
                         clock pessimism              0.180    15.091    
                         clock uncertainty           -0.035    15.056    
    SLICE_X55Y101        FDRE (Setup_fdre_C_CE)      -0.205    14.851    debouncer_0/genblk1[4].count_reg[4][29]
  -------------------------------------------------------------------
                         required time                         14.851    
                         arrival time                          -9.951    
  -------------------------------------------------------------------
                         slack                                  4.900    





Min Delay Paths
--------------------------------------------------------------------------------------
Slack (MET) :             0.109ns  (arrival time - required time)
  Source:                 debouncer_0/genblk1[4].count_reg[4][31]/C
                            (rising edge-triggered cell FDRE clocked by sys_clk_pin  {rise@0.000ns fall@5.000ns period=10.000ns})
  Destination:            debouncer_0/genblk1[4].out_reg[4]/D
                            (rising edge-triggered cell FDRE clocked by sys_clk_pin  {rise@0.000ns fall@5.000ns period=10.000ns})
  Path Group:             sys_clk_pin
  Path Type:              Hold (Min at Fast Process Corner)
  Requirement:            0.000ns  (sys_clk_pin rise@0.000ns - sys_clk_pin rise@0.000ns)
  Data Path Delay:        0.504ns  (logic 0.186ns (36.898%)  route 0.318ns (63.102%))
  Logic Levels:           1  (LUT6=1)
  Clock Path Skew:        0.275ns (DCD - SCD - CPR)
    Destination Clock Delay (DCD):    1.999ns
    Source Clock Delay      (SCD):    1.478ns
    Clock Pessimism Removal (CPR):    0.245ns

    Location             Delay type                Incr(ns)  Path(ns)    Netlist Resource(s)
  -------------------------------------------------------------------    -------------------
                         (clock sys_clk_pin rise edge)
                                                      0.000     0.000 r  
    E3                                                0.000     0.000 r  CLK100MHZ (IN)
                         net (fo=0)                   0.000     0.000    CLK100MHZ
    E3                   IBUF (Prop_ibuf_I_O)         0.250     0.250 r  CLK100MHZ_IBUF_inst/O
                         net (fo=1, routed)           0.644     0.894    CLK100MHZ_IBUF
    BUFGCTRL_X0Y16       BUFG (Prop_bufg_I_O)         0.026     0.920 r  CLK100MHZ_IBUF_BUFG_inst/O
                         net (fo=101, routed)         0.559     1.478    debouncer_0/CLK100MHZ_IBUF_BUFG
    SLICE_X55Y101        FDRE                                         r  debouncer_0/genblk1[4].count_reg[4][31]/C
  -------------------------------------------------------------------    -------------------
    SLICE_X55Y101        FDRE (Prop_fdre_C_Q)         0.141     1.619 r  debouncer_0/genblk1[4].count_reg[4][31]/Q
                         net (fo=4, routed)           0.318     1.938    debouncer_0/genblk1[4].count_reg[4]_1[31]
    SLICE_X54Y96         LUT6 (Prop_lut6_I3_O)        0.045     1.983 r  debouncer_0/genblk1[4].out[4]_i_1/O
                         net (fo=1, routed)           0.000     1.983    debouncer_0/genblk1[4].out[4]_i_1_n_0
    SLICE_X54Y96         FDRE                                         r  debouncer_0/genblk1[4].out_reg[4]/D
  -------------------------------------------------------------------    -------------------

                         (clock sys_clk_pin rise edge)
                                                      0.000     0.000 r  
    E3                                                0.000     0.000 r  CLK100MHZ (IN)
                         net (fo=0)                   0.000     0.000    CLK100MHZ
    E3                   IBUF (Prop_ibuf_I_O)         0.438     0.438 r  CLK100MHZ_IBUF_inst/O
                         net (fo=1, routed)           0.699     1.136    CLK100MHZ_IBUF
    BUFGCTRL_X0Y16       BUFG (Prop_bufg_I_O)         0.029     1.165 r  CLK100MHZ_IBUF_BUFG_inst/O
                         net (fo=101, routed)         0.834     1.999    debouncer_0/CLK100MHZ_IBUF_BUFG
    SLICE_X54Y96         FDRE                                         r  debouncer_0/genblk1[4].out_reg[4]/C
                         clock pessimism             -0.245     1.753    
    SLICE_X54Y96         FDRE (Hold_fdre_C_D)         0.120     1.873    debouncer_0/genblk1[4].out_reg[4]
  -------------------------------------------------------------------
                         required time                         -1.873    
                         arrival time                           1.983    
  -------------------------------------------------------------------
                         slack                                  0.109    

Slack (MET) :             0.157ns  (arrival time - required time)
  Source:                 debouncer_0/genblk1[4].count_reg[4][23]/C
                            (rising edge-triggered cell FDRE clocked by sys_clk_pin  {rise@0.000ns fall@5.000ns period=10.000ns})
  Destination:            debouncer_0/genblk1[4].count_reg[4][24]/D
                            (rising edge-triggered cell FDRE clocked by sys_clk_pin  {rise@0.000ns fall@5.000ns period=10.000ns})
  Path Group:             sys_clk_pin
  Path Type:              Hold (Min at Fast Process Corner)
  Requirement:            0.000ns  (sys_clk_pin rise@0.000ns - sys_clk_pin rise@0.000ns)
  Data Path Delay:        0.526ns  (logic 0.355ns (67.499%)  route 0.171ns (32.501%))
  Logic Levels:           3  (CARRY4=2 LUT2=1)
  Clock Path Skew:        0.264ns (DCD - SCD - CPR)
    Destination Clock Delay (DCD):    1.994ns
    Source Clock Delay      (SCD):    1.484ns
    Clock Pessimism Removal (CPR):    0.245ns

    Location             Delay type                Incr(ns)  Path(ns)    Netlist Resource(s)
  -------------------------------------------------------------------    -------------------
                         (clock sys_clk_pin rise edge)
                                                      0.000     0.000 r  
    E3                                                0.000     0.000 r  CLK100MHZ (IN)
                         net (fo=0)                   0.000     0.000    CLK100MHZ
    E3                   IBUF (Prop_ibuf_I_O)         0.250     0.250 r  CLK100MHZ_IBUF_inst/O
                         net (fo=1, routed)           0.644     0.894    CLK100MHZ_IBUF
    BUFGCTRL_X0Y16       BUFG (Prop_bufg_I_O)         0.026     0.920 r  CLK100MHZ_IBUF_BUFG_inst/O
                         net (fo=101, routed)         0.565     1.484    debouncer_0/CLK100MHZ_IBUF_BUFG
    SLICE_X55Y99         FDRE                                         r  debouncer_0/genblk1[4].count_reg[4][23]/C
  -------------------------------------------------------------------    -------------------
    SLICE_X55Y99         FDRE (Prop_fdre_C_Q)         0.141     1.625 r  debouncer_0/genblk1[4].count_reg[4][23]/Q
                         net (fo=3, routed)           0.170     1.796    debouncer_0/genblk1[4].count_reg[4]_1[23]
    SLICE_X55Y99         LUT2 (Prop_lut2_I1_O)        0.045     1.841 r  debouncer_0/genblk1[4].count[4][20]_i_2/O
                         net (fo=1, routed)           0.000     1.841    debouncer_0/genblk1[4].count[4][20]_i_2_n_0
    SLICE_X55Y99         CARRY4 (Prop_carry4_S[3]_CO[3])
                                                      0.115     1.956 r  debouncer_0/genblk1[4].count_reg[4][20]_i_1/CO[3]
                         net (fo=1, routed)           0.001     1.956    debouncer_0/genblk1[4].count_reg[4][20]_i_1_n_0
    SLICE_X55Y100        CARRY4 (Prop_carry4_CI_O[0])
                                                      0.054     2.010 r  debouncer_0/genblk1[4].count_reg[4][24]_i_1/O[0]
                         net (fo=1, routed)           0.000     2.010    debouncer_0/genblk1[4].count_reg[4][24]_i_1_n_7
    SLICE_X55Y100        FDRE                                         r  debouncer_0/genblk1[4].count_reg[4][24]/D
  -------------------------------------------------------------------    -------------------

                         (clock sys_clk_pin rise edge)
                                                      0.000     0.000 r  
    E3                                                0.000     0.000 r  CLK100MHZ (IN)
                         net (fo=0)                   0.000     0.000    CLK100MHZ
    E3                   IBUF (Prop_ibuf_I_O)         0.438     0.438 r  CLK100MHZ_IBUF_inst/O
                         net (fo=1, routed)           0.699     1.136    CLK100MHZ_IBUF
    BUFGCTRL_X0Y16       BUFG (Prop_bufg_I_O)         0.029     1.165 r  CLK100MHZ_IBUF_BUFG_inst/O
                         net (fo=101, routed)         0.828     1.994    debouncer_0/CLK100MHZ_IBUF_BUFG
    SLICE_X55Y100        FDRE                                         r  debouncer_0/genblk1[4].count_reg[4][24]/C
                         clock pessimism             -0.245     1.748    
    SLICE_X55Y100        FDRE (Hold_fdre_C_D)         0.105     1.853    debouncer_0/genblk1[4].count_reg[4][24]
  -------------------------------------------------------------------
                         required time                         -1.853    
                         arrival time                           2.010    
  -------------------------------------------------------------------
                         slack                                  0.157    

Slack (MET) :             0.168ns  (arrival time - required time)
  Source:                 debouncer_0/genblk1[4].count_reg[4][23]/C
                            (rising edge-triggered cell FDRE clocked by sys_clk_pin  {rise@0.000ns fall@5.000ns period=10.000ns})
  Destination:            debouncer_0/genblk1[4].count_reg[4][26]/D
                            (rising edge-triggered cell FDRE clocked by sys_clk_pin  {rise@0.000ns fall@5.000ns period=10.000ns})
  Path Group:             sys_clk_pin
  Path Type:              Hold (Min at Fast Process Corner)
  Requirement:            0.000ns  (sys_clk_pin rise@0.000ns - sys_clk_pin rise@0.000ns)
  Data Path Delay:        0.537ns  (logic 0.366ns (68.165%)  route 0.171ns (31.835%))
  Logic Levels:           3  (CARRY4=2 LUT2=1)
  Clock Path Skew:        0.264ns (DCD - SCD - CPR)
    Destination Clock Delay (DCD):    1.994ns
    Source Clock Delay      (SCD):    1.484ns
    Clock Pessimism Removal (CPR):    0.245ns

    Location             Delay type                Incr(ns)  Path(ns)    Netlist Resource(s)
  -------------------------------------------------------------------    -------------------
                         (clock sys_clk_pin rise edge)
                                                      0.000     0.000 r  
    E3                                                0.000     0.000 r  CLK100MHZ (IN)
                         net (fo=0)                   0.000     0.000    CLK100MHZ
    E3                   IBUF (Prop_ibuf_I_O)         0.250     0.250 r  CLK100MHZ_IBUF_inst/O
                         net (fo=1, routed)           0.644     0.894    CLK100MHZ_IBUF
    BUFGCTRL_X0Y16       BUFG (Prop_bufg_I_O)         0.026     0.920 r  CLK100MHZ_IBUF_BUFG_inst/O
                         net (fo=101, routed)         0.565     1.484    debouncer_0/CLK100MHZ_IBUF_BUFG
    SLICE_X55Y99         FDRE                                         r  debouncer_0/genblk1[4].count_reg[4][23]/C
  -------------------------------------------------------------------    -------------------
    SLICE_X55Y99         FDRE (Prop_fdre_C_Q)         0.141     1.625 r  debouncer_0/genblk1[4].count_reg[4][23]/Q
                         net (fo=3, routed)           0.170     1.796    debouncer_0/genblk1[4].count_reg[4]_1[23]
    SLICE_X55Y99         LUT2 (Prop_lut2_I1_O)        0.045     1.841 r  debouncer_0/genblk1[4].count[4][20]_i_2/O
                         net (fo=1, routed)           0.000     1.841    debouncer_0/genblk1[4].count[4][20]_i_2_n_0
    SLICE_X55Y99         CARRY4 (Prop_carry4_S[3]_CO[3])
                                                      0.115     1.956 r  debouncer_0/genblk1[4].count_reg[4][20]_i_1/CO[3]
                         net (fo=1, routed)           0.001     1.956    debouncer_0/genblk1[4].count_reg[4][20]_i_1_n_0
    SLICE_X55Y100        CARRY4 (Prop_carry4_CI_O[2])
                                                      0.065     2.021 r  debouncer_0/genblk1[4].count_reg[4][24]_i_1/O[2]
                         net (fo=1, routed)           0.000     2.021    debouncer_0/genblk1[4].count_reg[4][24]_i_1_n_5
    SLICE_X55Y100        FDRE                                         r  debouncer_0/genblk1[4].count_reg[4][26]/D
  -------------------------------------------------------------------    -------------------

                         (clock sys_clk_pin rise edge)
                                                      0.000     0.000 r  
    E3                                                0.000     0.000 r  CLK100MHZ (IN)
                         net (fo=0)                   0.000     0.000    CLK100MHZ
    E3                   IBUF (Prop_ibuf_I_O)         0.438     0.438 r  CLK100MHZ_IBUF_inst/O
                         net (fo=1, routed)           0.699     1.136    CLK100MHZ_IBUF
    BUFGCTRL_X0Y16       BUFG (Prop_bufg_I_O)         0.029     1.165 r  CLK100MHZ_IBUF_BUFG_inst/O
                         net (fo=101, routed)         0.828     1.994    debouncer_0/CLK100MHZ_IBUF_BUFG
    SLICE_X55Y100        FDRE                                         r  debouncer_0/genblk1[4].count_reg[4][26]/C
                         clock pessimism             -0.245     1.748    
    SLICE_X55Y100        FDRE (Hold_fdre_C_D)         0.105     1.853    debouncer_0/genblk1[4].count_reg[4][26]
  -------------------------------------------------------------------
                         required time                         -1.853    
                         arrival time                           2.021    
  -------------------------------------------------------------------
                         slack                                  0.168    

Slack (MET) :             0.193ns  (arrival time - required time)
  Source:                 debouncer_0/genblk1[4].count_reg[4][23]/C
                            (rising edge-triggered cell FDRE clocked by sys_clk_pin  {rise@0.000ns fall@5.000ns period=10.000ns})
  Destination:            debouncer_0/genblk1[4].count_reg[4][25]/D
                            (rising edge-triggered cell FDRE clocked by sys_clk_pin  {rise@0.000ns fall@5.000ns period=10.000ns})
  Path Group:             sys_clk_pin
  Path Type:              Hold (Min at Fast Process Corner)
  Requirement:            0.000ns  (sys_clk_pin rise@0.000ns - sys_clk_pin rise@0.000ns)
  Data Path Delay:        0.562ns  (logic 0.391ns (69.581%)  route 0.171ns (30.419%))
  Logic Levels:           3  (CARRY4=2 LUT2=1)
  Clock Path Skew:        0.264ns (DCD - SCD - CPR)
    Destination Clock Delay (DCD):    1.994ns
    Source Clock Delay      (SCD):    1.484ns
    Clock Pessimism Removal (CPR):    0.245ns

    Location             Delay type                Incr(ns)  Path(ns)    Netlist Resource(s)
  -------------------------------------------------------------------    -------------------
                         (clock sys_clk_pin rise edge)
                                                      0.000     0.000 r  
    E3                                                0.000     0.000 r  CLK100MHZ (IN)
                         net (fo=0)                   0.000     0.000    CLK100MHZ
    E3                   IBUF (Prop_ibuf_I_O)         0.250     0.250 r  CLK100MHZ_IBUF_inst/O
                         net (fo=1, routed)           0.644     0.894    CLK100MHZ_IBUF
    BUFGCTRL_X0Y16       BUFG (Prop_bufg_I_O)         0.026     0.920 r  CLK100MHZ_IBUF_BUFG_inst/O
                         net (fo=101, routed)         0.565     1.484    debouncer_0/CLK100MHZ_IBUF_BUFG
    SLICE_X55Y99         FDRE                                         r  debouncer_0/genblk1[4].count_reg[4][23]/C
  -------------------------------------------------------------------    -------------------
    SLICE_X55Y99         FDRE (Prop_fdre_C_Q)         0.141     1.625 r  debouncer_0/genblk1[4].count_reg[4][23]/Q
                         net (fo=3, routed)           0.170     1.796    debouncer_0/genblk1[4].count_reg[4]_1[23]
    SLICE_X55Y99         LUT2 (Prop_lut2_I1_O)        0.045     1.841 r  debouncer_0/genblk1[4].count[4][20]_i_2/O
                         net (fo=1, routed)           0.000     1.841    debouncer_0/genblk1[4].count[4][20]_i_2_n_0
    SLICE_X55Y99         CARRY4 (Prop_carry4_S[3]_CO[3])
                                                      0.115     1.956 r  debouncer_0/genblk1[4].count_reg[4][20]_i_1/CO[3]
                         net (fo=1, routed)           0.001     1.956    debouncer_0/genblk1[4].count_reg[4][20]_i_1_n_0
    SLICE_X55Y100        CARRY4 (Prop_carry4_CI_O[1])
                                                      0.090     2.046 r  debouncer_0/genblk1[4].count_reg[4][24]_i_1/O[1]
                         net (fo=1, routed)           0.000     2.046    debouncer_0/genblk1[4].count_reg[4][24]_i_1_n_6
    SLICE_X55Y100        FDRE                                         r  debouncer_0/genblk1[4].count_reg[4][25]/D
  -------------------------------------------------------------------    -------------------

                         (clock sys_clk_pin rise edge)
                                                      0.000     0.000 r  
    E3                                                0.000     0.000 r  CLK100MHZ (IN)
                         net (fo=0)                   0.000     0.000    CLK100MHZ
    E3                   IBUF (Prop_ibuf_I_O)         0.438     0.438 r  CLK100MHZ_IBUF_inst/O
                         net (fo=1, routed)           0.699     1.136    CLK100MHZ_IBUF
    BUFGCTRL_X0Y16       BUFG (Prop_bufg_I_O)         0.029     1.165 r  CLK100MHZ_IBUF_BUFG_inst/O
                         net (fo=101, routed)         0.828     1.994    debouncer_0/CLK100MHZ_IBUF_BUFG
    SLICE_X55Y100        FDRE                                         r  debouncer_0/genblk1[4].count_reg[4][25]/C
                         clock pessimism             -0.245     1.748    
    SLICE_X55Y100        FDRE (Hold_fdre_C_D)         0.105     1.853    debouncer_0/genblk1[4].count_reg[4][25]
  -------------------------------------------------------------------
                         required time                         -1.853    
                         arrival time                           2.046    
  -------------------------------------------------------------------
                         slack                                  0.193    

Slack (MET) :             0.193ns  (arrival time - required time)
  Source:                 debouncer_0/genblk1[4].count_reg[4][23]/C
                            (rising edge-triggered cell FDRE clocked by sys_clk_pin  {rise@0.000ns fall@5.000ns period=10.000ns})
  Destination:            debouncer_0/genblk1[4].count_reg[4][27]/D
                            (rising edge-triggered cell FDRE clocked by sys_clk_pin  {rise@0.000ns fall@5.000ns period=10.000ns})
  Path Group:             sys_clk_pin
  Path Type:              Hold (Min at Fast Process Corner)
  Requirement:            0.000ns  (sys_clk_pin rise@0.000ns - sys_clk_pin rise@0.000ns)
  Data Path Delay:        0.562ns  (logic 0.391ns (69.581%)  route 0.171ns (30.419%))
  Logic Levels:           3  (CARRY4=2 LUT2=1)
  Clock Path Skew:        0.264ns (DCD - SCD - CPR)
    Destination Clock Delay (DCD):    1.994ns
    Source Clock Delay      (SCD):    1.484ns
    Clock Pessimism Removal (CPR):    0.245ns

    Location             Delay type                Incr(ns)  Path(ns)    Netlist Resource(s)
  -------------------------------------------------------------------    -------------------
                         (clock sys_clk_pin rise edge)
                                                      0.000     0.000 r  
    E3                                                0.000     0.000 r  CLK100MHZ (IN)
                         net (fo=0)                   0.000     0.000    CLK100MHZ
    E3                   IBUF (Prop_ibuf_I_O)         0.250     0.250 r  CLK100MHZ_IBUF_inst/O
                         net (fo=1, routed)           0.644     0.894    CLK100MHZ_IBUF
    BUFGCTRL_X0Y16       BUFG (Prop_bufg_I_O)         0.026     0.920 r  CLK100MHZ_IBUF_BUFG_inst/O
                         net (fo=101, routed)         0.565     1.484    debouncer_0/CLK100MHZ_IBUF_BUFG
    SLICE_X55Y99         FDRE                                         r  debouncer_0/genblk1[4].count_reg[4][23]/C
  -------------------------------------------------------------------    -------------------
    SLICE_X55Y99         FDRE (Prop_fdre_C_Q)         0.141     1.625 r  debouncer_0/genblk1[4].count_reg[4][23]/Q
                         net (fo=3, routed)           0.170     1.796    debouncer_0/genblk1[4].count_reg[4]_1[23]
    SLICE_X55Y99         LUT2 (Prop_lut2_I1_O)        0.045     1.841 r  debouncer_0/genblk1[4].count[4][20]_i_2/O
                         net (fo=1, routed)           0.000     1.841    debouncer_0/genblk1[4].count[4][20]_i_2_n_0
    SLICE_X55Y99         CARRY4 (Prop_carry4_S[3]_CO[3])
                                                      0.115     1.956 r  debouncer_0/genblk1[4].count_reg[4][20]_i_1/CO[3]
                         net (fo=1, routed)           0.001     1.956    debouncer_0/genblk1[4].count_reg[4][20]_i_1_n_0
    SLICE_X55Y100        CARRY4 (Prop_carry4_CI_O[3])
                                                      0.090     2.046 r  debouncer_0/genblk1[4].count_reg[4][24]_i_1/O[3]
                         net (fo=1, routed)           0.000     2.046    debouncer_0/genblk1[4].count_reg[4][24]_i_1_n_4
    SLICE_X55Y100        FDRE                                         r  debouncer_0/genblk1[4].count_reg[4][27]/D
  -------------------------------------------------------------------    -------------------

                         (clock sys_clk_pin rise edge)
                                                      0.000     0.000 r  
    E3                                                0.000     0.000 r  CLK100MHZ (IN)
                         net (fo=0)                   0.000     0.000    CLK100MHZ
    E3                   IBUF (Prop_ibuf_I_O)         0.438     0.438 r  CLK100MHZ_IBUF_inst/O
                         net (fo=1, routed)           0.699     1.136    CLK100MHZ_IBUF
    BUFGCTRL_X0Y16       BUFG (Prop_bufg_I_O)         0.029     1.165 r  CLK100MHZ_IBUF_BUFG_inst/O
                         net (fo=101, routed)         0.828     1.994    debouncer_0/CLK100MHZ_IBUF_BUFG
    SLICE_X55Y100        FDRE                                         r  debouncer_0/genblk1[4].count_reg[4][27]/C
                         clock pessimism             -0.245     1.748    
    SLICE_X55Y100        FDRE (Hold_fdre_C_D)         0.105     1.853    debouncer_0/genblk1[4].count_reg[4][27]
  -------------------------------------------------------------------
                         required time                         -1.853    
                         arrival time                           2.046    
  -------------------------------------------------------------------
                         slack                                  0.193    

Slack (MET) :             0.196ns  (arrival time - required time)
  Source:                 debouncer_0/genblk1[4].count_reg[4][23]/C
                            (rising edge-triggered cell FDRE clocked by sys_clk_pin  {rise@0.000ns fall@5.000ns period=10.000ns})
  Destination:            debouncer_0/genblk1[4].count_reg[4][28]/D
                            (rising edge-triggered cell FDRE clocked by sys_clk_pin  {rise@0.000ns fall@5.000ns period=10.000ns})
  Path Group:             sys_clk_pin
  Path Type:              Hold (Min at Fast Process Corner)
  Requirement:            0.000ns  (sys_clk_pin rise@0.000ns - sys_clk_pin rise@0.000ns)
  Data Path Delay:        0.565ns  (logic 0.394ns (69.743%)  route 0.171ns (30.257%))
  Logic Levels:           4  (CARRY4=3 LUT2=1)
  Clock Path Skew:        0.264ns (DCD - SCD - CPR)
    Destination Clock Delay (DCD):    1.994ns
    Source Clock Delay      (SCD):    1.484ns
    Clock Pessimism Removal (CPR):    0.245ns

    Location             Delay type                Incr(ns)  Path(ns)    Netlist Resource(s)
  -------------------------------------------------------------------    -------------------
                         (clock sys_clk_pin rise edge)
                                                      0.000     0.000 r  
    E3                                                0.000     0.000 r  CLK100MHZ (IN)
                         net (fo=0)                   0.000     0.000    CLK100MHZ
    E3                   IBUF (Prop_ibuf_I_O)         0.250     0.250 r  CLK100MHZ_IBUF_inst/O
                         net (fo=1, routed)           0.644     0.894    CLK100MHZ_IBUF
    BUFGCTRL_X0Y16       BUFG (Prop_bufg_I_O)         0.026     0.920 r  CLK100MHZ_IBUF_BUFG_inst/O
                         net (fo=101, routed)         0.565     1.484    debouncer_0/CLK100MHZ_IBUF_BUFG
    SLICE_X55Y99         FDRE                                         r  debouncer_0/genblk1[4].count_reg[4][23]/C
  -------------------------------------------------------------------    -------------------
    SLICE_X55Y99         FDRE (Prop_fdre_C_Q)         0.141     1.625 r  debouncer_0/genblk1[4].count_reg[4][23]/Q
                         net (fo=3, routed)           0.170     1.796    debouncer_0/genblk1[4].count_reg[4]_1[23]
    SLICE_X55Y99         LUT2 (Prop_lut2_I1_O)        0.045     1.841 r  debouncer_0/genblk1[4].count[4][20]_i_2/O
                         net (fo=1, routed)           0.000     1.841    debouncer_0/genblk1[4].count[4][20]_i_2_n_0
    SLICE_X55Y99         CARRY4 (Prop_carry4_S[3]_CO[3])
                                                      0.115     1.956 r  debouncer_0/genblk1[4].count_reg[4][20]_i_1/CO[3]
                         net (fo=1, routed)           0.001     1.956    debouncer_0/genblk1[4].count_reg[4][20]_i_1_n_0
    SLICE_X55Y100        CARRY4 (Prop_carry4_CI_CO[3])
                                                      0.039     1.995 r  debouncer_0/genblk1[4].count_reg[4][24]_i_1/CO[3]
                         net (fo=1, routed)           0.000     1.995    debouncer_0/genblk1[4].count_reg[4][24]_i_1_n_0
    SLICE_X55Y101        CARRY4 (Prop_carry4_CI_O[0])
                                                      0.054     2.049 r  debouncer_0/genblk1[4].count_reg[4][28]_i_1/O[0]
                         net (fo=1, routed)           0.000     2.049    debouncer_0/genblk1[4].count_reg[4][28]_i_1_n_7
    SLICE_X55Y101        FDRE                                         r  debouncer_0/genblk1[4].count_reg[4][28]/D
  -------------------------------------------------------------------    -------------------

                         (clock sys_clk_pin rise edge)
                                                      0.000     0.000 r  
    E3                                                0.000     0.000 r  CLK100MHZ (IN)
                         net (fo=0)                   0.000     0.000    CLK100MHZ
    E3                   IBUF (Prop_ibuf_I_O)         0.438     0.438 r  CLK100MHZ_IBUF_inst/O
                         net (fo=1, routed)           0.699     1.136    CLK100MHZ_IBUF
    BUFGCTRL_X0Y16       BUFG (Prop_bufg_I_O)         0.029     1.165 r  CLK100MHZ_IBUF_BUFG_inst/O
                         net (fo=101, routed)         0.828     1.994    debouncer_0/CLK100MHZ_IBUF_BUFG
    SLICE_X55Y101        FDRE                                         r  debouncer_0/genblk1[4].count_reg[4][28]/C
                         clock pessimism             -0.245     1.748    
    SLICE_X55Y101        FDRE (Hold_fdre_C_D)         0.105     1.853    debouncer_0/genblk1[4].count_reg[4][28]
  -------------------------------------------------------------------
                         required time                         -1.853    
                         arrival time                           2.049    
  -------------------------------------------------------------------
                         slack                                  0.196    

Slack (MET) :             0.207ns  (arrival time - required time)
  Source:                 debouncer_0/genblk1[4].count_reg[4][23]/C
                            (rising edge-triggered cell FDRE clocked by sys_clk_pin  {rise@0.000ns fall@5.000ns period=10.000ns})
  Destination:            debouncer_0/genblk1[4].count_reg[4][30]/D
                            (rising edge-triggered cell FDRE clocked by sys_clk_pin  {rise@0.000ns fall@5.000ns period=10.000ns})
  Path Group:             sys_clk_pin
  Path Type:              Hold (Min at Fast Process Corner)
  Requirement:            0.000ns  (sys_clk_pin rise@0.000ns - sys_clk_pin rise@0.000ns)
  Data Path Delay:        0.576ns  (logic 0.405ns (70.321%)  route 0.171ns (29.679%))
  Logic Levels:           4  (CARRY4=3 LUT2=1)
  Clock Path Skew:        0.264ns (DCD - SCD - CPR)
    Destination Clock Delay (DCD):    1.994ns
    Source Clock Delay      (SCD):    1.484ns
    Clock Pessimism Removal (CPR):    0.245ns

    Location             Delay type                Incr(ns)  Path(ns)    Netlist Resource(s)
  -------------------------------------------------------------------    -------------------
                         (clock sys_clk_pin rise edge)
                                                      0.000     0.000 r  
    E3                                                0.000     0.000 r  CLK100MHZ (IN)
                         net (fo=0)                   0.000     0.000    CLK100MHZ
    E3                   IBUF (Prop_ibuf_I_O)         0.250     0.250 r  CLK100MHZ_IBUF_inst/O
                         net (fo=1, routed)           0.644     0.894    CLK100MHZ_IBUF
    BUFGCTRL_X0Y16       BUFG (Prop_bufg_I_O)         0.026     0.920 r  CLK100MHZ_IBUF_BUFG_inst/O
                         net (fo=101, routed)         0.565     1.484    debouncer_0/CLK100MHZ_IBUF_BUFG
    SLICE_X55Y99         FDRE                                         r  debouncer_0/genblk1[4].count_reg[4][23]/C
  -------------------------------------------------------------------    -------------------
    SLICE_X55Y99         FDRE (Prop_fdre_C_Q)         0.141     1.625 r  debouncer_0/genblk1[4].count_reg[4][23]/Q
                         net (fo=3, routed)           0.170     1.796    debouncer_0/genblk1[4].count_reg[4]_1[23]
    SLICE_X55Y99         LUT2 (Prop_lut2_I1_O)        0.045     1.841 r  debouncer_0/genblk1[4].count[4][20]_i_2/O
                         net (fo=1, routed)           0.000     1.841    debouncer_0/genblk1[4].count[4][20]_i_2_n_0
    SLICE_X55Y99         CARRY4 (Prop_carry4_S[3]_CO[3])
                                                      0.115     1.956 r  debouncer_0/genblk1[4].count_reg[4][20]_i_1/CO[3]
                         net (fo=1, routed)           0.001     1.956    debouncer_0/genblk1[4].count_reg[4][20]_i_1_n_0
    SLICE_X55Y100        CARRY4 (Prop_carry4_CI_CO[3])
                                                      0.039     1.995 r  debouncer_0/genblk1[4].count_reg[4][24]_i_1/CO[3]
                         net (fo=1, routed)           0.000     1.995    debouncer_0/genblk1[4].count_reg[4][24]_i_1_n_0
    SLICE_X55Y101        CARRY4 (Prop_carry4_CI_O[2])
                                                      0.065     2.060 r  debouncer_0/genblk1[4].count_reg[4][28]_i_1/O[2]
                         net (fo=1, routed)           0.000     2.060    debouncer_0/genblk1[4].count_reg[4][28]_i_1_n_5
    SLICE_X55Y101        FDRE                                         r  debouncer_0/genblk1[4].count_reg[4][30]/D
  -------------------------------------------------------------------    -------------------

                         (clock sys_clk_pin rise edge)
                                                      0.000     0.000 r  
    E3                                                0.000     0.000 r  CLK100MHZ (IN)
                         net (fo=0)                   0.000     0.000    CLK100MHZ
    E3                   IBUF (Prop_ibuf_I_O)         0.438     0.438 r  CLK100MHZ_IBUF_inst/O
                         net (fo=1, routed)           0.699     1.136    CLK100MHZ_IBUF
    BUFGCTRL_X0Y16       BUFG (Prop_bufg_I_O)         0.029     1.165 r  CLK100MHZ_IBUF_BUFG_inst/O
                         net (fo=101, routed)         0.828     1.994    debouncer_0/CLK100MHZ_IBUF_BUFG
    SLICE_X55Y101        FDRE                                         r  debouncer_0/genblk1[4].count_reg[4][30]/C
                         clock pessimism             -0.245     1.748    
    SLICE_X55Y101        FDRE (Hold_fdre_C_D)         0.105     1.853    debouncer_0/genblk1[4].count_reg[4][30]
  -------------------------------------------------------------------
                         required time                         -1.853    
                         arrival time                           2.060    
  -------------------------------------------------------------------
                         slack                                  0.207    

Slack (MET) :             0.232ns  (arrival time - required time)
  Source:                 debouncer_0/genblk1[4].count_reg[4][23]/C
                            (rising edge-triggered cell FDRE clocked by sys_clk_pin  {rise@0.000ns fall@5.000ns period=10.000ns})
  Destination:            debouncer_0/genblk1[4].count_reg[4][29]/D
                            (rising edge-triggered cell FDRE clocked by sys_clk_pin  {rise@0.000ns fall@5.000ns period=10.000ns})
  Path Group:             sys_clk_pin
  Path Type:              Hold (Min at Fast Process Corner)
  Requirement:            0.000ns  (sys_clk_pin rise@0.000ns - sys_clk_pin rise@0.000ns)
  Data Path Delay:        0.601ns  (logic 0.430ns (71.556%)  route 0.171ns (28.444%))
  Logic Levels:           4  (CARRY4=3 LUT2=1)
  Clock Path Skew:        0.264ns (DCD - SCD - CPR)
    Destination Clock Delay (DCD):    1.994ns
    Source Clock Delay      (SCD):    1.484ns
    Clock Pessimism Removal (CPR):    0.245ns

    Location             Delay type                Incr(ns)  Path(ns)    Netlist Resource(s)
  -------------------------------------------------------------------    -------------------
                         (clock sys_clk_pin rise edge)
                                                      0.000     0.000 r  
    E3                                                0.000     0.000 r  CLK100MHZ (IN)
                         net (fo=0)                   0.000     0.000    CLK100MHZ
    E3                   IBUF (Prop_ibuf_I_O)         0.250     0.250 r  CLK100MHZ_IBUF_inst/O
                         net (fo=1, routed)           0.644     0.894    CLK100MHZ_IBUF
    BUFGCTRL_X0Y16       BUFG (Prop_bufg_I_O)         0.026     0.920 r  CLK100MHZ_IBUF_BUFG_inst/O
                         net (fo=101, routed)         0.565     1.484    debouncer_0/CLK100MHZ_IBUF_BUFG
    SLICE_X55Y99         FDRE                                         r  debouncer_0/genblk1[4].count_reg[4][23]/C
  -------------------------------------------------------------------    -------------------
    SLICE_X55Y99         FDRE (Prop_fdre_C_Q)         0.141     1.625 r  debouncer_0/genblk1[4].count_reg[4][23]/Q
                         net (fo=3, routed)           0.170     1.796    debouncer_0/genblk1[4].count_reg[4]_1[23]
    SLICE_X55Y99         LUT2 (Prop_lut2_I1_O)        0.045     1.841 r  debouncer_0/genblk1[4].count[4][20]_i_2/O
                         net (fo=1, routed)           0.000     1.841    debouncer_0/genblk1[4].count[4][20]_i_2_n_0
    SLICE_X55Y99         CARRY4 (Prop_carry4_S[3]_CO[3])
                                                      0.115     1.956 r  debouncer_0/genblk1[4].count_reg[4][20]_i_1/CO[3]
                         net (fo=1, routed)           0.001     1.956    debouncer_0/genblk1[4].count_reg[4][20]_i_1_n_0
    SLICE_X55Y100        CARRY4 (Prop_carry4_CI_CO[3])
                                                      0.039     1.995 r  debouncer_0/genblk1[4].count_reg[4][24]_i_1/CO[3]
                         net (fo=1, routed)           0.000     1.995    debouncer_0/genblk1[4].count_reg[4][24]_i_1_n_0
    SLICE_X55Y101        CARRY4 (Prop_carry4_CI_O[1])
                                                      0.090     2.085 r  debouncer_0/genblk1[4].count_reg[4][28]_i_1/O[1]
                         net (fo=1, routed)           0.000     2.085    debouncer_0/genblk1[4].count_reg[4][28]_i_1_n_6
    SLICE_X55Y101        FDRE                                         r  debouncer_0/genblk1[4].count_reg[4][29]/D
  -------------------------------------------------------------------    -------------------

                         (clock sys_clk_pin rise edge)
                                                      0.000     0.000 r  
    E3                                                0.000     0.000 r  CLK100MHZ (IN)
                         net (fo=0)                   0.000     0.000    CLK100MHZ
    E3                   IBUF (Prop_ibuf_I_O)         0.438     0.438 r  CLK100MHZ_IBUF_inst/O
                         net (fo=1, routed)           0.699     1.136    CLK100MHZ_IBUF
    BUFGCTRL_X0Y16       BUFG (Prop_bufg_I_O)         0.029     1.165 r  CLK100MHZ_IBUF_BUFG_inst/O
                         net (fo=101, routed)         0.828     1.994    debouncer_0/CLK100MHZ_IBUF_BUFG
    SLICE_X55Y101        FDRE                                         r  debouncer_0/genblk1[4].count_reg[4][29]/C
                         clock pessimism             -0.245     1.748    
    SLICE_X55Y101        FDRE (Hold_fdre_C_D)         0.105     1.853    debouncer_0/genblk1[4].count_reg[4][29]
  -------------------------------------------------------------------
                         required time                         -1.853    
                         arrival time                           2.085    
  -------------------------------------------------------------------
                         slack                                  0.232    

Slack (MET) :             0.232ns  (arrival time - required time)
  Source:                 debouncer_0/genblk1[4].count_reg[4][23]/C
                            (rising edge-triggered cell FDRE clocked by sys_clk_pin  {rise@0.000ns fall@5.000ns period=10.000ns})
  Destination:            debouncer_0/genblk1[4].count_reg[4][31]/D
                            (rising edge-triggered cell FDRE clocked by sys_clk_pin  {rise@0.000ns fall@5.000ns period=10.000ns})
  Path Group:             sys_clk_pin
  Path Type:              Hold (Min at Fast Process Corner)
  Requirement:            0.000ns  (sys_clk_pin rise@0.000ns - sys_clk_pin rise@0.000ns)
  Data Path Delay:        0.601ns  (logic 0.430ns (71.556%)  route 0.171ns (28.444%))
  Logic Levels:           4  (CARRY4=3 LUT2=1)
  Clock Path Skew:        0.264ns (DCD - SCD - CPR)
    Destination Clock Delay (DCD):    1.994ns
    Source Clock Delay      (SCD):    1.484ns
    Clock Pessimism Removal (CPR):    0.245ns

    Location             Delay type                Incr(ns)  Path(ns)    Netlist Resource(s)
  -------------------------------------------------------------------    -------------------
                         (clock sys_clk_pin rise edge)
                                                      0.000     0.000 r  
    E3                                                0.000     0.000 r  CLK100MHZ (IN)
                         net (fo=0)                   0.000     0.000    CLK100MHZ
    E3                   IBUF (Prop_ibuf_I_O)         0.250     0.250 r  CLK100MHZ_IBUF_inst/O
                         net (fo=1, routed)           0.644     0.894    CLK100MHZ_IBUF
    BUFGCTRL_X0Y16       BUFG (Prop_bufg_I_O)         0.026     0.920 r  CLK100MHZ_IBUF_BUFG_inst/O
                         net (fo=101, routed)         0.565     1.484    debouncer_0/CLK100MHZ_IBUF_BUFG
    SLICE_X55Y99         FDRE                                         r  debouncer_0/genblk1[4].count_reg[4][23]/C
  -------------------------------------------------------------------    -------------------
    SLICE_X55Y99         FDRE (Prop_fdre_C_Q)         0.141     1.625 r  debouncer_0/genblk1[4].count_reg[4][23]/Q
                         net (fo=3, routed)           0.170     1.796    debouncer_0/genblk1[4].count_reg[4]_1[23]
    SLICE_X55Y99         LUT2 (Prop_lut2_I1_O)        0.045     1.841 r  debouncer_0/genblk1[4].count[4][20]_i_2/O
                         net (fo=1, routed)           0.000     1.841    debouncer_0/genblk1[4].count[4][20]_i_2_n_0
    SLICE_X55Y99         CARRY4 (Prop_carry4_S[3]_CO[3])
                                                      0.115     1.956 r  debouncer_0/genblk1[4].count_reg[4][20]_i_1/CO[3]
                         net (fo=1, routed)           0.001     1.956    debouncer_0/genblk1[4].count_reg[4][20]_i_1_n_0
    SLICE_X55Y100        CARRY4 (Prop_carry4_CI_CO[3])
                                                      0.039     1.995 r  debouncer_0/genblk1[4].count_reg[4][24]_i_1/CO[3]
                         net (fo=1, routed)           0.000     1.995    debouncer_0/genblk1[4].count_reg[4][24]_i_1_n_0
    SLICE_X55Y101        CARRY4 (Prop_carry4_CI_O[3])
                                                      0.090     2.085 r  debouncer_0/genblk1[4].count_reg[4][28]_i_1/O[3]
                         net (fo=1, routed)           0.000     2.085    debouncer_0/genblk1[4].count_reg[4][28]_i_1_n_4
    SLICE_X55Y101        FDRE                                         r  debouncer_0/genblk1[4].count_reg[4][31]/D
  -------------------------------------------------------------------    -------------------

                         (clock sys_clk_pin rise edge)
                                                      0.000     0.000 r  
    E3                                                0.000     0.000 r  CLK100MHZ (IN)
                         net (fo=0)                   0.000     0.000    CLK100MHZ
    E3                   IBUF (Prop_ibuf_I_O)         0.438     0.438 r  CLK100MHZ_IBUF_inst/O
                         net (fo=1, routed)           0.699     1.136    CLK100MHZ_IBUF
    BUFGCTRL_X0Y16       BUFG (Prop_bufg_I_O)         0.029     1.165 r  CLK100MHZ_IBUF_BUFG_inst/O
                         net (fo=101, routed)         0.828     1.994    debouncer_0/CLK100MHZ_IBUF_BUFG
    SLICE_X55Y101        FDRE                                         r  debouncer_0/genblk1[4].count_reg[4][31]/C
                         clock pessimism             -0.245     1.748    
    SLICE_X55Y101        FDRE (Hold_fdre_C_D)         0.105     1.853    debouncer_0/genblk1[4].count_reg[4][31]
  -------------------------------------------------------------------
                         required time                         -1.853    
                         arrival time                           2.085    
  -------------------------------------------------------------------
                         slack                                  0.232    

Slack (MET) :             0.245ns  (arrival time - required time)
  Source:                 mssd_0/count_reg[0]/C
                            (rising edge-triggered cell FDRE clocked by sys_clk_pin  {rise@0.000ns fall@5.000ns period=10.000ns})
  Destination:            mssd_0/count_reg[0]/D
                            (rising edge-triggered cell FDRE clocked by sys_clk_pin  {rise@0.000ns fall@5.000ns period=10.000ns})
  Path Group:             sys_clk_pin
  Path Type:              Hold (Min at Fast Process Corner)
  Requirement:            0.000ns  (sys_clk_pin rise@0.000ns - sys_clk_pin rise@0.000ns)
  Data Path Delay:        0.350ns  (logic 0.183ns (52.285%)  route 0.167ns (47.715%))
  Logic Levels:           1  (LUT1=1)
  Clock Path Skew:        0.000ns (DCD - SCD - CPR)
    Destination Clock Delay (DCD):    2.068ns
    Source Clock Delay      (SCD):    1.551ns
    Clock Pessimism Removal (CPR):    0.517ns

    Location             Delay type                Incr(ns)  Path(ns)    Netlist Resource(s)
  -------------------------------------------------------------------    -------------------
                         (clock sys_clk_pin rise edge)
                                                      0.000     0.000 r  
    E3                                                0.000     0.000 r  CLK100MHZ (IN)
                         net (fo=0)                   0.000     0.000    CLK100MHZ
    E3                   IBUF (Prop_ibuf_I_O)         0.250     0.250 r  CLK100MHZ_IBUF_inst/O
                         net (fo=1, routed)           0.644     0.894    CLK100MHZ_IBUF
    BUFGCTRL_X0Y16       BUFG (Prop_bufg_I_O)         0.026     0.920 r  CLK100MHZ_IBUF_BUFG_inst/O
                         net (fo=101, routed)         0.631     1.551    mssd_0/CLK100MHZ_IBUF_BUFG
    SLICE_X11Y27         FDRE                                         r  mssd_0/count_reg[0]/C
  -------------------------------------------------------------------    -------------------
    SLICE_X11Y27         FDRE (Prop_fdre_C_Q)         0.141     1.692 f  mssd_0/count_reg[0]/Q
                         net (fo=3, routed)           0.167     1.859    mssd_0/count[0]
    SLICE_X11Y27         LUT1 (Prop_lut1_I0_O)        0.042     1.901 r  mssd_0/count[0]_i_1/O
                         net (fo=1, routed)           0.000     1.901    mssd_0/p_1_in[0]
    SLICE_X11Y27         FDRE                                         r  mssd_0/count_reg[0]/D
  -------------------------------------------------------------------    -------------------

                         (clock sys_clk_pin rise edge)
                                                      0.000     0.000 r  
    E3                                                0.000     0.000 r  CLK100MHZ (IN)
                         net (fo=0)                   0.000     0.000    CLK100MHZ
    E3                   IBUF (Prop_ibuf_I_O)         0.438     0.438 r  CLK100MHZ_IBUF_inst/O
                         net (fo=1, routed)           0.699     1.136    CLK100MHZ_IBUF
    BUFGCTRL_X0Y16       BUFG (Prop_bufg_I_O)         0.029     1.165 r  CLK100MHZ_IBUF_BUFG_inst/O
                         net (fo=101, routed)         0.903     2.068    mssd_0/CLK100MHZ_IBUF_BUFG
    SLICE_X11Y27         FDRE                                         r  mssd_0/count_reg[0]/C
                         clock pessimism             -0.517     1.551    
    SLICE_X11Y27         FDRE (Hold_fdre_C_D)         0.105     1.656    mssd_0/count_reg[0]
  -------------------------------------------------------------------
                         required time                         -1.656    
                         arrival time                           1.901    
  -------------------------------------------------------------------
                         slack                                  0.245    





Pulse Width Checks
--------------------------------------------------------------------------------------
Clock Name:         sys_clk_pin
Waveform(ns):       { 0.000 5.000 }
Period(ns):         10.000
Sources:            { CLK100MHZ }

Check Type        Corner  Lib Pin  Reference Pin  Required(ns)  Actual(ns)  Slack(ns)  Location        Pin
Min Period        n/a     BUFG/I   n/a            2.155         10.000      7.845      BUFGCTRL_X0Y16  CLK100MHZ_IBUF_BUFG_inst/I
Min Period        n/a     FDRE/C   n/a            1.000         10.000      9.000      SLICE_X13Y85    debouncer_0/genblk1[0].count_reg[0][0]/C
Min Period        n/a     FDRE/C   n/a            1.000         10.000      9.000      SLICE_X13Y87    debouncer_0/genblk1[0].count_reg[0][10]/C
Min Period        n/a     FDRE/C   n/a            1.000         10.000      9.000      SLICE_X13Y87    debouncer_0/genblk1[0].count_reg[0][11]/C
Min Period        n/a     FDRE/C   n/a            1.000         10.000      9.000      SLICE_X13Y88    debouncer_0/genblk1[0].count_reg[0][12]/C
Min Period        n/a     FDRE/C   n/a            1.000         10.000      9.000      SLICE_X13Y88    debouncer_0/genblk1[0].count_reg[0][13]/C
Min Period        n/a     FDRE/C   n/a            1.000         10.000      9.000      SLICE_X13Y88    debouncer_0/genblk1[0].count_reg[0][14]/C
Min Period        n/a     FDRE/C   n/a            1.000         10.000      9.000      SLICE_X13Y88    debouncer_0/genblk1[0].count_reg[0][15]/C
Min Period        n/a     FDRE/C   n/a            1.000         10.000      9.000      SLICE_X13Y89    debouncer_0/genblk1[0].count_reg[0][16]/C
Min Period        n/a     FDRE/C   n/a            1.000         10.000      9.000      SLICE_X13Y89    debouncer_0/genblk1[0].count_reg[0][17]/C
Low Pulse Width   Slow    FDRE/C   n/a            0.500         5.000       4.500      SLICE_X13Y85    debouncer_0/genblk1[0].count_reg[0][0]/C
Low Pulse Width   Fast    FDRE/C   n/a            0.500         5.000       4.500      SLICE_X13Y85    debouncer_0/genblk1[0].count_reg[0][0]/C
Low Pulse Width   Slow    FDRE/C   n/a            0.500         5.000       4.500      SLICE_X13Y87    debouncer_0/genblk1[0].count_reg[0][10]/C
Low Pulse Width   Fast    FDRE/C   n/a            0.500         5.000       4.500      SLICE_X13Y87    debouncer_0/genblk1[0].count_reg[0][10]/C
Low Pulse Width   Slow    FDRE/C   n/a            0.500         5.000       4.500      SLICE_X13Y87    debouncer_0/genblk1[0].count_reg[0][11]/C
Low Pulse Width   Fast    FDRE/C   n/a            0.500         5.000       4.500      SLICE_X13Y87    debouncer_0/genblk1[0].count_reg[0][11]/C
Low Pulse Width   Slow    FDRE/C   n/a            0.500         5.000       4.500      SLICE_X13Y88    debouncer_0/genblk1[0].count_reg[0][12]/C
Low Pulse Width   Fast    FDRE/C   n/a            0.500         5.000       4.500      SLICE_X13Y88    debouncer_0/genblk1[0].count_reg[0][12]/C
Low Pulse Width   Slow    FDRE/C   n/a            0.500         5.000       4.500      SLICE_X13Y88    debouncer_0/genblk1[0].count_reg[0][13]/C
Low Pulse Width   Fast    FDRE/C   n/a            0.500         5.000       4.500      SLICE_X13Y88    debouncer_0/genblk1[0].count_reg[0][13]/C
High Pulse Width  Slow    FDRE/C   n/a            0.500         5.000       4.500      SLICE_X13Y85    debouncer_0/genblk1[0].count_reg[0][0]/C
High Pulse Width  Fast    FDRE/C   n/a            0.500         5.000       4.500      SLICE_X13Y85    debouncer_0/genblk1[0].count_reg[0][0]/C
High Pulse Width  Slow    FDRE/C   n/a            0.500         5.000       4.500      SLICE_X13Y87    debouncer_0/genblk1[0].count_reg[0][10]/C
High Pulse Width  Fast    FDRE/C   n/a            0.500         5.000       4.500      SLICE_X13Y87    debouncer_0/genblk1[0].count_reg[0][10]/C
High Pulse Width  Slow    FDRE/C   n/a            0.500         5.000       4.500      SLICE_X13Y87    debouncer_0/genblk1[0].count_reg[0][11]/C
High Pulse Width  Fast    FDRE/C   n/a            0.500         5.000       4.500      SLICE_X13Y87    debouncer_0/genblk1[0].count_reg[0][11]/C
High Pulse Width  Slow    FDRE/C   n/a            0.500         5.000       4.500      SLICE_X13Y88    debouncer_0/genblk1[0].count_reg[0][12]/C
High Pulse Width  Fast    FDRE/C   n/a            0.500         5.000       4.500      SLICE_X13Y88    debouncer_0/genblk1[0].count_reg[0][12]/C
High Pulse Width  Slow    FDRE/C   n/a            0.500         5.000       4.500      SLICE_X13Y88    debouncer_0/genblk1[0].count_reg[0][13]/C
High Pulse Width  Fast    FDRE/C   n/a            0.500         5.000       4.500      SLICE_X13Y88    debouncer_0/genblk1[0].count_reg[0][13]/C



--------------------------------------------------------------------------------------
Path Group:  (none)
From Clock:  
  To Clock:  

Max Delay          5784 Endpoints
Min Delay          5784 Endpoints
--------------------------------------------------------------------------------------


Max Delay Paths
--------------------------------------------------------------------------------------
Slack:                    inf
  Source:                 my_computer/my_controller/RegWriteRegM/OUT_reg[0]/C
                            (rising edge-triggered cell FDRE)
  Destination:            my_computer/my_datapath/ALUM/OUT_reg[0]_rep__5/D
  Path Group:             (none)
  Path Type:              Max at Slow Process Corner
  Data Path Delay:        33.538ns  (logic 7.235ns (21.572%)  route 26.303ns (78.428%))
  Logic Levels:           32  (CARRY4=17 FDRE=1 LUT2=2 LUT3=2 LUT4=1 LUT5=4 LUT6=5)

    Location             Delay type                Incr(ns)  Path(ns)    Netlist Resource(s)
  -------------------------------------------------------------------    -------------------
    SLICE_X36Y76         FDRE                         0.000     0.000 r  my_computer/my_controller/RegWriteRegM/OUT_reg[0]/C
    SLICE_X36Y76         FDRE (Prop_fdre_C_Q)         0.456     0.456 r  my_computer/my_controller/RegWriteRegM/OUT_reg[0]/Q
                         net (fo=3, routed)           1.443     1.899    my_computer/my_datapath/RA2EReg/RegWriteM
    SLICE_X34Y86         LUT3 (Prop_lut3_I2_O)        0.150     2.049 r  my_computer/my_datapath/RA2EReg/OUT[31]_i_6__3/O
                         net (fo=35, routed)          0.630     2.679    my_computer/my_datapath/ForwardMuxB/OUT_reg[0]_rep__0_0
    SLICE_X36Y86         LUT2 (Prop_lut2_I1_O)        0.328     3.007 r  my_computer/my_datapath/ForwardMuxB/OUT[31]_i_4/O
                         net (fo=64, routed)          3.795     6.803    my_computer/my_datapath/ForwardMuxB/OUT_reg[0]
    SLICE_X44Y73         LUT6 (Prop_lut6_I4_O)        0.124     6.927 r  my_computer/my_datapath/ForwardMuxB/OUT[3]_i_1/O
                         net (fo=9, routed)           1.582     8.508    my_computer/my_controller/shamtRegE/DecidedR2[3]
    SLICE_X48Y87         LUT6 (Prop_lut6_I1_O)        0.124     8.632 r  my_computer/my_controller/shamtRegE/OUT[26]_i_21/O
                         net (fo=4, routed)           1.175     9.808    my_computer/my_controller/shamtRegE/OUT[26]_i_21_n_0
    SLICE_X51Y91         LUT4 (Prop_lut4_I2_O)        0.150     9.958 r  my_computer/my_controller/shamtRegE/OUT[8]_i_13/O
                         net (fo=2, routed)           0.810    10.767    my_computer/my_controller/shamtRegE/OUT[8]_i_13_n_0
    SLICE_X51Y92         LUT6 (Prop_lut6_I3_O)        0.326    11.093 r  my_computer/my_controller/shamtRegE/OUT[8]_i_8/O
                         net (fo=4, routed)           1.660    12.753    my_computer/my_controller/shcontrolRegE/OUT_reg[11]_i_10_0
    SLICE_X53Y78         LUT3 (Prop_lut3_I2_O)        0.152    12.905 r  my_computer/my_controller/shcontrolRegE/OUT[8]_i_5__1/O
                         net (fo=8, routed)           1.336    14.241    my_computer/my_controller/shcontrolRegE/OUT_reg[0]_4
    SLICE_X54Y81         LUT2 (Prop_lut2_I0_O)        0.332    14.573 r  my_computer/my_controller/shcontrolRegE/OUT[11]_i_37/O
                         net (fo=1, routed)           0.000    14.573    my_computer/my_datapath/WA3WReg/OUT[8]_i_3__0[0]
    SLICE_X54Y81         CARRY4 (Prop_carry4_S[0]_CO[3])
                                                      0.513    15.086 r  my_computer/my_datapath/WA3WReg/OUT_reg[11]_i_11/CO[3]
                         net (fo=1, routed)           0.000    15.086    my_computer/my_datapath/WA3WReg/OUT_reg[11]_i_11_n_0
    SLICE_X54Y82         CARRY4 (Prop_carry4_CI_CO[3])
                                                      0.117    15.203 r  my_computer/my_datapath/WA3WReg/OUT_reg[15]_i_11/CO[3]
                         net (fo=1, routed)           0.000    15.203    my_computer/my_datapath/WA3WReg/OUT_reg[15]_i_11_n_0
    SLICE_X54Y83         CARRY4 (Prop_carry4_CI_CO[3])
                                                      0.117    15.320 r  my_computer/my_datapath/WA3WReg/OUT_reg[19]_i_11/CO[3]
                         net (fo=1, routed)           0.000    15.320    my_computer/my_datapath/WA3WReg/OUT_reg[19]_i_11_n_0
    SLICE_X54Y84         CARRY4 (Prop_carry4_CI_CO[3])
                                                      0.117    15.437 r  my_computer/my_datapath/WA3WReg/OUT_reg[23]_i_11/CO[3]
                         net (fo=1, routed)           0.000    15.437    my_computer/my_datapath/WA3WReg/OUT_reg[23]_i_11_n_0
    SLICE_X54Y85         CARRY4 (Prop_carry4_CI_CO[3])
                                                      0.117    15.554 r  my_computer/my_datapath/WA3WReg/OUT_reg[27]_i_11/CO[3]
                         net (fo=1, routed)           0.000    15.554    my_computer/my_datapath/WA3WReg/OUT_reg[27]_i_11_n_0
    SLICE_X54Y86         CARRY4 (Prop_carry4_CI_CO[3])
                                                      0.117    15.671 r  my_computer/my_datapath/WA3WReg/OUT_reg[31]_i_11/CO[3]
                         net (fo=1, routed)           0.000    15.671    my_computer/my_datapath/WA3WReg/OUT_reg[31]_i_11_n_0
    SLICE_X54Y87         CARRY4 (Prop_carry4_CI_CO[0])
                                                      0.254    15.925 r  my_computer/my_datapath/WA3WReg/OUT_reg[3]_i_52/CO[0]
                         net (fo=1, routed)           1.085    17.010    my_computer/my_datapath/WA3WReg/alu/data2
    SLICE_X57Y88         LUT5 (Prop_lut5_I1_O)        0.367    17.377 r  my_computer/my_datapath/WA3WReg/OUT[3]_i_46/O
                         net (fo=3, routed)           1.180    18.557    my_computer/my_controller/ALUControlRegE/OUT_reg[3]_i_9
    SLICE_X57Y78         LUT5 (Prop_lut5_I1_O)        0.150    18.707 r  my_computer/my_controller/ALUControlRegE/OUT[3]_i_33/O
                         net (fo=1, routed)           0.646    19.353    my_computer/my_controller/shamtRegE/OUT[0]_i_3__0_2[0]
    SLICE_X55Y79         CARRY4 (Prop_carry4_S[0]_CO[3])
                                                      0.864    20.217 r  my_computer/my_controller/shamtRegE/OUT_reg[3]_i_10/CO[3]
                         net (fo=1, routed)           0.000    20.217    my_computer/my_controller/shamtRegE/OUT_reg[3]_i_10_n_0
    SLICE_X55Y80         CARRY4 (Prop_carry4_CI_CO[3])
                                                      0.114    20.331 r  my_computer/my_controller/shamtRegE/OUT_reg[7]_i_10/CO[3]
                         net (fo=1, routed)           0.000    20.331    my_computer/my_controller/shcontrolRegE/OUT[8]_i_3__0_1[0]
    SLICE_X55Y81         CARRY4 (Prop_carry4_CI_CO[3])
                                                      0.114    20.445 r  my_computer/my_controller/shcontrolRegE/OUT_reg[11]_i_10/CO[3]
                         net (fo=1, routed)           0.000    20.445    my_computer/my_controller/shcontrolRegE/OUT_reg[11]_i_10_n_0
    SLICE_X55Y82         CARRY4 (Prop_carry4_CI_CO[3])
                                                      0.114    20.559 r  my_computer/my_controller/shcontrolRegE/OUT_reg[15]_i_10/CO[3]
                         net (fo=1, routed)           0.000    20.559    my_computer/my_controller/shamtRegE/OUT[16]_i_3__0[0]
    SLICE_X55Y83         CARRY4 (Prop_carry4_CI_CO[3])
                                                      0.114    20.673 r  my_computer/my_controller/shamtRegE/OUT_reg[19]_i_10/CO[3]
                         net (fo=1, routed)           0.000    20.673    my_computer/my_controller/shamtRegE/OUT_reg[19]_i_10_n_0
    SLICE_X55Y84         CARRY4 (Prop_carry4_CI_CO[3])
                                                      0.114    20.787 r  my_computer/my_controller/shamtRegE/OUT_reg[23]_i_10/CO[3]
                         net (fo=1, routed)           0.000    20.787    my_computer/my_controller/shamtRegE/OUT_reg[23]_i_10_n_0
    SLICE_X55Y85         CARRY4 (Prop_carry4_CI_CO[3])
                                                      0.114    20.901 r  my_computer/my_controller/shamtRegE/OUT_reg[27]_i_10/CO[3]
                         net (fo=1, routed)           0.000    20.901    my_computer/my_controller/shamtRegE/OUT_reg[27]_i_10_n_0
    SLICE_X55Y86         CARRY4 (Prop_carry4_CI_CO[3])
                                                      0.114    21.015 r  my_computer/my_controller/shamtRegE/OUT_reg[31]_i_10/CO[3]
                         net (fo=1, routed)           0.000    21.015    my_computer/my_controller/shamtRegE/OUT_reg[31]_i_10_n_0
    SLICE_X55Y87         CARRY4 (Prop_carry4_CI_CO[0])
                                                      0.271    21.286 r  my_computer/my_controller/shamtRegE/OUT_reg[3]_i_49/CO[0]
                         net (fo=1, routed)           0.962    22.248    my_computer/my_controller/ALUControlRegE/OUT[3]_i_28_1[0]
    SLICE_X56Y88         LUT6 (Prop_lut6_I4_O)        0.373    22.621 r  my_computer/my_controller/ALUControlRegE/OUT[3]_i_45/O
                         net (fo=3, routed)           1.167    23.788    my_computer/my_controller/ALUControlRegE/OUT[3]_i_45_n_0
    SLICE_X57Y78         LUT5 (Prop_lut5_I0_O)        0.124    23.912 r  my_computer/my_controller/ALUControlRegE/OUT[3]_i_28/O
                         net (fo=1, routed)           0.952    24.865    my_computer/my_controller/shamtRegE/OUT[0]_i_3__0_1[0]
    SLICE_X53Y79         CARRY4 (Prop_carry4_S[0]_O[0])
                                                      0.371    25.236 r  my_computer/my_controller/shamtRegE/OUT_reg[3]_i_9/O[0]
                         net (fo=1, routed)           0.997    26.233    my_computer/my_controller/shamtRegE/OUT_reg[3]_i_9_n_7
    SLICE_X55Y78         LUT6 (Prop_lut6_I0_O)        0.299    26.532 r  my_computer/my_controller/shamtRegE/OUT[0]_i_3__0/O
                         net (fo=1, routed)           0.628    27.161    my_computer/my_controller/ALUControlRegE/OUT_reg[0]_rep__16
    SLICE_X52Y77         LUT5 (Prop_lut5_I3_O)        0.124    27.285 r  my_computer/my_controller/ALUControlRegE/OUT[0]_i_1__0/O
                         net (fo=21, routed)          6.254    33.538    my_computer/my_datapath/ALUM/OUT_reg[31]_0[0]
    SLICE_X44Y27         FDRE                                         r  my_computer/my_datapath/ALUM/OUT_reg[0]_rep__5/D
  -------------------------------------------------------------------    -------------------

Slack:                    inf
  Source:                 my_computer/my_controller/RegWriteRegM/OUT_reg[0]/C
                            (rising edge-triggered cell FDRE)
  Destination:            my_computer/my_datapath/ALUM/OUT_reg[0]_rep__13/D
  Path Group:             (none)
  Path Type:              Max at Slow Process Corner
  Data Path Delay:        33.244ns  (logic 7.235ns (21.763%)  route 26.009ns (78.237%))
  Logic Levels:           32  (CARRY4=17 FDRE=1 LUT2=2 LUT3=2 LUT4=1 LUT5=4 LUT6=5)

    Location             Delay type                Incr(ns)  Path(ns)    Netlist Resource(s)
  -------------------------------------------------------------------    -------------------
    SLICE_X36Y76         FDRE                         0.000     0.000 r  my_computer/my_controller/RegWriteRegM/OUT_reg[0]/C
    SLICE_X36Y76         FDRE (Prop_fdre_C_Q)         0.456     0.456 r  my_computer/my_controller/RegWriteRegM/OUT_reg[0]/Q
                         net (fo=3, routed)           1.443     1.899    my_computer/my_datapath/RA2EReg/RegWriteM
    SLICE_X34Y86         LUT3 (Prop_lut3_I2_O)        0.150     2.049 r  my_computer/my_datapath/RA2EReg/OUT[31]_i_6__3/O
                         net (fo=35, routed)          0.630     2.679    my_computer/my_datapath/ForwardMuxB/OUT_reg[0]_rep__0_0
    SLICE_X36Y86         LUT2 (Prop_lut2_I1_O)        0.328     3.007 r  my_computer/my_datapath/ForwardMuxB/OUT[31]_i_4/O
                         net (fo=64, routed)          3.795     6.803    my_computer/my_datapath/ForwardMuxB/OUT_reg[0]
    SLICE_X44Y73         LUT6 (Prop_lut6_I4_O)        0.124     6.927 r  my_computer/my_datapath/ForwardMuxB/OUT[3]_i_1/O
                         net (fo=9, routed)           1.582     8.508    my_computer/my_controller/shamtRegE/DecidedR2[3]
    SLICE_X48Y87         LUT6 (Prop_lut6_I1_O)        0.124     8.632 r  my_computer/my_controller/shamtRegE/OUT[26]_i_21/O
                         net (fo=4, routed)           1.175     9.808    my_computer/my_controller/shamtRegE/OUT[26]_i_21_n_0
    SLICE_X51Y91         LUT4 (Prop_lut4_I2_O)        0.150     9.958 r  my_computer/my_controller/shamtRegE/OUT[8]_i_13/O
                         net (fo=2, routed)           0.810    10.767    my_computer/my_controller/shamtRegE/OUT[8]_i_13_n_0
    SLICE_X51Y92         LUT6 (Prop_lut6_I3_O)        0.326    11.093 r  my_computer/my_controller/shamtRegE/OUT[8]_i_8/O
                         net (fo=4, routed)           1.660    12.753    my_computer/my_controller/shcontrolRegE/OUT_reg[11]_i_10_0
    SLICE_X53Y78         LUT3 (Prop_lut3_I2_O)        0.152    12.905 r  my_computer/my_controller/shcontrolRegE/OUT[8]_i_5__1/O
                         net (fo=8, routed)           1.336    14.241    my_computer/my_controller/shcontrolRegE/OUT_reg[0]_4
    SLICE_X54Y81         LUT2 (Prop_lut2_I0_O)        0.332    14.573 r  my_computer/my_controller/shcontrolRegE/OUT[11]_i_37/O
                         net (fo=1, routed)           0.000    14.573    my_computer/my_datapath/WA3WReg/OUT[8]_i_3__0[0]
    SLICE_X54Y81         CARRY4 (Prop_carry4_S[0]_CO[3])
                                                      0.513    15.086 r  my_computer/my_datapath/WA3WReg/OUT_reg[11]_i_11/CO[3]
                         net (fo=1, routed)           0.000    15.086    my_computer/my_datapath/WA3WReg/OUT_reg[11]_i_11_n_0
    SLICE_X54Y82         CARRY4 (Prop_carry4_CI_CO[3])
                                                      0.117    15.203 r  my_computer/my_datapath/WA3WReg/OUT_reg[15]_i_11/CO[3]
                         net (fo=1, routed)           0.000    15.203    my_computer/my_datapath/WA3WReg/OUT_reg[15]_i_11_n_0
    SLICE_X54Y83         CARRY4 (Prop_carry4_CI_CO[3])
                                                      0.117    15.320 r  my_computer/my_datapath/WA3WReg/OUT_reg[19]_i_11/CO[3]
                         net (fo=1, routed)           0.000    15.320    my_computer/my_datapath/WA3WReg/OUT_reg[19]_i_11_n_0
    SLICE_X54Y84         CARRY4 (Prop_carry4_CI_CO[3])
                                                      0.117    15.437 r  my_computer/my_datapath/WA3WReg/OUT_reg[23]_i_11/CO[3]
                         net (fo=1, routed)           0.000    15.437    my_computer/my_datapath/WA3WReg/OUT_reg[23]_i_11_n_0
    SLICE_X54Y85         CARRY4 (Prop_carry4_CI_CO[3])
                                                      0.117    15.554 r  my_computer/my_datapath/WA3WReg/OUT_reg[27]_i_11/CO[3]
                         net (fo=1, routed)           0.000    15.554    my_computer/my_datapath/WA3WReg/OUT_reg[27]_i_11_n_0
    SLICE_X54Y86         CARRY4 (Prop_carry4_CI_CO[3])
                                                      0.117    15.671 r  my_computer/my_datapath/WA3WReg/OUT_reg[31]_i_11/CO[3]
                         net (fo=1, routed)           0.000    15.671    my_computer/my_datapath/WA3WReg/OUT_reg[31]_i_11_n_0
    SLICE_X54Y87         CARRY4 (Prop_carry4_CI_CO[0])
                                                      0.254    15.925 r  my_computer/my_datapath/WA3WReg/OUT_reg[3]_i_52/CO[0]
                         net (fo=1, routed)           1.085    17.010    my_computer/my_datapath/WA3WReg/alu/data2
    SLICE_X57Y88         LUT5 (Prop_lut5_I1_O)        0.367    17.377 r  my_computer/my_datapath/WA3WReg/OUT[3]_i_46/O
                         net (fo=3, routed)           1.180    18.557    my_computer/my_controller/ALUControlRegE/OUT_reg[3]_i_9
    SLICE_X57Y78         LUT5 (Prop_lut5_I1_O)        0.150    18.707 r  my_computer/my_controller/ALUControlRegE/OUT[3]_i_33/O
                         net (fo=1, routed)           0.646    19.353    my_computer/my_controller/shamtRegE/OUT[0]_i_3__0_2[0]
    SLICE_X55Y79         CARRY4 (Prop_carry4_S[0]_CO[3])
                                                      0.864    20.217 r  my_computer/my_controller/shamtRegE/OUT_reg[3]_i_10/CO[3]
                         net (fo=1, routed)           0.000    20.217    my_computer/my_controller/shamtRegE/OUT_reg[3]_i_10_n_0
    SLICE_X55Y80         CARRY4 (Prop_carry4_CI_CO[3])
                                                      0.114    20.331 r  my_computer/my_controller/shamtRegE/OUT_reg[7]_i_10/CO[3]
                         net (fo=1, routed)           0.000    20.331    my_computer/my_controller/shcontrolRegE/OUT[8]_i_3__0_1[0]
    SLICE_X55Y81         CARRY4 (Prop_carry4_CI_CO[3])
                                                      0.114    20.445 r  my_computer/my_controller/shcontrolRegE/OUT_reg[11]_i_10/CO[3]
                         net (fo=1, routed)           0.000    20.445    my_computer/my_controller/shcontrolRegE/OUT_reg[11]_i_10_n_0
    SLICE_X55Y82         CARRY4 (Prop_carry4_CI_CO[3])
                                                      0.114    20.559 r  my_computer/my_controller/shcontrolRegE/OUT_reg[15]_i_10/CO[3]
                         net (fo=1, routed)           0.000    20.559    my_computer/my_controller/shamtRegE/OUT[16]_i_3__0[0]
    SLICE_X55Y83         CARRY4 (Prop_carry4_CI_CO[3])
                                                      0.114    20.673 r  my_computer/my_controller/shamtRegE/OUT_reg[19]_i_10/CO[3]
                         net (fo=1, routed)           0.000    20.673    my_computer/my_controller/shamtRegE/OUT_reg[19]_i_10_n_0
    SLICE_X55Y84         CARRY4 (Prop_carry4_CI_CO[3])
                                                      0.114    20.787 r  my_computer/my_controller/shamtRegE/OUT_reg[23]_i_10/CO[3]
                         net (fo=1, routed)           0.000    20.787    my_computer/my_controller/shamtRegE/OUT_reg[23]_i_10_n_0
    SLICE_X55Y85         CARRY4 (Prop_carry4_CI_CO[3])
                                                      0.114    20.901 r  my_computer/my_controller/shamtRegE/OUT_reg[27]_i_10/CO[3]
                         net (fo=1, routed)           0.000    20.901    my_computer/my_controller/shamtRegE/OUT_reg[27]_i_10_n_0
    SLICE_X55Y86         CARRY4 (Prop_carry4_CI_CO[3])
                                                      0.114    21.015 r  my_computer/my_controller/shamtRegE/OUT_reg[31]_i_10/CO[3]
                         net (fo=1, routed)           0.000    21.015    my_computer/my_controller/shamtRegE/OUT_reg[31]_i_10_n_0
    SLICE_X55Y87         CARRY4 (Prop_carry4_CI_CO[0])
                                                      0.271    21.286 r  my_computer/my_controller/shamtRegE/OUT_reg[3]_i_49/CO[0]
                         net (fo=1, routed)           0.962    22.248    my_computer/my_controller/ALUControlRegE/OUT[3]_i_28_1[0]
    SLICE_X56Y88         LUT6 (Prop_lut6_I4_O)        0.373    22.621 r  my_computer/my_controller/ALUControlRegE/OUT[3]_i_45/O
                         net (fo=3, routed)           1.167    23.788    my_computer/my_controller/ALUControlRegE/OUT[3]_i_45_n_0
    SLICE_X57Y78         LUT5 (Prop_lut5_I0_O)        0.124    23.912 r  my_computer/my_controller/ALUControlRegE/OUT[3]_i_28/O
                         net (fo=1, routed)           0.952    24.865    my_computer/my_controller/shamtRegE/OUT[0]_i_3__0_1[0]
    SLICE_X53Y79         CARRY4 (Prop_carry4_S[0]_O[0])
                                                      0.371    25.236 r  my_computer/my_controller/shamtRegE/OUT_reg[3]_i_9/O[0]
                         net (fo=1, routed)           0.997    26.233    my_computer/my_controller/shamtRegE/OUT_reg[3]_i_9_n_7
    SLICE_X55Y78         LUT6 (Prop_lut6_I0_O)        0.299    26.532 r  my_computer/my_controller/shamtRegE/OUT[0]_i_3__0/O
                         net (fo=1, routed)           0.628    27.161    my_computer/my_controller/ALUControlRegE/OUT_reg[0]_rep__16
    SLICE_X52Y77         LUT5 (Prop_lut5_I3_O)        0.124    27.285 r  my_computer/my_controller/ALUControlRegE/OUT[0]_i_1__0/O
                         net (fo=21, routed)          5.959    33.244    my_computer/my_datapath/ALUM/OUT_reg[31]_0[0]
    SLICE_X46Y25         FDRE                                         r  my_computer/my_datapath/ALUM/OUT_reg[0]_rep__13/D
  -------------------------------------------------------------------    -------------------

Slack:                    inf
  Source:                 my_computer/my_controller/RegWriteRegM/OUT_reg[0]/C
                            (rising edge-triggered cell FDRE)
  Destination:            my_computer/my_datapath/ALUM/OUT_reg[0]_rep__16/D
  Path Group:             (none)
  Path Type:              Max at Slow Process Corner
  Data Path Delay:        32.917ns  (logic 7.235ns (21.980%)  route 25.682ns (78.020%))
  Logic Levels:           32  (CARRY4=17 FDRE=1 LUT2=2 LUT3=2 LUT4=1 LUT5=4 LUT6=5)

    Location             Delay type                Incr(ns)  Path(ns)    Netlist Resource(s)
  -------------------------------------------------------------------    -------------------
    SLICE_X36Y76         FDRE                         0.000     0.000 r  my_computer/my_controller/RegWriteRegM/OUT_reg[0]/C
    SLICE_X36Y76         FDRE (Prop_fdre_C_Q)         0.456     0.456 r  my_computer/my_controller/RegWriteRegM/OUT_reg[0]/Q
                         net (fo=3, routed)           1.443     1.899    my_computer/my_datapath/RA2EReg/RegWriteM
    SLICE_X34Y86         LUT3 (Prop_lut3_I2_O)        0.150     2.049 r  my_computer/my_datapath/RA2EReg/OUT[31]_i_6__3/O
                         net (fo=35, routed)          0.630     2.679    my_computer/my_datapath/ForwardMuxB/OUT_reg[0]_rep__0_0
    SLICE_X36Y86         LUT2 (Prop_lut2_I1_O)        0.328     3.007 r  my_computer/my_datapath/ForwardMuxB/OUT[31]_i_4/O
                         net (fo=64, routed)          3.795     6.803    my_computer/my_datapath/ForwardMuxB/OUT_reg[0]
    SLICE_X44Y73         LUT6 (Prop_lut6_I4_O)        0.124     6.927 r  my_computer/my_datapath/ForwardMuxB/OUT[3]_i_1/O
                         net (fo=9, routed)           1.582     8.508    my_computer/my_controller/shamtRegE/DecidedR2[3]
    SLICE_X48Y87         LUT6 (Prop_lut6_I1_O)        0.124     8.632 r  my_computer/my_controller/shamtRegE/OUT[26]_i_21/O
                         net (fo=4, routed)           1.175     9.808    my_computer/my_controller/shamtRegE/OUT[26]_i_21_n_0
    SLICE_X51Y91         LUT4 (Prop_lut4_I2_O)        0.150     9.958 r  my_computer/my_controller/shamtRegE/OUT[8]_i_13/O
                         net (fo=2, routed)           0.810    10.767    my_computer/my_controller/shamtRegE/OUT[8]_i_13_n_0
    SLICE_X51Y92         LUT6 (Prop_lut6_I3_O)        0.326    11.093 r  my_computer/my_controller/shamtRegE/OUT[8]_i_8/O
                         net (fo=4, routed)           1.660    12.753    my_computer/my_controller/shcontrolRegE/OUT_reg[11]_i_10_0
    SLICE_X53Y78         LUT3 (Prop_lut3_I2_O)        0.152    12.905 r  my_computer/my_controller/shcontrolRegE/OUT[8]_i_5__1/O
                         net (fo=8, routed)           1.336    14.241    my_computer/my_controller/shcontrolRegE/OUT_reg[0]_4
    SLICE_X54Y81         LUT2 (Prop_lut2_I0_O)        0.332    14.573 r  my_computer/my_controller/shcontrolRegE/OUT[11]_i_37/O
                         net (fo=1, routed)           0.000    14.573    my_computer/my_datapath/WA3WReg/OUT[8]_i_3__0[0]
    SLICE_X54Y81         CARRY4 (Prop_carry4_S[0]_CO[3])
                                                      0.513    15.086 r  my_computer/my_datapath/WA3WReg/OUT_reg[11]_i_11/CO[3]
                         net (fo=1, routed)           0.000    15.086    my_computer/my_datapath/WA3WReg/OUT_reg[11]_i_11_n_0
    SLICE_X54Y82         CARRY4 (Prop_carry4_CI_CO[3])
                                                      0.117    15.203 r  my_computer/my_datapath/WA3WReg/OUT_reg[15]_i_11/CO[3]
                         net (fo=1, routed)           0.000    15.203    my_computer/my_datapath/WA3WReg/OUT_reg[15]_i_11_n_0
    SLICE_X54Y83         CARRY4 (Prop_carry4_CI_CO[3])
                                                      0.117    15.320 r  my_computer/my_datapath/WA3WReg/OUT_reg[19]_i_11/CO[3]
                         net (fo=1, routed)           0.000    15.320    my_computer/my_datapath/WA3WReg/OUT_reg[19]_i_11_n_0
    SLICE_X54Y84         CARRY4 (Prop_carry4_CI_CO[3])
                                                      0.117    15.437 r  my_computer/my_datapath/WA3WReg/OUT_reg[23]_i_11/CO[3]
                         net (fo=1, routed)           0.000    15.437    my_computer/my_datapath/WA3WReg/OUT_reg[23]_i_11_n_0
    SLICE_X54Y85         CARRY4 (Prop_carry4_CI_CO[3])
                                                      0.117    15.554 r  my_computer/my_datapath/WA3WReg/OUT_reg[27]_i_11/CO[3]
                         net (fo=1, routed)           0.000    15.554    my_computer/my_datapath/WA3WReg/OUT_reg[27]_i_11_n_0
    SLICE_X54Y86         CARRY4 (Prop_carry4_CI_CO[3])
                                                      0.117    15.671 r  my_computer/my_datapath/WA3WReg/OUT_reg[31]_i_11/CO[3]
                         net (fo=1, routed)           0.000    15.671    my_computer/my_datapath/WA3WReg/OUT_reg[31]_i_11_n_0
    SLICE_X54Y87         CARRY4 (Prop_carry4_CI_CO[0])
                                                      0.254    15.925 r  my_computer/my_datapath/WA3WReg/OUT_reg[3]_i_52/CO[0]
                         net (fo=1, routed)           1.085    17.010    my_computer/my_datapath/WA3WReg/alu/data2
    SLICE_X57Y88         LUT5 (Prop_lut5_I1_O)        0.367    17.377 r  my_computer/my_datapath/WA3WReg/OUT[3]_i_46/O
                         net (fo=3, routed)           1.180    18.557    my_computer/my_controller/ALUControlRegE/OUT_reg[3]_i_9
    SLICE_X57Y78         LUT5 (Prop_lut5_I1_O)        0.150    18.707 r  my_computer/my_controller/ALUControlRegE/OUT[3]_i_33/O
                         net (fo=1, routed)           0.646    19.353    my_computer/my_controller/shamtRegE/OUT[0]_i_3__0_2[0]
    SLICE_X55Y79         CARRY4 (Prop_carry4_S[0]_CO[3])
                                                      0.864    20.217 r  my_computer/my_controller/shamtRegE/OUT_reg[3]_i_10/CO[3]
                         net (fo=1, routed)           0.000    20.217    my_computer/my_controller/shamtRegE/OUT_reg[3]_i_10_n_0
    SLICE_X55Y80         CARRY4 (Prop_carry4_CI_CO[3])
                                                      0.114    20.331 r  my_computer/my_controller/shamtRegE/OUT_reg[7]_i_10/CO[3]
                         net (fo=1, routed)           0.000    20.331    my_computer/my_controller/shcontrolRegE/OUT[8]_i_3__0_1[0]
    SLICE_X55Y81         CARRY4 (Prop_carry4_CI_CO[3])
                                                      0.114    20.445 r  my_computer/my_controller/shcontrolRegE/OUT_reg[11]_i_10/CO[3]
                         net (fo=1, routed)           0.000    20.445    my_computer/my_controller/shcontrolRegE/OUT_reg[11]_i_10_n_0
    SLICE_X55Y82         CARRY4 (Prop_carry4_CI_CO[3])
                                                      0.114    20.559 r  my_computer/my_controller/shcontrolRegE/OUT_reg[15]_i_10/CO[3]
                         net (fo=1, routed)           0.000    20.559    my_computer/my_controller/shamtRegE/OUT[16]_i_3__0[0]
    SLICE_X55Y83         CARRY4 (Prop_carry4_CI_CO[3])
                                                      0.114    20.673 r  my_computer/my_controller/shamtRegE/OUT_reg[19]_i_10/CO[3]
                         net (fo=1, routed)           0.000    20.673    my_computer/my_controller/shamtRegE/OUT_reg[19]_i_10_n_0
    SLICE_X55Y84         CARRY4 (Prop_carry4_CI_CO[3])
                                                      0.114    20.787 r  my_computer/my_controller/shamtRegE/OUT_reg[23]_i_10/CO[3]
                         net (fo=1, routed)           0.000    20.787    my_computer/my_controller/shamtRegE/OUT_reg[23]_i_10_n_0
    SLICE_X55Y85         CARRY4 (Prop_carry4_CI_CO[3])
                                                      0.114    20.901 r  my_computer/my_controller/shamtRegE/OUT_reg[27]_i_10/CO[3]
                         net (fo=1, routed)           0.000    20.901    my_computer/my_controller/shamtRegE/OUT_reg[27]_i_10_n_0
    SLICE_X55Y86         CARRY4 (Prop_carry4_CI_CO[3])
                                                      0.114    21.015 r  my_computer/my_controller/shamtRegE/OUT_reg[31]_i_10/CO[3]
                         net (fo=1, routed)           0.000    21.015    my_computer/my_controller/shamtRegE/OUT_reg[31]_i_10_n_0
    SLICE_X55Y87         CARRY4 (Prop_carry4_CI_CO[0])
                                                      0.271    21.286 r  my_computer/my_controller/shamtRegE/OUT_reg[3]_i_49/CO[0]
                         net (fo=1, routed)           0.962    22.248    my_computer/my_controller/ALUControlRegE/OUT[3]_i_28_1[0]
    SLICE_X56Y88         LUT6 (Prop_lut6_I4_O)        0.373    22.621 r  my_computer/my_controller/ALUControlRegE/OUT[3]_i_45/O
                         net (fo=3, routed)           1.167    23.788    my_computer/my_controller/ALUControlRegE/OUT[3]_i_45_n_0
    SLICE_X57Y78         LUT5 (Prop_lut5_I0_O)        0.124    23.912 r  my_computer/my_controller/ALUControlRegE/OUT[3]_i_28/O
                         net (fo=1, routed)           0.952    24.865    my_computer/my_controller/shamtRegE/OUT[0]_i_3__0_1[0]
    SLICE_X53Y79         CARRY4 (Prop_carry4_S[0]_O[0])
                                                      0.371    25.236 r  my_computer/my_controller/shamtRegE/OUT_reg[3]_i_9/O[0]
                         net (fo=1, routed)           0.997    26.233    my_computer/my_controller/shamtRegE/OUT_reg[3]_i_9_n_7
    SLICE_X55Y78         LUT6 (Prop_lut6_I0_O)        0.299    26.532 r  my_computer/my_controller/shamtRegE/OUT[0]_i_3__0/O
                         net (fo=1, routed)           0.628    27.161    my_computer/my_controller/ALUControlRegE/OUT_reg[0]_rep__16
    SLICE_X52Y77         LUT5 (Prop_lut5_I3_O)        0.124    27.285 r  my_computer/my_controller/ALUControlRegE/OUT[0]_i_1__0/O
                         net (fo=21, routed)          5.632    32.917    my_computer/my_datapath/ALUM/OUT_reg[31]_0[0]
    SLICE_X44Y23         FDRE                                         r  my_computer/my_datapath/ALUM/OUT_reg[0]_rep__16/D
  -------------------------------------------------------------------    -------------------

Slack:                    inf
  Source:                 my_computer/my_controller/RegWriteRegM/OUT_reg[0]/C
                            (rising edge-triggered cell FDRE)
  Destination:            my_computer/my_datapath/ALUM/OUT_reg[0]_rep__15/D
  Path Group:             (none)
  Path Type:              Max at Slow Process Corner
  Data Path Delay:        32.733ns  (logic 7.235ns (22.103%)  route 25.498ns (77.897%))
  Logic Levels:           32  (CARRY4=17 FDRE=1 LUT2=2 LUT3=2 LUT4=1 LUT5=4 LUT6=5)

    Location             Delay type                Incr(ns)  Path(ns)    Netlist Resource(s)
  -------------------------------------------------------------------    -------------------
    SLICE_X36Y76         FDRE                         0.000     0.000 r  my_computer/my_controller/RegWriteRegM/OUT_reg[0]/C
    SLICE_X36Y76         FDRE (Prop_fdre_C_Q)         0.456     0.456 r  my_computer/my_controller/RegWriteRegM/OUT_reg[0]/Q
                         net (fo=3, routed)           1.443     1.899    my_computer/my_datapath/RA2EReg/RegWriteM
    SLICE_X34Y86         LUT3 (Prop_lut3_I2_O)        0.150     2.049 r  my_computer/my_datapath/RA2EReg/OUT[31]_i_6__3/O
                         net (fo=35, routed)          0.630     2.679    my_computer/my_datapath/ForwardMuxB/OUT_reg[0]_rep__0_0
    SLICE_X36Y86         LUT2 (Prop_lut2_I1_O)        0.328     3.007 r  my_computer/my_datapath/ForwardMuxB/OUT[31]_i_4/O
                         net (fo=64, routed)          3.795     6.803    my_computer/my_datapath/ForwardMuxB/OUT_reg[0]
    SLICE_X44Y73         LUT6 (Prop_lut6_I4_O)        0.124     6.927 r  my_computer/my_datapath/ForwardMuxB/OUT[3]_i_1/O
                         net (fo=9, routed)           1.582     8.508    my_computer/my_controller/shamtRegE/DecidedR2[3]
    SLICE_X48Y87         LUT6 (Prop_lut6_I1_O)        0.124     8.632 r  my_computer/my_controller/shamtRegE/OUT[26]_i_21/O
                         net (fo=4, routed)           1.175     9.808    my_computer/my_controller/shamtRegE/OUT[26]_i_21_n_0
    SLICE_X51Y91         LUT4 (Prop_lut4_I2_O)        0.150     9.958 r  my_computer/my_controller/shamtRegE/OUT[8]_i_13/O
                         net (fo=2, routed)           0.810    10.767    my_computer/my_controller/shamtRegE/OUT[8]_i_13_n_0
    SLICE_X51Y92         LUT6 (Prop_lut6_I3_O)        0.326    11.093 r  my_computer/my_controller/shamtRegE/OUT[8]_i_8/O
                         net (fo=4, routed)           1.660    12.753    my_computer/my_controller/shcontrolRegE/OUT_reg[11]_i_10_0
    SLICE_X53Y78         LUT3 (Prop_lut3_I2_O)        0.152    12.905 r  my_computer/my_controller/shcontrolRegE/OUT[8]_i_5__1/O
                         net (fo=8, routed)           1.336    14.241    my_computer/my_controller/shcontrolRegE/OUT_reg[0]_4
    SLICE_X54Y81         LUT2 (Prop_lut2_I0_O)        0.332    14.573 r  my_computer/my_controller/shcontrolRegE/OUT[11]_i_37/O
                         net (fo=1, routed)           0.000    14.573    my_computer/my_datapath/WA3WReg/OUT[8]_i_3__0[0]
    SLICE_X54Y81         CARRY4 (Prop_carry4_S[0]_CO[3])
                                                      0.513    15.086 r  my_computer/my_datapath/WA3WReg/OUT_reg[11]_i_11/CO[3]
                         net (fo=1, routed)           0.000    15.086    my_computer/my_datapath/WA3WReg/OUT_reg[11]_i_11_n_0
    SLICE_X54Y82         CARRY4 (Prop_carry4_CI_CO[3])
                                                      0.117    15.203 r  my_computer/my_datapath/WA3WReg/OUT_reg[15]_i_11/CO[3]
                         net (fo=1, routed)           0.000    15.203    my_computer/my_datapath/WA3WReg/OUT_reg[15]_i_11_n_0
    SLICE_X54Y83         CARRY4 (Prop_carry4_CI_CO[3])
                                                      0.117    15.320 r  my_computer/my_datapath/WA3WReg/OUT_reg[19]_i_11/CO[3]
                         net (fo=1, routed)           0.000    15.320    my_computer/my_datapath/WA3WReg/OUT_reg[19]_i_11_n_0
    SLICE_X54Y84         CARRY4 (Prop_carry4_CI_CO[3])
                                                      0.117    15.437 r  my_computer/my_datapath/WA3WReg/OUT_reg[23]_i_11/CO[3]
                         net (fo=1, routed)           0.000    15.437    my_computer/my_datapath/WA3WReg/OUT_reg[23]_i_11_n_0
    SLICE_X54Y85         CARRY4 (Prop_carry4_CI_CO[3])
                                                      0.117    15.554 r  my_computer/my_datapath/WA3WReg/OUT_reg[27]_i_11/CO[3]
                         net (fo=1, routed)           0.000    15.554    my_computer/my_datapath/WA3WReg/OUT_reg[27]_i_11_n_0
    SLICE_X54Y86         CARRY4 (Prop_carry4_CI_CO[3])
                                                      0.117    15.671 r  my_computer/my_datapath/WA3WReg/OUT_reg[31]_i_11/CO[3]
                         net (fo=1, routed)           0.000    15.671    my_computer/my_datapath/WA3WReg/OUT_reg[31]_i_11_n_0
    SLICE_X54Y87         CARRY4 (Prop_carry4_CI_CO[0])
                                                      0.254    15.925 r  my_computer/my_datapath/WA3WReg/OUT_reg[3]_i_52/CO[0]
                         net (fo=1, routed)           1.085    17.010    my_computer/my_datapath/WA3WReg/alu/data2
    SLICE_X57Y88         LUT5 (Prop_lut5_I1_O)        0.367    17.377 r  my_computer/my_datapath/WA3WReg/OUT[3]_i_46/O
                         net (fo=3, routed)           1.180    18.557    my_computer/my_controller/ALUControlRegE/OUT_reg[3]_i_9
    SLICE_X57Y78         LUT5 (Prop_lut5_I1_O)        0.150    18.707 r  my_computer/my_controller/ALUControlRegE/OUT[3]_i_33/O
                         net (fo=1, routed)           0.646    19.353    my_computer/my_controller/shamtRegE/OUT[0]_i_3__0_2[0]
    SLICE_X55Y79         CARRY4 (Prop_carry4_S[0]_CO[3])
                                                      0.864    20.217 r  my_computer/my_controller/shamtRegE/OUT_reg[3]_i_10/CO[3]
                         net (fo=1, routed)           0.000    20.217    my_computer/my_controller/shamtRegE/OUT_reg[3]_i_10_n_0
    SLICE_X55Y80         CARRY4 (Prop_carry4_CI_CO[3])
                                                      0.114    20.331 r  my_computer/my_controller/shamtRegE/OUT_reg[7]_i_10/CO[3]
                         net (fo=1, routed)           0.000    20.331    my_computer/my_controller/shcontrolRegE/OUT[8]_i_3__0_1[0]
    SLICE_X55Y81         CARRY4 (Prop_carry4_CI_CO[3])
                                                      0.114    20.445 r  my_computer/my_controller/shcontrolRegE/OUT_reg[11]_i_10/CO[3]
                         net (fo=1, routed)           0.000    20.445    my_computer/my_controller/shcontrolRegE/OUT_reg[11]_i_10_n_0
    SLICE_X55Y82         CARRY4 (Prop_carry4_CI_CO[3])
                                                      0.114    20.559 r  my_computer/my_controller/shcontrolRegE/OUT_reg[15]_i_10/CO[3]
                         net (fo=1, routed)           0.000    20.559    my_computer/my_controller/shamtRegE/OUT[16]_i_3__0[0]
    SLICE_X55Y83         CARRY4 (Prop_carry4_CI_CO[3])
                                                      0.114    20.673 r  my_computer/my_controller/shamtRegE/OUT_reg[19]_i_10/CO[3]
                         net (fo=1, routed)           0.000    20.673    my_computer/my_controller/shamtRegE/OUT_reg[19]_i_10_n_0
    SLICE_X55Y84         CARRY4 (Prop_carry4_CI_CO[3])
                                                      0.114    20.787 r  my_computer/my_controller/shamtRegE/OUT_reg[23]_i_10/CO[3]
                         net (fo=1, routed)           0.000    20.787    my_computer/my_controller/shamtRegE/OUT_reg[23]_i_10_n_0
    SLICE_X55Y85         CARRY4 (Prop_carry4_CI_CO[3])
                                                      0.114    20.901 r  my_computer/my_controller/shamtRegE/OUT_reg[27]_i_10/CO[3]
                         net (fo=1, routed)           0.000    20.901    my_computer/my_controller/shamtRegE/OUT_reg[27]_i_10_n_0
    SLICE_X55Y86         CARRY4 (Prop_carry4_CI_CO[3])
                                                      0.114    21.015 r  my_computer/my_controller/shamtRegE/OUT_reg[31]_i_10/CO[3]
                         net (fo=1, routed)           0.000    21.015    my_computer/my_controller/shamtRegE/OUT_reg[31]_i_10_n_0
    SLICE_X55Y87         CARRY4 (Prop_carry4_CI_CO[0])
                                                      0.271    21.286 r  my_computer/my_controller/shamtRegE/OUT_reg[3]_i_49/CO[0]
                         net (fo=1, routed)           0.962    22.248    my_computer/my_controller/ALUControlRegE/OUT[3]_i_28_1[0]
    SLICE_X56Y88         LUT6 (Prop_lut6_I4_O)        0.373    22.621 r  my_computer/my_controller/ALUControlRegE/OUT[3]_i_45/O
                         net (fo=3, routed)           1.167    23.788    my_computer/my_controller/ALUControlRegE/OUT[3]_i_45_n_0
    SLICE_X57Y78         LUT5 (Prop_lut5_I0_O)        0.124    23.912 r  my_computer/my_controller/ALUControlRegE/OUT[3]_i_28/O
                         net (fo=1, routed)           0.952    24.865    my_computer/my_controller/shamtRegE/OUT[0]_i_3__0_1[0]
    SLICE_X53Y79         CARRY4 (Prop_carry4_S[0]_O[0])
                                                      0.371    25.236 r  my_computer/my_controller/shamtRegE/OUT_reg[3]_i_9/O[0]
                         net (fo=1, routed)           0.997    26.233    my_computer/my_controller/shamtRegE/OUT_reg[3]_i_9_n_7
    SLICE_X55Y78         LUT6 (Prop_lut6_I0_O)        0.299    26.532 r  my_computer/my_controller/shamtRegE/OUT[0]_i_3__0/O
                         net (fo=1, routed)           0.628    27.161    my_computer/my_controller/ALUControlRegE/OUT_reg[0]_rep__16
    SLICE_X52Y77         LUT5 (Prop_lut5_I3_O)        0.124    27.285 r  my_computer/my_controller/ALUControlRegE/OUT[0]_i_1__0/O
                         net (fo=21, routed)          5.449    32.733    my_computer/my_datapath/ALUM/OUT_reg[31]_0[0]
    SLICE_X44Y23         FDRE                                         r  my_computer/my_datapath/ALUM/OUT_reg[0]_rep__15/D
  -------------------------------------------------------------------    -------------------

Slack:                    inf
  Source:                 my_computer/my_controller/RegWriteRegM/OUT_reg[0]/C
                            (rising edge-triggered cell FDRE)
  Destination:            my_computer/my_datapath/ALUM/OUT_reg[0]/D
  Path Group:             (none)
  Path Type:              Max at Slow Process Corner
  Data Path Delay:        32.129ns  (logic 7.235ns (22.519%)  route 24.894ns (77.481%))
  Logic Levels:           32  (CARRY4=17 FDRE=1 LUT2=2 LUT3=2 LUT4=1 LUT5=4 LUT6=5)

    Location             Delay type                Incr(ns)  Path(ns)    Netlist Resource(s)
  -------------------------------------------------------------------    -------------------
    SLICE_X36Y76         FDRE                         0.000     0.000 r  my_computer/my_controller/RegWriteRegM/OUT_reg[0]/C
    SLICE_X36Y76         FDRE (Prop_fdre_C_Q)         0.456     0.456 r  my_computer/my_controller/RegWriteRegM/OUT_reg[0]/Q
                         net (fo=3, routed)           1.443     1.899    my_computer/my_datapath/RA2EReg/RegWriteM
    SLICE_X34Y86         LUT3 (Prop_lut3_I2_O)        0.150     2.049 r  my_computer/my_datapath/RA2EReg/OUT[31]_i_6__3/O
                         net (fo=35, routed)          0.630     2.679    my_computer/my_datapath/ForwardMuxB/OUT_reg[0]_rep__0_0
    SLICE_X36Y86         LUT2 (Prop_lut2_I1_O)        0.328     3.007 r  my_computer/my_datapath/ForwardMuxB/OUT[31]_i_4/O
                         net (fo=64, routed)          3.795     6.803    my_computer/my_datapath/ForwardMuxB/OUT_reg[0]
    SLICE_X44Y73         LUT6 (Prop_lut6_I4_O)        0.124     6.927 r  my_computer/my_datapath/ForwardMuxB/OUT[3]_i_1/O
                         net (fo=9, routed)           1.582     8.508    my_computer/my_controller/shamtRegE/DecidedR2[3]
    SLICE_X48Y87         LUT6 (Prop_lut6_I1_O)        0.124     8.632 r  my_computer/my_controller/shamtRegE/OUT[26]_i_21/O
                         net (fo=4, routed)           1.175     9.808    my_computer/my_controller/shamtRegE/OUT[26]_i_21_n_0
    SLICE_X51Y91         LUT4 (Prop_lut4_I2_O)        0.150     9.958 r  my_computer/my_controller/shamtRegE/OUT[8]_i_13/O
                         net (fo=2, routed)           0.810    10.767    my_computer/my_controller/shamtRegE/OUT[8]_i_13_n_0
    SLICE_X51Y92         LUT6 (Prop_lut6_I3_O)        0.326    11.093 r  my_computer/my_controller/shamtRegE/OUT[8]_i_8/O
                         net (fo=4, routed)           1.660    12.753    my_computer/my_controller/shcontrolRegE/OUT_reg[11]_i_10_0
    SLICE_X53Y78         LUT3 (Prop_lut3_I2_O)        0.152    12.905 r  my_computer/my_controller/shcontrolRegE/OUT[8]_i_5__1/O
                         net (fo=8, routed)           1.336    14.241    my_computer/my_controller/shcontrolRegE/OUT_reg[0]_4
    SLICE_X54Y81         LUT2 (Prop_lut2_I0_O)        0.332    14.573 r  my_computer/my_controller/shcontrolRegE/OUT[11]_i_37/O
                         net (fo=1, routed)           0.000    14.573    my_computer/my_datapath/WA3WReg/OUT[8]_i_3__0[0]
    SLICE_X54Y81         CARRY4 (Prop_carry4_S[0]_CO[3])
                                                      0.513    15.086 r  my_computer/my_datapath/WA3WReg/OUT_reg[11]_i_11/CO[3]
                         net (fo=1, routed)           0.000    15.086    my_computer/my_datapath/WA3WReg/OUT_reg[11]_i_11_n_0
    SLICE_X54Y82         CARRY4 (Prop_carry4_CI_CO[3])
                                                      0.117    15.203 r  my_computer/my_datapath/WA3WReg/OUT_reg[15]_i_11/CO[3]
                         net (fo=1, routed)           0.000    15.203    my_computer/my_datapath/WA3WReg/OUT_reg[15]_i_11_n_0
    SLICE_X54Y83         CARRY4 (Prop_carry4_CI_CO[3])
                                                      0.117    15.320 r  my_computer/my_datapath/WA3WReg/OUT_reg[19]_i_11/CO[3]
                         net (fo=1, routed)           0.000    15.320    my_computer/my_datapath/WA3WReg/OUT_reg[19]_i_11_n_0
    SLICE_X54Y84         CARRY4 (Prop_carry4_CI_CO[3])
                                                      0.117    15.437 r  my_computer/my_datapath/WA3WReg/OUT_reg[23]_i_11/CO[3]
                         net (fo=1, routed)           0.000    15.437    my_computer/my_datapath/WA3WReg/OUT_reg[23]_i_11_n_0
    SLICE_X54Y85         CARRY4 (Prop_carry4_CI_CO[3])
                                                      0.117    15.554 r  my_computer/my_datapath/WA3WReg/OUT_reg[27]_i_11/CO[3]
                         net (fo=1, routed)           0.000    15.554    my_computer/my_datapath/WA3WReg/OUT_reg[27]_i_11_n_0
    SLICE_X54Y86         CARRY4 (Prop_carry4_CI_CO[3])
                                                      0.117    15.671 r  my_computer/my_datapath/WA3WReg/OUT_reg[31]_i_11/CO[3]
                         net (fo=1, routed)           0.000    15.671    my_computer/my_datapath/WA3WReg/OUT_reg[31]_i_11_n_0
    SLICE_X54Y87         CARRY4 (Prop_carry4_CI_CO[0])
                                                      0.254    15.925 r  my_computer/my_datapath/WA3WReg/OUT_reg[3]_i_52/CO[0]
                         net (fo=1, routed)           1.085    17.010    my_computer/my_datapath/WA3WReg/alu/data2
    SLICE_X57Y88         LUT5 (Prop_lut5_I1_O)        0.367    17.377 r  my_computer/my_datapath/WA3WReg/OUT[3]_i_46/O
                         net (fo=3, routed)           1.180    18.557    my_computer/my_controller/ALUControlRegE/OUT_reg[3]_i_9
    SLICE_X57Y78         LUT5 (Prop_lut5_I1_O)        0.150    18.707 r  my_computer/my_controller/ALUControlRegE/OUT[3]_i_33/O
                         net (fo=1, routed)           0.646    19.353    my_computer/my_controller/shamtRegE/OUT[0]_i_3__0_2[0]
    SLICE_X55Y79         CARRY4 (Prop_carry4_S[0]_CO[3])
                                                      0.864    20.217 r  my_computer/my_controller/shamtRegE/OUT_reg[3]_i_10/CO[3]
                         net (fo=1, routed)           0.000    20.217    my_computer/my_controller/shamtRegE/OUT_reg[3]_i_10_n_0
    SLICE_X55Y80         CARRY4 (Prop_carry4_CI_CO[3])
                                                      0.114    20.331 r  my_computer/my_controller/shamtRegE/OUT_reg[7]_i_10/CO[3]
                         net (fo=1, routed)           0.000    20.331    my_computer/my_controller/shcontrolRegE/OUT[8]_i_3__0_1[0]
    SLICE_X55Y81         CARRY4 (Prop_carry4_CI_CO[3])
                                                      0.114    20.445 r  my_computer/my_controller/shcontrolRegE/OUT_reg[11]_i_10/CO[3]
                         net (fo=1, routed)           0.000    20.445    my_computer/my_controller/shcontrolRegE/OUT_reg[11]_i_10_n_0
    SLICE_X55Y82         CARRY4 (Prop_carry4_CI_CO[3])
                                                      0.114    20.559 r  my_computer/my_controller/shcontrolRegE/OUT_reg[15]_i_10/CO[3]
                         net (fo=1, routed)           0.000    20.559    my_computer/my_controller/shamtRegE/OUT[16]_i_3__0[0]
    SLICE_X55Y83         CARRY4 (Prop_carry4_CI_CO[3])
                                                      0.114    20.673 r  my_computer/my_controller/shamtRegE/OUT_reg[19]_i_10/CO[3]
                         net (fo=1, routed)           0.000    20.673    my_computer/my_controller/shamtRegE/OUT_reg[19]_i_10_n_0
    SLICE_X55Y84         CARRY4 (Prop_carry4_CI_CO[3])
                                                      0.114    20.787 r  my_computer/my_controller/shamtRegE/OUT_reg[23]_i_10/CO[3]
                         net (fo=1, routed)           0.000    20.787    my_computer/my_controller/shamtRegE/OUT_reg[23]_i_10_n_0
    SLICE_X55Y85         CARRY4 (Prop_carry4_CI_CO[3])
                                                      0.114    20.901 r  my_computer/my_controller/shamtRegE/OUT_reg[27]_i_10/CO[3]
                         net (fo=1, routed)           0.000    20.901    my_computer/my_controller/shamtRegE/OUT_reg[27]_i_10_n_0
    SLICE_X55Y86         CARRY4 (Prop_carry4_CI_CO[3])
                                                      0.114    21.015 r  my_computer/my_controller/shamtRegE/OUT_reg[31]_i_10/CO[3]
                         net (fo=1, routed)           0.000    21.015    my_computer/my_controller/shamtRegE/OUT_reg[31]_i_10_n_0
    SLICE_X55Y87         CARRY4 (Prop_carry4_CI_CO[0])
                                                      0.271    21.286 r  my_computer/my_controller/shamtRegE/OUT_reg[3]_i_49/CO[0]
                         net (fo=1, routed)           0.962    22.248    my_computer/my_controller/ALUControlRegE/OUT[3]_i_28_1[0]
    SLICE_X56Y88         LUT6 (Prop_lut6_I4_O)        0.373    22.621 r  my_computer/my_controller/ALUControlRegE/OUT[3]_i_45/O
                         net (fo=3, routed)           1.167    23.788    my_computer/my_controller/ALUControlRegE/OUT[3]_i_45_n_0
    SLICE_X57Y78         LUT5 (Prop_lut5_I0_O)        0.124    23.912 r  my_computer/my_controller/ALUControlRegE/OUT[3]_i_28/O
                         net (fo=1, routed)           0.952    24.865    my_computer/my_controller/shamtRegE/OUT[0]_i_3__0_1[0]
    SLICE_X53Y79         CARRY4 (Prop_carry4_S[0]_O[0])
                                                      0.371    25.236 r  my_computer/my_controller/shamtRegE/OUT_reg[3]_i_9/O[0]
                         net (fo=1, routed)           0.997    26.233    my_computer/my_controller/shamtRegE/OUT_reg[3]_i_9_n_7
    SLICE_X55Y78         LUT6 (Prop_lut6_I0_O)        0.299    26.532 r  my_computer/my_controller/shamtRegE/OUT[0]_i_3__0/O
                         net (fo=1, routed)           0.628    27.161    my_computer/my_controller/ALUControlRegE/OUT_reg[0]_rep__16
    SLICE_X52Y77         LUT5 (Prop_lut5_I3_O)        0.124    27.285 r  my_computer/my_controller/ALUControlRegE/OUT[0]_i_1__0/O
                         net (fo=21, routed)          4.844    32.129    my_computer/my_datapath/ALUM/OUT_reg[31]_0[0]
    SLICE_X16Y21         FDRE                                         r  my_computer/my_datapath/ALUM/OUT_reg[0]/D
  -------------------------------------------------------------------    -------------------

Slack:                    inf
  Source:                 my_computer/my_controller/RegWriteRegM/OUT_reg[0]/C
                            (rising edge-triggered cell FDRE)
  Destination:            my_computer/my_datapath/ALUM/OUT_reg[0]_rep__4/D
  Path Group:             (none)
  Path Type:              Max at Slow Process Corner
  Data Path Delay:        32.127ns  (logic 7.235ns (22.520%)  route 24.892ns (77.480%))
  Logic Levels:           32  (CARRY4=17 FDRE=1 LUT2=2 LUT3=2 LUT4=1 LUT5=4 LUT6=5)

    Location             Delay type                Incr(ns)  Path(ns)    Netlist Resource(s)
  -------------------------------------------------------------------    -------------------
    SLICE_X36Y76         FDRE                         0.000     0.000 r  my_computer/my_controller/RegWriteRegM/OUT_reg[0]/C
    SLICE_X36Y76         FDRE (Prop_fdre_C_Q)         0.456     0.456 r  my_computer/my_controller/RegWriteRegM/OUT_reg[0]/Q
                         net (fo=3, routed)           1.443     1.899    my_computer/my_datapath/RA2EReg/RegWriteM
    SLICE_X34Y86         LUT3 (Prop_lut3_I2_O)        0.150     2.049 r  my_computer/my_datapath/RA2EReg/OUT[31]_i_6__3/O
                         net (fo=35, routed)          0.630     2.679    my_computer/my_datapath/ForwardMuxB/OUT_reg[0]_rep__0_0
    SLICE_X36Y86         LUT2 (Prop_lut2_I1_O)        0.328     3.007 r  my_computer/my_datapath/ForwardMuxB/OUT[31]_i_4/O
                         net (fo=64, routed)          3.795     6.803    my_computer/my_datapath/ForwardMuxB/OUT_reg[0]
    SLICE_X44Y73         LUT6 (Prop_lut6_I4_O)        0.124     6.927 r  my_computer/my_datapath/ForwardMuxB/OUT[3]_i_1/O
                         net (fo=9, routed)           1.582     8.508    my_computer/my_controller/shamtRegE/DecidedR2[3]
    SLICE_X48Y87         LUT6 (Prop_lut6_I1_O)        0.124     8.632 r  my_computer/my_controller/shamtRegE/OUT[26]_i_21/O
                         net (fo=4, routed)           1.175     9.808    my_computer/my_controller/shamtRegE/OUT[26]_i_21_n_0
    SLICE_X51Y91         LUT4 (Prop_lut4_I2_O)        0.150     9.958 r  my_computer/my_controller/shamtRegE/OUT[8]_i_13/O
                         net (fo=2, routed)           0.810    10.767    my_computer/my_controller/shamtRegE/OUT[8]_i_13_n_0
    SLICE_X51Y92         LUT6 (Prop_lut6_I3_O)        0.326    11.093 r  my_computer/my_controller/shamtRegE/OUT[8]_i_8/O
                         net (fo=4, routed)           1.660    12.753    my_computer/my_controller/shcontrolRegE/OUT_reg[11]_i_10_0
    SLICE_X53Y78         LUT3 (Prop_lut3_I2_O)        0.152    12.905 r  my_computer/my_controller/shcontrolRegE/OUT[8]_i_5__1/O
                         net (fo=8, routed)           1.336    14.241    my_computer/my_controller/shcontrolRegE/OUT_reg[0]_4
    SLICE_X54Y81         LUT2 (Prop_lut2_I0_O)        0.332    14.573 r  my_computer/my_controller/shcontrolRegE/OUT[11]_i_37/O
                         net (fo=1, routed)           0.000    14.573    my_computer/my_datapath/WA3WReg/OUT[8]_i_3__0[0]
    SLICE_X54Y81         CARRY4 (Prop_carry4_S[0]_CO[3])
                                                      0.513    15.086 r  my_computer/my_datapath/WA3WReg/OUT_reg[11]_i_11/CO[3]
                         net (fo=1, routed)           0.000    15.086    my_computer/my_datapath/WA3WReg/OUT_reg[11]_i_11_n_0
    SLICE_X54Y82         CARRY4 (Prop_carry4_CI_CO[3])
                                                      0.117    15.203 r  my_computer/my_datapath/WA3WReg/OUT_reg[15]_i_11/CO[3]
                         net (fo=1, routed)           0.000    15.203    my_computer/my_datapath/WA3WReg/OUT_reg[15]_i_11_n_0
    SLICE_X54Y83         CARRY4 (Prop_carry4_CI_CO[3])
                                                      0.117    15.320 r  my_computer/my_datapath/WA3WReg/OUT_reg[19]_i_11/CO[3]
                         net (fo=1, routed)           0.000    15.320    my_computer/my_datapath/WA3WReg/OUT_reg[19]_i_11_n_0
    SLICE_X54Y84         CARRY4 (Prop_carry4_CI_CO[3])
                                                      0.117    15.437 r  my_computer/my_datapath/WA3WReg/OUT_reg[23]_i_11/CO[3]
                         net (fo=1, routed)           0.000    15.437    my_computer/my_datapath/WA3WReg/OUT_reg[23]_i_11_n_0
    SLICE_X54Y85         CARRY4 (Prop_carry4_CI_CO[3])
                                                      0.117    15.554 r  my_computer/my_datapath/WA3WReg/OUT_reg[27]_i_11/CO[3]
                         net (fo=1, routed)           0.000    15.554    my_computer/my_datapath/WA3WReg/OUT_reg[27]_i_11_n_0
    SLICE_X54Y86         CARRY4 (Prop_carry4_CI_CO[3])
                                                      0.117    15.671 r  my_computer/my_datapath/WA3WReg/OUT_reg[31]_i_11/CO[3]
                         net (fo=1, routed)           0.000    15.671    my_computer/my_datapath/WA3WReg/OUT_reg[31]_i_11_n_0
    SLICE_X54Y87         CARRY4 (Prop_carry4_CI_CO[0])
                                                      0.254    15.925 r  my_computer/my_datapath/WA3WReg/OUT_reg[3]_i_52/CO[0]
                         net (fo=1, routed)           1.085    17.010    my_computer/my_datapath/WA3WReg/alu/data2
    SLICE_X57Y88         LUT5 (Prop_lut5_I1_O)        0.367    17.377 r  my_computer/my_datapath/WA3WReg/OUT[3]_i_46/O
                         net (fo=3, routed)           1.180    18.557    my_computer/my_controller/ALUControlRegE/OUT_reg[3]_i_9
    SLICE_X57Y78         LUT5 (Prop_lut5_I1_O)        0.150    18.707 r  my_computer/my_controller/ALUControlRegE/OUT[3]_i_33/O
                         net (fo=1, routed)           0.646    19.353    my_computer/my_controller/shamtRegE/OUT[0]_i_3__0_2[0]
    SLICE_X55Y79         CARRY4 (Prop_carry4_S[0]_CO[3])
                                                      0.864    20.217 r  my_computer/my_controller/shamtRegE/OUT_reg[3]_i_10/CO[3]
                         net (fo=1, routed)           0.000    20.217    my_computer/my_controller/shamtRegE/OUT_reg[3]_i_10_n_0
    SLICE_X55Y80         CARRY4 (Prop_carry4_CI_CO[3])
                                                      0.114    20.331 r  my_computer/my_controller/shamtRegE/OUT_reg[7]_i_10/CO[3]
                         net (fo=1, routed)           0.000    20.331    my_computer/my_controller/shcontrolRegE/OUT[8]_i_3__0_1[0]
    SLICE_X55Y81         CARRY4 (Prop_carry4_CI_CO[3])
                                                      0.114    20.445 r  my_computer/my_controller/shcontrolRegE/OUT_reg[11]_i_10/CO[3]
                         net (fo=1, routed)           0.000    20.445    my_computer/my_controller/shcontrolRegE/OUT_reg[11]_i_10_n_0
    SLICE_X55Y82         CARRY4 (Prop_carry4_CI_CO[3])
                                                      0.114    20.559 r  my_computer/my_controller/shcontrolRegE/OUT_reg[15]_i_10/CO[3]
                         net (fo=1, routed)           0.000    20.559    my_computer/my_controller/shamtRegE/OUT[16]_i_3__0[0]
    SLICE_X55Y83         CARRY4 (Prop_carry4_CI_CO[3])
                                                      0.114    20.673 r  my_computer/my_controller/shamtRegE/OUT_reg[19]_i_10/CO[3]
                         net (fo=1, routed)           0.000    20.673    my_computer/my_controller/shamtRegE/OUT_reg[19]_i_10_n_0
    SLICE_X55Y84         CARRY4 (Prop_carry4_CI_CO[3])
                                                      0.114    20.787 r  my_computer/my_controller/shamtRegE/OUT_reg[23]_i_10/CO[3]
                         net (fo=1, routed)           0.000    20.787    my_computer/my_controller/shamtRegE/OUT_reg[23]_i_10_n_0
    SLICE_X55Y85         CARRY4 (Prop_carry4_CI_CO[3])
                                                      0.114    20.901 r  my_computer/my_controller/shamtRegE/OUT_reg[27]_i_10/CO[3]
                         net (fo=1, routed)           0.000    20.901    my_computer/my_controller/shamtRegE/OUT_reg[27]_i_10_n_0
    SLICE_X55Y86         CARRY4 (Prop_carry4_CI_CO[3])
                                                      0.114    21.015 r  my_computer/my_controller/shamtRegE/OUT_reg[31]_i_10/CO[3]
                         net (fo=1, routed)           0.000    21.015    my_computer/my_controller/shamtRegE/OUT_reg[31]_i_10_n_0
    SLICE_X55Y87         CARRY4 (Prop_carry4_CI_CO[0])
                                                      0.271    21.286 r  my_computer/my_controller/shamtRegE/OUT_reg[3]_i_49/CO[0]
                         net (fo=1, routed)           0.962    22.248    my_computer/my_controller/ALUControlRegE/OUT[3]_i_28_1[0]
    SLICE_X56Y88         LUT6 (Prop_lut6_I4_O)        0.373    22.621 r  my_computer/my_controller/ALUControlRegE/OUT[3]_i_45/O
                         net (fo=3, routed)           1.167    23.788    my_computer/my_controller/ALUControlRegE/OUT[3]_i_45_n_0
    SLICE_X57Y78         LUT5 (Prop_lut5_I0_O)        0.124    23.912 r  my_computer/my_controller/ALUControlRegE/OUT[3]_i_28/O
                         net (fo=1, routed)           0.952    24.865    my_computer/my_controller/shamtRegE/OUT[0]_i_3__0_1[0]
    SLICE_X53Y79         CARRY4 (Prop_carry4_S[0]_O[0])
                                                      0.371    25.236 r  my_computer/my_controller/shamtRegE/OUT_reg[3]_i_9/O[0]
                         net (fo=1, routed)           0.997    26.233    my_computer/my_controller/shamtRegE/OUT_reg[3]_i_9_n_7
    SLICE_X55Y78         LUT6 (Prop_lut6_I0_O)        0.299    26.532 r  my_computer/my_controller/shamtRegE/OUT[0]_i_3__0/O
                         net (fo=1, routed)           0.628    27.161    my_computer/my_controller/ALUControlRegE/OUT_reg[0]_rep__16
    SLICE_X52Y77         LUT5 (Prop_lut5_I3_O)        0.124    27.285 r  my_computer/my_controller/ALUControlRegE/OUT[0]_i_1__0/O
                         net (fo=21, routed)          4.842    32.127    my_computer/my_datapath/ALUM/OUT_reg[31]_0[0]
    SLICE_X14Y26         FDRE                                         r  my_computer/my_datapath/ALUM/OUT_reg[0]_rep__4/D
  -------------------------------------------------------------------    -------------------

Slack:                    inf
  Source:                 my_computer/my_controller/RegWriteRegM/OUT_reg[0]/C
                            (rising edge-triggered cell FDRE)
  Destination:            my_computer/my_datapath/ALUM/OUT_reg[0]_rep__0/D
  Path Group:             (none)
  Path Type:              Max at Slow Process Corner
  Data Path Delay:        32.126ns  (logic 7.235ns (22.521%)  route 24.891ns (77.479%))
  Logic Levels:           32  (CARRY4=17 FDRE=1 LUT2=2 LUT3=2 LUT4=1 LUT5=4 LUT6=5)

    Location             Delay type                Incr(ns)  Path(ns)    Netlist Resource(s)
  -------------------------------------------------------------------    -------------------
    SLICE_X36Y76         FDRE                         0.000     0.000 r  my_computer/my_controller/RegWriteRegM/OUT_reg[0]/C
    SLICE_X36Y76         FDRE (Prop_fdre_C_Q)         0.456     0.456 r  my_computer/my_controller/RegWriteRegM/OUT_reg[0]/Q
                         net (fo=3, routed)           1.443     1.899    my_computer/my_datapath/RA2EReg/RegWriteM
    SLICE_X34Y86         LUT3 (Prop_lut3_I2_O)        0.150     2.049 r  my_computer/my_datapath/RA2EReg/OUT[31]_i_6__3/O
                         net (fo=35, routed)          0.630     2.679    my_computer/my_datapath/ForwardMuxB/OUT_reg[0]_rep__0_0
    SLICE_X36Y86         LUT2 (Prop_lut2_I1_O)        0.328     3.007 r  my_computer/my_datapath/ForwardMuxB/OUT[31]_i_4/O
                         net (fo=64, routed)          3.795     6.803    my_computer/my_datapath/ForwardMuxB/OUT_reg[0]
    SLICE_X44Y73         LUT6 (Prop_lut6_I4_O)        0.124     6.927 r  my_computer/my_datapath/ForwardMuxB/OUT[3]_i_1/O
                         net (fo=9, routed)           1.582     8.508    my_computer/my_controller/shamtRegE/DecidedR2[3]
    SLICE_X48Y87         LUT6 (Prop_lut6_I1_O)        0.124     8.632 r  my_computer/my_controller/shamtRegE/OUT[26]_i_21/O
                         net (fo=4, routed)           1.175     9.808    my_computer/my_controller/shamtRegE/OUT[26]_i_21_n_0
    SLICE_X51Y91         LUT4 (Prop_lut4_I2_O)        0.150     9.958 r  my_computer/my_controller/shamtRegE/OUT[8]_i_13/O
                         net (fo=2, routed)           0.810    10.767    my_computer/my_controller/shamtRegE/OUT[8]_i_13_n_0
    SLICE_X51Y92         LUT6 (Prop_lut6_I3_O)        0.326    11.093 r  my_computer/my_controller/shamtRegE/OUT[8]_i_8/O
                         net (fo=4, routed)           1.660    12.753    my_computer/my_controller/shcontrolRegE/OUT_reg[11]_i_10_0
    SLICE_X53Y78         LUT3 (Prop_lut3_I2_O)        0.152    12.905 r  my_computer/my_controller/shcontrolRegE/OUT[8]_i_5__1/O
                         net (fo=8, routed)           1.336    14.241    my_computer/my_controller/shcontrolRegE/OUT_reg[0]_4
    SLICE_X54Y81         LUT2 (Prop_lut2_I0_O)        0.332    14.573 r  my_computer/my_controller/shcontrolRegE/OUT[11]_i_37/O
                         net (fo=1, routed)           0.000    14.573    my_computer/my_datapath/WA3WReg/OUT[8]_i_3__0[0]
    SLICE_X54Y81         CARRY4 (Prop_carry4_S[0]_CO[3])
                                                      0.513    15.086 r  my_computer/my_datapath/WA3WReg/OUT_reg[11]_i_11/CO[3]
                         net (fo=1, routed)           0.000    15.086    my_computer/my_datapath/WA3WReg/OUT_reg[11]_i_11_n_0
    SLICE_X54Y82         CARRY4 (Prop_carry4_CI_CO[3])
                                                      0.117    15.203 r  my_computer/my_datapath/WA3WReg/OUT_reg[15]_i_11/CO[3]
                         net (fo=1, routed)           0.000    15.203    my_computer/my_datapath/WA3WReg/OUT_reg[15]_i_11_n_0
    SLICE_X54Y83         CARRY4 (Prop_carry4_CI_CO[3])
                                                      0.117    15.320 r  my_computer/my_datapath/WA3WReg/OUT_reg[19]_i_11/CO[3]
                         net (fo=1, routed)           0.000    15.320    my_computer/my_datapath/WA3WReg/OUT_reg[19]_i_11_n_0
    SLICE_X54Y84         CARRY4 (Prop_carry4_CI_CO[3])
                                                      0.117    15.437 r  my_computer/my_datapath/WA3WReg/OUT_reg[23]_i_11/CO[3]
                         net (fo=1, routed)           0.000    15.437    my_computer/my_datapath/WA3WReg/OUT_reg[23]_i_11_n_0
    SLICE_X54Y85         CARRY4 (Prop_carry4_CI_CO[3])
                                                      0.117    15.554 r  my_computer/my_datapath/WA3WReg/OUT_reg[27]_i_11/CO[3]
                         net (fo=1, routed)           0.000    15.554    my_computer/my_datapath/WA3WReg/OUT_reg[27]_i_11_n_0
    SLICE_X54Y86         CARRY4 (Prop_carry4_CI_CO[3])
                                                      0.117    15.671 r  my_computer/my_datapath/WA3WReg/OUT_reg[31]_i_11/CO[3]
                         net (fo=1, routed)           0.000    15.671    my_computer/my_datapath/WA3WReg/OUT_reg[31]_i_11_n_0
    SLICE_X54Y87         CARRY4 (Prop_carry4_CI_CO[0])
                                                      0.254    15.925 r  my_computer/my_datapath/WA3WReg/OUT_reg[3]_i_52/CO[0]
                         net (fo=1, routed)           1.085    17.010    my_computer/my_datapath/WA3WReg/alu/data2
    SLICE_X57Y88         LUT5 (Prop_lut5_I1_O)        0.367    17.377 r  my_computer/my_datapath/WA3WReg/OUT[3]_i_46/O
                         net (fo=3, routed)           1.180    18.557    my_computer/my_controller/ALUControlRegE/OUT_reg[3]_i_9
    SLICE_X57Y78         LUT5 (Prop_lut5_I1_O)        0.150    18.707 r  my_computer/my_controller/ALUControlRegE/OUT[3]_i_33/O
                         net (fo=1, routed)           0.646    19.353    my_computer/my_controller/shamtRegE/OUT[0]_i_3__0_2[0]
    SLICE_X55Y79         CARRY4 (Prop_carry4_S[0]_CO[3])
                                                      0.864    20.217 r  my_computer/my_controller/shamtRegE/OUT_reg[3]_i_10/CO[3]
                         net (fo=1, routed)           0.000    20.217    my_computer/my_controller/shamtRegE/OUT_reg[3]_i_10_n_0
    SLICE_X55Y80         CARRY4 (Prop_carry4_CI_CO[3])
                                                      0.114    20.331 r  my_computer/my_controller/shamtRegE/OUT_reg[7]_i_10/CO[3]
                         net (fo=1, routed)           0.000    20.331    my_computer/my_controller/shcontrolRegE/OUT[8]_i_3__0_1[0]
    SLICE_X55Y81         CARRY4 (Prop_carry4_CI_CO[3])
                                                      0.114    20.445 r  my_computer/my_controller/shcontrolRegE/OUT_reg[11]_i_10/CO[3]
                         net (fo=1, routed)           0.000    20.445    my_computer/my_controller/shcontrolRegE/OUT_reg[11]_i_10_n_0
    SLICE_X55Y82         CARRY4 (Prop_carry4_CI_CO[3])
                                                      0.114    20.559 r  my_computer/my_controller/shcontrolRegE/OUT_reg[15]_i_10/CO[3]
                         net (fo=1, routed)           0.000    20.559    my_computer/my_controller/shamtRegE/OUT[16]_i_3__0[0]
    SLICE_X55Y83         CARRY4 (Prop_carry4_CI_CO[3])
                                                      0.114    20.673 r  my_computer/my_controller/shamtRegE/OUT_reg[19]_i_10/CO[3]
                         net (fo=1, routed)           0.000    20.673    my_computer/my_controller/shamtRegE/OUT_reg[19]_i_10_n_0
    SLICE_X55Y84         CARRY4 (Prop_carry4_CI_CO[3])
                                                      0.114    20.787 r  my_computer/my_controller/shamtRegE/OUT_reg[23]_i_10/CO[3]
                         net (fo=1, routed)           0.000    20.787    my_computer/my_controller/shamtRegE/OUT_reg[23]_i_10_n_0
    SLICE_X55Y85         CARRY4 (Prop_carry4_CI_CO[3])
                                                      0.114    20.901 r  my_computer/my_controller/shamtRegE/OUT_reg[27]_i_10/CO[3]
                         net (fo=1, routed)           0.000    20.901    my_computer/my_controller/shamtRegE/OUT_reg[27]_i_10_n_0
    SLICE_X55Y86         CARRY4 (Prop_carry4_CI_CO[3])
                                                      0.114    21.015 r  my_computer/my_controller/shamtRegE/OUT_reg[31]_i_10/CO[3]
                         net (fo=1, routed)           0.000    21.015    my_computer/my_controller/shamtRegE/OUT_reg[31]_i_10_n_0
    SLICE_X55Y87         CARRY4 (Prop_carry4_CI_CO[0])
                                                      0.271    21.286 r  my_computer/my_controller/shamtRegE/OUT_reg[3]_i_49/CO[0]
                         net (fo=1, routed)           0.962    22.248    my_computer/my_controller/ALUControlRegE/OUT[3]_i_28_1[0]
    SLICE_X56Y88         LUT6 (Prop_lut6_I4_O)        0.373    22.621 r  my_computer/my_controller/ALUControlRegE/OUT[3]_i_45/O
                         net (fo=3, routed)           1.167    23.788    my_computer/my_controller/ALUControlRegE/OUT[3]_i_45_n_0
    SLICE_X57Y78         LUT5 (Prop_lut5_I0_O)        0.124    23.912 r  my_computer/my_controller/ALUControlRegE/OUT[3]_i_28/O
                         net (fo=1, routed)           0.952    24.865    my_computer/my_controller/shamtRegE/OUT[0]_i_3__0_1[0]
    SLICE_X53Y79         CARRY4 (Prop_carry4_S[0]_O[0])
                                                      0.371    25.236 r  my_computer/my_controller/shamtRegE/OUT_reg[3]_i_9/O[0]
                         net (fo=1, routed)           0.997    26.233    my_computer/my_controller/shamtRegE/OUT_reg[3]_i_9_n_7
    SLICE_X55Y78         LUT6 (Prop_lut6_I0_O)        0.299    26.532 r  my_computer/my_controller/shamtRegE/OUT[0]_i_3__0/O
                         net (fo=1, routed)           0.628    27.161    my_computer/my_controller/ALUControlRegE/OUT_reg[0]_rep__16
    SLICE_X52Y77         LUT5 (Prop_lut5_I3_O)        0.124    27.285 r  my_computer/my_controller/ALUControlRegE/OUT[0]_i_1__0/O
                         net (fo=21, routed)          4.841    32.126    my_computer/my_datapath/ALUM/OUT_reg[31]_0[0]
    SLICE_X16Y21         FDRE                                         r  my_computer/my_datapath/ALUM/OUT_reg[0]_rep__0/D
  -------------------------------------------------------------------    -------------------

Slack:                    inf
  Source:                 my_computer/my_controller/RegWriteRegM/OUT_reg[0]/C
                            (rising edge-triggered cell FDRE)
  Destination:            my_computer/my_controller/FlagsRegE/OUT_reg[2]/D
  Path Group:             (none)
  Path Type:              Max at Slow Process Corner
  Data Path Delay:        32.114ns  (logic 8.668ns (26.992%)  route 23.446ns (73.008%))
  Logic Levels:           40  (CARRY4=22 FDRE=1 LUT2=2 LUT3=2 LUT4=1 LUT5=3 LUT6=9)

    Location             Delay type                Incr(ns)  Path(ns)    Netlist Resource(s)
  -------------------------------------------------------------------    -------------------
    SLICE_X36Y76         FDRE                         0.000     0.000 r  my_computer/my_controller/RegWriteRegM/OUT_reg[0]/C
    SLICE_X36Y76         FDRE (Prop_fdre_C_Q)         0.456     0.456 r  my_computer/my_controller/RegWriteRegM/OUT_reg[0]/Q
                         net (fo=3, routed)           1.443     1.899    my_computer/my_datapath/RA2EReg/RegWriteM
    SLICE_X34Y86         LUT3 (Prop_lut3_I2_O)        0.150     2.049 r  my_computer/my_datapath/RA2EReg/OUT[31]_i_6__3/O
                         net (fo=35, routed)          0.630     2.679    my_computer/my_datapath/ForwardMuxB/OUT_reg[0]_rep__0_0
    SLICE_X36Y86         LUT2 (Prop_lut2_I1_O)        0.328     3.007 r  my_computer/my_datapath/ForwardMuxB/OUT[31]_i_4/O
                         net (fo=64, routed)          3.795     6.803    my_computer/my_datapath/ForwardMuxB/OUT_reg[0]
    SLICE_X44Y73         LUT6 (Prop_lut6_I4_O)        0.124     6.927 r  my_computer/my_datapath/ForwardMuxB/OUT[3]_i_1/O
                         net (fo=9, routed)           1.582     8.508    my_computer/my_controller/shamtRegE/DecidedR2[3]
    SLICE_X48Y87         LUT6 (Prop_lut6_I1_O)        0.124     8.632 r  my_computer/my_controller/shamtRegE/OUT[26]_i_21/O
                         net (fo=4, routed)           1.175     9.808    my_computer/my_controller/shamtRegE/OUT[26]_i_21_n_0
    SLICE_X51Y91         LUT4 (Prop_lut4_I2_O)        0.150     9.958 r  my_computer/my_controller/shamtRegE/OUT[8]_i_13/O
                         net (fo=2, routed)           0.810    10.767    my_computer/my_controller/shamtRegE/OUT[8]_i_13_n_0
    SLICE_X51Y92         LUT6 (Prop_lut6_I3_O)        0.326    11.093 r  my_computer/my_controller/shamtRegE/OUT[8]_i_8/O
                         net (fo=4, routed)           1.660    12.753    my_computer/my_controller/shcontrolRegE/OUT_reg[11]_i_10_0
    SLICE_X53Y78         LUT3 (Prop_lut3_I2_O)        0.152    12.905 r  my_computer/my_controller/shcontrolRegE/OUT[8]_i_5__1/O
                         net (fo=8, routed)           1.336    14.241    my_computer/my_controller/shcontrolRegE/OUT_reg[0]_4
    SLICE_X54Y81         LUT2 (Prop_lut2_I0_O)        0.332    14.573 r  my_computer/my_controller/shcontrolRegE/OUT[11]_i_37/O
                         net (fo=1, routed)           0.000    14.573    my_computer/my_datapath/WA3WReg/OUT[8]_i_3__0[0]
    SLICE_X54Y81         CARRY4 (Prop_carry4_S[0]_CO[3])
                                                      0.513    15.086 r  my_computer/my_datapath/WA3WReg/OUT_reg[11]_i_11/CO[3]
                         net (fo=1, routed)           0.000    15.086    my_computer/my_datapath/WA3WReg/OUT_reg[11]_i_11_n_0
    SLICE_X54Y82         CARRY4 (Prop_carry4_CI_CO[3])
                                                      0.117    15.203 r  my_computer/my_datapath/WA3WReg/OUT_reg[15]_i_11/CO[3]
                         net (fo=1, routed)           0.000    15.203    my_computer/my_datapath/WA3WReg/OUT_reg[15]_i_11_n_0
    SLICE_X54Y83         CARRY4 (Prop_carry4_CI_CO[3])
                                                      0.117    15.320 r  my_computer/my_datapath/WA3WReg/OUT_reg[19]_i_11/CO[3]
                         net (fo=1, routed)           0.000    15.320    my_computer/my_datapath/WA3WReg/OUT_reg[19]_i_11_n_0
    SLICE_X54Y84         CARRY4 (Prop_carry4_CI_CO[3])
                                                      0.117    15.437 r  my_computer/my_datapath/WA3WReg/OUT_reg[23]_i_11/CO[3]
                         net (fo=1, routed)           0.000    15.437    my_computer/my_datapath/WA3WReg/OUT_reg[23]_i_11_n_0
    SLICE_X54Y85         CARRY4 (Prop_carry4_CI_CO[3])
                                                      0.117    15.554 r  my_computer/my_datapath/WA3WReg/OUT_reg[27]_i_11/CO[3]
                         net (fo=1, routed)           0.000    15.554    my_computer/my_datapath/WA3WReg/OUT_reg[27]_i_11_n_0
    SLICE_X54Y86         CARRY4 (Prop_carry4_CI_CO[3])
                                                      0.117    15.671 r  my_computer/my_datapath/WA3WReg/OUT_reg[31]_i_11/CO[3]
                         net (fo=1, routed)           0.000    15.671    my_computer/my_datapath/WA3WReg/OUT_reg[31]_i_11_n_0
    SLICE_X54Y87         CARRY4 (Prop_carry4_CI_CO[0])
                                                      0.254    15.925 r  my_computer/my_datapath/WA3WReg/OUT_reg[3]_i_52/CO[0]
                         net (fo=1, routed)           1.085    17.010    my_computer/my_datapath/WA3WReg/alu/data2
    SLICE_X57Y88         LUT5 (Prop_lut5_I1_O)        0.367    17.377 r  my_computer/my_datapath/WA3WReg/OUT[3]_i_46/O
                         net (fo=3, routed)           1.180    18.557    my_computer/my_controller/ALUControlRegE/OUT_reg[3]_i_9
    SLICE_X57Y78         LUT5 (Prop_lut5_I1_O)        0.150    18.707 r  my_computer/my_controller/ALUControlRegE/OUT[3]_i_33/O
                         net (fo=1, routed)           0.646    19.353    my_computer/my_controller/shamtRegE/OUT[0]_i_3__0_2[0]
    SLICE_X55Y79         CARRY4 (Prop_carry4_S[0]_CO[3])
                                                      0.864    20.217 r  my_computer/my_controller/shamtRegE/OUT_reg[3]_i_10/CO[3]
                         net (fo=1, routed)           0.000    20.217    my_computer/my_controller/shamtRegE/OUT_reg[3]_i_10_n_0
    SLICE_X55Y80         CARRY4 (Prop_carry4_CI_CO[3])
                                                      0.114    20.331 r  my_computer/my_controller/shamtRegE/OUT_reg[7]_i_10/CO[3]
                         net (fo=1, routed)           0.000    20.331    my_computer/my_controller/shcontrolRegE/OUT[8]_i_3__0_1[0]
    SLICE_X55Y81         CARRY4 (Prop_carry4_CI_CO[3])
                                                      0.114    20.445 r  my_computer/my_controller/shcontrolRegE/OUT_reg[11]_i_10/CO[3]
                         net (fo=1, routed)           0.000    20.445    my_computer/my_controller/shcontrolRegE/OUT_reg[11]_i_10_n_0
    SLICE_X55Y82         CARRY4 (Prop_carry4_CI_CO[3])
                                                      0.114    20.559 r  my_computer/my_controller/shcontrolRegE/OUT_reg[15]_i_10/CO[3]
                         net (fo=1, routed)           0.000    20.559    my_computer/my_controller/shamtRegE/OUT[16]_i_3__0[0]
    SLICE_X55Y83         CARRY4 (Prop_carry4_CI_CO[3])
                                                      0.114    20.673 r  my_computer/my_controller/shamtRegE/OUT_reg[19]_i_10/CO[3]
                         net (fo=1, routed)           0.000    20.673    my_computer/my_controller/shamtRegE/OUT_reg[19]_i_10_n_0
    SLICE_X55Y84         CARRY4 (Prop_carry4_CI_CO[3])
                                                      0.114    20.787 r  my_computer/my_controller/shamtRegE/OUT_reg[23]_i_10/CO[3]
                         net (fo=1, routed)           0.000    20.787    my_computer/my_controller/shamtRegE/OUT_reg[23]_i_10_n_0
    SLICE_X55Y85         CARRY4 (Prop_carry4_CI_CO[3])
                                                      0.114    20.901 r  my_computer/my_controller/shamtRegE/OUT_reg[27]_i_10/CO[3]
                         net (fo=1, routed)           0.000    20.901    my_computer/my_controller/shamtRegE/OUT_reg[27]_i_10_n_0
    SLICE_X55Y86         CARRY4 (Prop_carry4_CI_CO[3])
                                                      0.114    21.015 r  my_computer/my_controller/shamtRegE/OUT_reg[31]_i_10/CO[3]
                         net (fo=1, routed)           0.000    21.015    my_computer/my_controller/shamtRegE/OUT_reg[31]_i_10_n_0
    SLICE_X55Y87         CARRY4 (Prop_carry4_CI_CO[0])
                                                      0.271    21.286 r  my_computer/my_controller/shamtRegE/OUT_reg[3]_i_49/CO[0]
                         net (fo=1, routed)           0.962    22.248    my_computer/my_controller/ALUControlRegE/OUT[3]_i_28_1[0]
    SLICE_X56Y88         LUT6 (Prop_lut6_I4_O)        0.373    22.621 r  my_computer/my_controller/ALUControlRegE/OUT[3]_i_45/O
                         net (fo=3, routed)           1.167    23.788    my_computer/my_controller/ALUControlRegE/OUT[3]_i_45_n_0
    SLICE_X57Y78         LUT5 (Prop_lut5_I0_O)        0.124    23.912 r  my_computer/my_controller/ALUControlRegE/OUT[3]_i_28/O
                         net (fo=1, routed)           0.952    24.865    my_computer/my_controller/shamtRegE/OUT[0]_i_3__0_1[0]
    SLICE_X53Y79         CARRY4 (Prop_carry4_S[0]_CO[3])
                                                      0.656    25.521 r  my_computer/my_controller/shamtRegE/OUT_reg[3]_i_9/CO[3]
                         net (fo=1, routed)           0.000    25.521    my_computer/my_controller/shamtRegE/OUT_reg[3]_i_9_n_0
    SLICE_X53Y80         CARRY4 (Prop_carry4_CI_CO[3])
                                                      0.114    25.635 r  my_computer/my_controller/shamtRegE/OUT_reg[7]_i_9/CO[3]
                         net (fo=1, routed)           0.000    25.635    my_computer/my_controller/shcontrolRegE/OUT[8]_i_3__0_0[0]
    SLICE_X53Y81         CARRY4 (Prop_carry4_CI_CO[3])
                                                      0.114    25.749 r  my_computer/my_controller/shcontrolRegE/OUT_reg[11]_i_9/CO[3]
                         net (fo=1, routed)           0.000    25.749    my_computer/my_datapath/WA3WReg/OUT[12]_i_3__0_0[0]
    SLICE_X53Y82         CARRY4 (Prop_carry4_CI_CO[3])
                                                      0.114    25.863 r  my_computer/my_datapath/WA3WReg/OUT_reg[15]_i_9/CO[3]
                         net (fo=1, routed)           0.000    25.863    my_computer/my_datapath/WA3WReg/OUT_reg[15]_i_9_n_0
    SLICE_X53Y83         CARRY4 (Prop_carry4_CI_CO[3])
                                                      0.114    25.977 r  my_computer/my_datapath/WA3WReg/OUT_reg[19]_i_9/CO[3]
                         net (fo=1, routed)           0.000    25.977    my_computer/my_datapath/WA3WReg/OUT_reg[19]_i_9_n_0
    SLICE_X53Y84         CARRY4 (Prop_carry4_CI_O[3])
                                                      0.313    26.290 f  my_computer/my_datapath/WA3WReg/OUT_reg[23]_i_9/O[3]
                         net (fo=1, routed)           1.251    27.541    my_computer/my_datapath/WA3WReg/OUT_reg[23]_i_9_n_4
    SLICE_X55Y88         LUT6 (Prop_lut6_I0_O)        0.306    27.847 f  my_computer/my_datapath/WA3WReg/OUT[23]_i_3/O
                         net (fo=2, routed)           1.023    28.870    my_computer/my_controller/ALUControlRegE/OUT_reg[23]_0
    SLICE_X58Y85         LUT6 (Prop_lut6_I0_O)        0.124    28.994 f  my_computer/my_controller/ALUControlRegE/OUT[2]_i_18/O
                         net (fo=1, routed)           0.858    29.852    my_computer/my_controller/ALUControlRegE/OUT[2]_i_18_n_0
    SLICE_X59Y84         LUT6 (Prop_lut6_I5_O)        0.124    29.976 r  my_computer/my_controller/ALUControlRegE/OUT[2]_i_7__2/O
                         net (fo=1, routed)           0.729    30.705    my_computer/my_controller/ALUControlRegE/OUT[2]_i_7__2_n_0
    SLICE_X58Y84         LUT6 (Prop_lut6_I3_O)        0.124    30.829 r  my_computer/my_controller/ALUControlRegE/OUT[2]_i_2__0/O
                         net (fo=1, routed)           1.160    31.990    my_computer/my_controller/ALUControlRegE/OUT[2]_i_2__0_n_0
    SLICE_X49Y77         LUT6 (Prop_lut6_I0_O)        0.124    32.114 r  my_computer/my_controller/ALUControlRegE/OUT[2]_i_1__3/O
                         net (fo=1, routed)           0.000    32.114    my_computer/my_controller/FlagsRegE/OUT_reg[2]_1
    SLICE_X49Y77         FDRE                                         r  my_computer/my_controller/FlagsRegE/OUT_reg[2]/D
  -------------------------------------------------------------------    -------------------

Slack:                    inf
  Source:                 my_computer/my_controller/RegWriteRegM/OUT_reg[0]/C
                            (rising edge-triggered cell FDRE)
  Destination:            my_computer/my_datapath/ALUM/OUT_reg[0]_rep__8/D
  Path Group:             (none)
  Path Type:              Max at Slow Process Corner
  Data Path Delay:        32.015ns  (logic 7.235ns (22.599%)  route 24.780ns (77.401%))
  Logic Levels:           32  (CARRY4=17 FDRE=1 LUT2=2 LUT3=2 LUT4=1 LUT5=4 LUT6=5)

    Location             Delay type                Incr(ns)  Path(ns)    Netlist Resource(s)
  -------------------------------------------------------------------    -------------------
    SLICE_X36Y76         FDRE                         0.000     0.000 r  my_computer/my_controller/RegWriteRegM/OUT_reg[0]/C
    SLICE_X36Y76         FDRE (Prop_fdre_C_Q)         0.456     0.456 r  my_computer/my_controller/RegWriteRegM/OUT_reg[0]/Q
                         net (fo=3, routed)           1.443     1.899    my_computer/my_datapath/RA2EReg/RegWriteM
    SLICE_X34Y86         LUT3 (Prop_lut3_I2_O)        0.150     2.049 r  my_computer/my_datapath/RA2EReg/OUT[31]_i_6__3/O
                         net (fo=35, routed)          0.630     2.679    my_computer/my_datapath/ForwardMuxB/OUT_reg[0]_rep__0_0
    SLICE_X36Y86         LUT2 (Prop_lut2_I1_O)        0.328     3.007 r  my_computer/my_datapath/ForwardMuxB/OUT[31]_i_4/O
                         net (fo=64, routed)          3.795     6.803    my_computer/my_datapath/ForwardMuxB/OUT_reg[0]
    SLICE_X44Y73         LUT6 (Prop_lut6_I4_O)        0.124     6.927 r  my_computer/my_datapath/ForwardMuxB/OUT[3]_i_1/O
                         net (fo=9, routed)           1.582     8.508    my_computer/my_controller/shamtRegE/DecidedR2[3]
    SLICE_X48Y87         LUT6 (Prop_lut6_I1_O)        0.124     8.632 r  my_computer/my_controller/shamtRegE/OUT[26]_i_21/O
                         net (fo=4, routed)           1.175     9.808    my_computer/my_controller/shamtRegE/OUT[26]_i_21_n_0
    SLICE_X51Y91         LUT4 (Prop_lut4_I2_O)        0.150     9.958 r  my_computer/my_controller/shamtRegE/OUT[8]_i_13/O
                         net (fo=2, routed)           0.810    10.767    my_computer/my_controller/shamtRegE/OUT[8]_i_13_n_0
    SLICE_X51Y92         LUT6 (Prop_lut6_I3_O)        0.326    11.093 r  my_computer/my_controller/shamtRegE/OUT[8]_i_8/O
                         net (fo=4, routed)           1.660    12.753    my_computer/my_controller/shcontrolRegE/OUT_reg[11]_i_10_0
    SLICE_X53Y78         LUT3 (Prop_lut3_I2_O)        0.152    12.905 r  my_computer/my_controller/shcontrolRegE/OUT[8]_i_5__1/O
                         net (fo=8, routed)           1.336    14.241    my_computer/my_controller/shcontrolRegE/OUT_reg[0]_4
    SLICE_X54Y81         LUT2 (Prop_lut2_I0_O)        0.332    14.573 r  my_computer/my_controller/shcontrolRegE/OUT[11]_i_37/O
                         net (fo=1, routed)           0.000    14.573    my_computer/my_datapath/WA3WReg/OUT[8]_i_3__0[0]
    SLICE_X54Y81         CARRY4 (Prop_carry4_S[0]_CO[3])
                                                      0.513    15.086 r  my_computer/my_datapath/WA3WReg/OUT_reg[11]_i_11/CO[3]
                         net (fo=1, routed)           0.000    15.086    my_computer/my_datapath/WA3WReg/OUT_reg[11]_i_11_n_0
    SLICE_X54Y82         CARRY4 (Prop_carry4_CI_CO[3])
                                                      0.117    15.203 r  my_computer/my_datapath/WA3WReg/OUT_reg[15]_i_11/CO[3]
                         net (fo=1, routed)           0.000    15.203    my_computer/my_datapath/WA3WReg/OUT_reg[15]_i_11_n_0
    SLICE_X54Y83         CARRY4 (Prop_carry4_CI_CO[3])
                                                      0.117    15.320 r  my_computer/my_datapath/WA3WReg/OUT_reg[19]_i_11/CO[3]
                         net (fo=1, routed)           0.000    15.320    my_computer/my_datapath/WA3WReg/OUT_reg[19]_i_11_n_0
    SLICE_X54Y84         CARRY4 (Prop_carry4_CI_CO[3])
                                                      0.117    15.437 r  my_computer/my_datapath/WA3WReg/OUT_reg[23]_i_11/CO[3]
                         net (fo=1, routed)           0.000    15.437    my_computer/my_datapath/WA3WReg/OUT_reg[23]_i_11_n_0
    SLICE_X54Y85         CARRY4 (Prop_carry4_CI_CO[3])
                                                      0.117    15.554 r  my_computer/my_datapath/WA3WReg/OUT_reg[27]_i_11/CO[3]
                         net (fo=1, routed)           0.000    15.554    my_computer/my_datapath/WA3WReg/OUT_reg[27]_i_11_n_0
    SLICE_X54Y86         CARRY4 (Prop_carry4_CI_CO[3])
                                                      0.117    15.671 r  my_computer/my_datapath/WA3WReg/OUT_reg[31]_i_11/CO[3]
                         net (fo=1, routed)           0.000    15.671    my_computer/my_datapath/WA3WReg/OUT_reg[31]_i_11_n_0
    SLICE_X54Y87         CARRY4 (Prop_carry4_CI_CO[0])
                                                      0.254    15.925 r  my_computer/my_datapath/WA3WReg/OUT_reg[3]_i_52/CO[0]
                         net (fo=1, routed)           1.085    17.010    my_computer/my_datapath/WA3WReg/alu/data2
    SLICE_X57Y88         LUT5 (Prop_lut5_I1_O)        0.367    17.377 r  my_computer/my_datapath/WA3WReg/OUT[3]_i_46/O
                         net (fo=3, routed)           1.180    18.557    my_computer/my_controller/ALUControlRegE/OUT_reg[3]_i_9
    SLICE_X57Y78         LUT5 (Prop_lut5_I1_O)        0.150    18.707 r  my_computer/my_controller/ALUControlRegE/OUT[3]_i_33/O
                         net (fo=1, routed)           0.646    19.353    my_computer/my_controller/shamtRegE/OUT[0]_i_3__0_2[0]
    SLICE_X55Y79         CARRY4 (Prop_carry4_S[0]_CO[3])
                                                      0.864    20.217 r  my_computer/my_controller/shamtRegE/OUT_reg[3]_i_10/CO[3]
                         net (fo=1, routed)           0.000    20.217    my_computer/my_controller/shamtRegE/OUT_reg[3]_i_10_n_0
    SLICE_X55Y80         CARRY4 (Prop_carry4_CI_CO[3])
                                                      0.114    20.331 r  my_computer/my_controller/shamtRegE/OUT_reg[7]_i_10/CO[3]
                         net (fo=1, routed)           0.000    20.331    my_computer/my_controller/shcontrolRegE/OUT[8]_i_3__0_1[0]
    SLICE_X55Y81         CARRY4 (Prop_carry4_CI_CO[3])
                                                      0.114    20.445 r  my_computer/my_controller/shcontrolRegE/OUT_reg[11]_i_10/CO[3]
                         net (fo=1, routed)           0.000    20.445    my_computer/my_controller/shcontrolRegE/OUT_reg[11]_i_10_n_0
    SLICE_X55Y82         CARRY4 (Prop_carry4_CI_CO[3])
                                                      0.114    20.559 r  my_computer/my_controller/shcontrolRegE/OUT_reg[15]_i_10/CO[3]
                         net (fo=1, routed)           0.000    20.559    my_computer/my_controller/shamtRegE/OUT[16]_i_3__0[0]
    SLICE_X55Y83         CARRY4 (Prop_carry4_CI_CO[3])
                                                      0.114    20.673 r  my_computer/my_controller/shamtRegE/OUT_reg[19]_i_10/CO[3]
                         net (fo=1, routed)           0.000    20.673    my_computer/my_controller/shamtRegE/OUT_reg[19]_i_10_n_0
    SLICE_X55Y84         CARRY4 (Prop_carry4_CI_CO[3])
                                                      0.114    20.787 r  my_computer/my_controller/shamtRegE/OUT_reg[23]_i_10/CO[3]
                         net (fo=1, routed)           0.000    20.787    my_computer/my_controller/shamtRegE/OUT_reg[23]_i_10_n_0
    SLICE_X55Y85         CARRY4 (Prop_carry4_CI_CO[3])
                                                      0.114    20.901 r  my_computer/my_controller/shamtRegE/OUT_reg[27]_i_10/CO[3]
                         net (fo=1, routed)           0.000    20.901    my_computer/my_controller/shamtRegE/OUT_reg[27]_i_10_n_0
    SLICE_X55Y86         CARRY4 (Prop_carry4_CI_CO[3])
                                                      0.114    21.015 r  my_computer/my_controller/shamtRegE/OUT_reg[31]_i_10/CO[3]
                         net (fo=1, routed)           0.000    21.015    my_computer/my_controller/shamtRegE/OUT_reg[31]_i_10_n_0
    SLICE_X55Y87         CARRY4 (Prop_carry4_CI_CO[0])
                                                      0.271    21.286 r  my_computer/my_controller/shamtRegE/OUT_reg[3]_i_49/CO[0]
                         net (fo=1, routed)           0.962    22.248    my_computer/my_controller/ALUControlRegE/OUT[3]_i_28_1[0]
    SLICE_X56Y88         LUT6 (Prop_lut6_I4_O)        0.373    22.621 r  my_computer/my_controller/ALUControlRegE/OUT[3]_i_45/O
                         net (fo=3, routed)           1.167    23.788    my_computer/my_controller/ALUControlRegE/OUT[3]_i_45_n_0
    SLICE_X57Y78         LUT5 (Prop_lut5_I0_O)        0.124    23.912 r  my_computer/my_controller/ALUControlRegE/OUT[3]_i_28/O
                         net (fo=1, routed)           0.952    24.865    my_computer/my_controller/shamtRegE/OUT[0]_i_3__0_1[0]
    SLICE_X53Y79         CARRY4 (Prop_carry4_S[0]_O[0])
                                                      0.371    25.236 r  my_computer/my_controller/shamtRegE/OUT_reg[3]_i_9/O[0]
                         net (fo=1, routed)           0.997    26.233    my_computer/my_controller/shamtRegE/OUT_reg[3]_i_9_n_7
    SLICE_X55Y78         LUT6 (Prop_lut6_I0_O)        0.299    26.532 r  my_computer/my_controller/shamtRegE/OUT[0]_i_3__0/O
                         net (fo=1, routed)           0.628    27.161    my_computer/my_controller/ALUControlRegE/OUT_reg[0]_rep__16
    SLICE_X52Y77         LUT5 (Prop_lut5_I3_O)        0.124    27.285 r  my_computer/my_controller/ALUControlRegE/OUT[0]_i_1__0/O
                         net (fo=21, routed)          4.730    32.015    my_computer/my_datapath/ALUM/OUT_reg[31]_0[0]
    SLICE_X16Y21         FDRE                                         r  my_computer/my_datapath/ALUM/OUT_reg[0]_rep__8/D
  -------------------------------------------------------------------    -------------------

Slack:                    inf
  Source:                 my_computer/my_controller/RegWriteRegM/OUT_reg[0]/C
                            (rising edge-triggered cell FDRE)
  Destination:            my_computer/my_datapath/ALUM/OUT_reg[0]_rep__11/D
  Path Group:             (none)
  Path Type:              Max at Slow Process Corner
  Data Path Delay:        32.012ns  (logic 7.235ns (22.601%)  route 24.777ns (77.399%))
  Logic Levels:           32  (CARRY4=17 FDRE=1 LUT2=2 LUT3=2 LUT4=1 LUT5=4 LUT6=5)

    Location             Delay type                Incr(ns)  Path(ns)    Netlist Resource(s)
  -------------------------------------------------------------------    -------------------
    SLICE_X36Y76         FDRE                         0.000     0.000 r  my_computer/my_controller/RegWriteRegM/OUT_reg[0]/C
    SLICE_X36Y76         FDRE (Prop_fdre_C_Q)         0.456     0.456 r  my_computer/my_controller/RegWriteRegM/OUT_reg[0]/Q
                         net (fo=3, routed)           1.443     1.899    my_computer/my_datapath/RA2EReg/RegWriteM
    SLICE_X34Y86         LUT3 (Prop_lut3_I2_O)        0.150     2.049 r  my_computer/my_datapath/RA2EReg/OUT[31]_i_6__3/O
                         net (fo=35, routed)          0.630     2.679    my_computer/my_datapath/ForwardMuxB/OUT_reg[0]_rep__0_0
    SLICE_X36Y86         LUT2 (Prop_lut2_I1_O)        0.328     3.007 r  my_computer/my_datapath/ForwardMuxB/OUT[31]_i_4/O
                         net (fo=64, routed)          3.795     6.803    my_computer/my_datapath/ForwardMuxB/OUT_reg[0]
    SLICE_X44Y73         LUT6 (Prop_lut6_I4_O)        0.124     6.927 r  my_computer/my_datapath/ForwardMuxB/OUT[3]_i_1/O
                         net (fo=9, routed)           1.582     8.508    my_computer/my_controller/shamtRegE/DecidedR2[3]
    SLICE_X48Y87         LUT6 (Prop_lut6_I1_O)        0.124     8.632 r  my_computer/my_controller/shamtRegE/OUT[26]_i_21/O
                         net (fo=4, routed)           1.175     9.808    my_computer/my_controller/shamtRegE/OUT[26]_i_21_n_0
    SLICE_X51Y91         LUT4 (Prop_lut4_I2_O)        0.150     9.958 r  my_computer/my_controller/shamtRegE/OUT[8]_i_13/O
                         net (fo=2, routed)           0.810    10.767    my_computer/my_controller/shamtRegE/OUT[8]_i_13_n_0
    SLICE_X51Y92         LUT6 (Prop_lut6_I3_O)        0.326    11.093 r  my_computer/my_controller/shamtRegE/OUT[8]_i_8/O
                         net (fo=4, routed)           1.660    12.753    my_computer/my_controller/shcontrolRegE/OUT_reg[11]_i_10_0
    SLICE_X53Y78         LUT3 (Prop_lut3_I2_O)        0.152    12.905 r  my_computer/my_controller/shcontrolRegE/OUT[8]_i_5__1/O
                         net (fo=8, routed)           1.336    14.241    my_computer/my_controller/shcontrolRegE/OUT_reg[0]_4
    SLICE_X54Y81         LUT2 (Prop_lut2_I0_O)        0.332    14.573 r  my_computer/my_controller/shcontrolRegE/OUT[11]_i_37/O
                         net (fo=1, routed)           0.000    14.573    my_computer/my_datapath/WA3WReg/OUT[8]_i_3__0[0]
    SLICE_X54Y81         CARRY4 (Prop_carry4_S[0]_CO[3])
                                                      0.513    15.086 r  my_computer/my_datapath/WA3WReg/OUT_reg[11]_i_11/CO[3]
                         net (fo=1, routed)           0.000    15.086    my_computer/my_datapath/WA3WReg/OUT_reg[11]_i_11_n_0
    SLICE_X54Y82         CARRY4 (Prop_carry4_CI_CO[3])
                                                      0.117    15.203 r  my_computer/my_datapath/WA3WReg/OUT_reg[15]_i_11/CO[3]
                         net (fo=1, routed)           0.000    15.203    my_computer/my_datapath/WA3WReg/OUT_reg[15]_i_11_n_0
    SLICE_X54Y83         CARRY4 (Prop_carry4_CI_CO[3])
                                                      0.117    15.320 r  my_computer/my_datapath/WA3WReg/OUT_reg[19]_i_11/CO[3]
                         net (fo=1, routed)           0.000    15.320    my_computer/my_datapath/WA3WReg/OUT_reg[19]_i_11_n_0
    SLICE_X54Y84         CARRY4 (Prop_carry4_CI_CO[3])
                                                      0.117    15.437 r  my_computer/my_datapath/WA3WReg/OUT_reg[23]_i_11/CO[3]
                         net (fo=1, routed)           0.000    15.437    my_computer/my_datapath/WA3WReg/OUT_reg[23]_i_11_n_0
    SLICE_X54Y85         CARRY4 (Prop_carry4_CI_CO[3])
                                                      0.117    15.554 r  my_computer/my_datapath/WA3WReg/OUT_reg[27]_i_11/CO[3]
                         net (fo=1, routed)           0.000    15.554    my_computer/my_datapath/WA3WReg/OUT_reg[27]_i_11_n_0
    SLICE_X54Y86         CARRY4 (Prop_carry4_CI_CO[3])
                                                      0.117    15.671 r  my_computer/my_datapath/WA3WReg/OUT_reg[31]_i_11/CO[3]
                         net (fo=1, routed)           0.000    15.671    my_computer/my_datapath/WA3WReg/OUT_reg[31]_i_11_n_0
    SLICE_X54Y87         CARRY4 (Prop_carry4_CI_CO[0])
                                                      0.254    15.925 r  my_computer/my_datapath/WA3WReg/OUT_reg[3]_i_52/CO[0]
                         net (fo=1, routed)           1.085    17.010    my_computer/my_datapath/WA3WReg/alu/data2
    SLICE_X57Y88         LUT5 (Prop_lut5_I1_O)        0.367    17.377 r  my_computer/my_datapath/WA3WReg/OUT[3]_i_46/O
                         net (fo=3, routed)           1.180    18.557    my_computer/my_controller/ALUControlRegE/OUT_reg[3]_i_9
    SLICE_X57Y78         LUT5 (Prop_lut5_I1_O)        0.150    18.707 r  my_computer/my_controller/ALUControlRegE/OUT[3]_i_33/O
                         net (fo=1, routed)           0.646    19.353    my_computer/my_controller/shamtRegE/OUT[0]_i_3__0_2[0]
    SLICE_X55Y79         CARRY4 (Prop_carry4_S[0]_CO[3])
                                                      0.864    20.217 r  my_computer/my_controller/shamtRegE/OUT_reg[3]_i_10/CO[3]
                         net (fo=1, routed)           0.000    20.217    my_computer/my_controller/shamtRegE/OUT_reg[3]_i_10_n_0
    SLICE_X55Y80         CARRY4 (Prop_carry4_CI_CO[3])
                                                      0.114    20.331 r  my_computer/my_controller/shamtRegE/OUT_reg[7]_i_10/CO[3]
                         net (fo=1, routed)           0.000    20.331    my_computer/my_controller/shcontrolRegE/OUT[8]_i_3__0_1[0]
    SLICE_X55Y81         CARRY4 (Prop_carry4_CI_CO[3])
                                                      0.114    20.445 r  my_computer/my_controller/shcontrolRegE/OUT_reg[11]_i_10/CO[3]
                         net (fo=1, routed)           0.000    20.445    my_computer/my_controller/shcontrolRegE/OUT_reg[11]_i_10_n_0
    SLICE_X55Y82         CARRY4 (Prop_carry4_CI_CO[3])
                                                      0.114    20.559 r  my_computer/my_controller/shcontrolRegE/OUT_reg[15]_i_10/CO[3]
                         net (fo=1, routed)           0.000    20.559    my_computer/my_controller/shamtRegE/OUT[16]_i_3__0[0]
    SLICE_X55Y83         CARRY4 (Prop_carry4_CI_CO[3])
                                                      0.114    20.673 r  my_computer/my_controller/shamtRegE/OUT_reg[19]_i_10/CO[3]
                         net (fo=1, routed)           0.000    20.673    my_computer/my_controller/shamtRegE/OUT_reg[19]_i_10_n_0
    SLICE_X55Y84         CARRY4 (Prop_carry4_CI_CO[3])
                                                      0.114    20.787 r  my_computer/my_controller/shamtRegE/OUT_reg[23]_i_10/CO[3]
                         net (fo=1, routed)           0.000    20.787    my_computer/my_controller/shamtRegE/OUT_reg[23]_i_10_n_0
    SLICE_X55Y85         CARRY4 (Prop_carry4_CI_CO[3])
                                                      0.114    20.901 r  my_computer/my_controller/shamtRegE/OUT_reg[27]_i_10/CO[3]
                         net (fo=1, routed)           0.000    20.901    my_computer/my_controller/shamtRegE/OUT_reg[27]_i_10_n_0
    SLICE_X55Y86         CARRY4 (Prop_carry4_CI_CO[3])
                                                      0.114    21.015 r  my_computer/my_controller/shamtRegE/OUT_reg[31]_i_10/CO[3]
                         net (fo=1, routed)           0.000    21.015    my_computer/my_controller/shamtRegE/OUT_reg[31]_i_10_n_0
    SLICE_X55Y87         CARRY4 (Prop_carry4_CI_CO[0])
                                                      0.271    21.286 r  my_computer/my_controller/shamtRegE/OUT_reg[3]_i_49/CO[0]
                         net (fo=1, routed)           0.962    22.248    my_computer/my_controller/ALUControlRegE/OUT[3]_i_28_1[0]
    SLICE_X56Y88         LUT6 (Prop_lut6_I4_O)        0.373    22.621 r  my_computer/my_controller/ALUControlRegE/OUT[3]_i_45/O
                         net (fo=3, routed)           1.167    23.788    my_computer/my_controller/ALUControlRegE/OUT[3]_i_45_n_0
    SLICE_X57Y78         LUT5 (Prop_lut5_I0_O)        0.124    23.912 r  my_computer/my_controller/ALUControlRegE/OUT[3]_i_28/O
                         net (fo=1, routed)           0.952    24.865    my_computer/my_controller/shamtRegE/OUT[0]_i_3__0_1[0]
    SLICE_X53Y79         CARRY4 (Prop_carry4_S[0]_O[0])
                                                      0.371    25.236 r  my_computer/my_controller/shamtRegE/OUT_reg[3]_i_9/O[0]
                         net (fo=1, routed)           0.997    26.233    my_computer/my_controller/shamtRegE/OUT_reg[3]_i_9_n_7
    SLICE_X55Y78         LUT6 (Prop_lut6_I0_O)        0.299    26.532 r  my_computer/my_controller/shamtRegE/OUT[0]_i_3__0/O
                         net (fo=1, routed)           0.628    27.161    my_computer/my_controller/ALUControlRegE/OUT_reg[0]_rep__16
    SLICE_X52Y77         LUT5 (Prop_lut5_I3_O)        0.124    27.285 r  my_computer/my_controller/ALUControlRegE/OUT[0]_i_1__0/O
                         net (fo=21, routed)          4.727    32.012    my_computer/my_datapath/ALUM/OUT_reg[31]_0[0]
    SLICE_X16Y21         FDRE                                         r  my_computer/my_datapath/ALUM/OUT_reg[0]_rep__11/D
  -------------------------------------------------------------------    -------------------





Min Delay Paths
--------------------------------------------------------------------------------------
Slack:                    inf
  Source:                 my_computer/my_datapath/PCRegM/OUT_reg[16]/C
                            (rising edge-triggered cell FDRE)
  Destination:            my_computer/my_datapath/PCRegW/OUT_reg[16]/D
  Path Group:             (none)
  Path Type:              Min at Fast Process Corner
  Data Path Delay:        0.197ns  (logic 0.141ns (71.611%)  route 0.056ns (28.389%))
  Logic Levels:           1  (FDRE=1)

    Location             Delay type                Incr(ns)  Path(ns)    Netlist Resource(s)
  -------------------------------------------------------------------    -------------------
    SLICE_X41Y80         FDRE                         0.000     0.000 r  my_computer/my_datapath/PCRegM/OUT_reg[16]/C
    SLICE_X41Y80         FDRE (Prop_fdre_C_Q)         0.141     0.141 r  my_computer/my_datapath/PCRegM/OUT_reg[16]/Q
                         net (fo=1, routed)           0.056     0.197    my_computer/my_datapath/PCRegW/D[16]
    SLICE_X41Y80         FDRE                                         r  my_computer/my_datapath/PCRegW/OUT_reg[16]/D
  -------------------------------------------------------------------    -------------------

Slack:                    inf
  Source:                 my_computer/my_controller/PCSrcRegM/OUT_reg[0]/C
                            (rising edge-triggered cell FDRE)
  Destination:            my_computer/my_controller/PCSrcRegW/OUT_reg[0]/D
  Path Group:             (none)
  Path Type:              Min at Fast Process Corner
  Data Path Delay:        0.199ns  (logic 0.141ns (70.953%)  route 0.058ns (29.047%))
  Logic Levels:           1  (FDRE=1)

    Location             Delay type                Incr(ns)  Path(ns)    Netlist Resource(s)
  -------------------------------------------------------------------    -------------------
    SLICE_X40Y74         FDRE                         0.000     0.000 r  my_computer/my_controller/PCSrcRegM/OUT_reg[0]/C
    SLICE_X40Y74         FDRE (Prop_fdre_C_Q)         0.141     0.141 r  my_computer/my_controller/PCSrcRegM/OUT_reg[0]/Q
                         net (fo=3, routed)           0.058     0.199    my_computer/my_controller/PCSrcRegW/PCSrcM
    SLICE_X40Y74         FDRE                                         r  my_computer/my_controller/PCSrcRegW/OUT_reg[0]/D
  -------------------------------------------------------------------    -------------------

Slack:                    inf
  Source:                 my_computer/my_controller/MemToRegRegM/OUT_reg[0]/C
                            (rising edge-triggered cell FDRE)
  Destination:            my_computer/my_controller/MemToRegRegW/OUT_reg[0]/D
  Path Group:             (none)
  Path Type:              Min at Fast Process Corner
  Data Path Delay:        0.206ns  (logic 0.141ns (68.336%)  route 0.065ns (31.664%))
  Logic Levels:           1  (FDRE=1)

    Location             Delay type                Incr(ns)  Path(ns)    Netlist Resource(s)
  -------------------------------------------------------------------    -------------------
    SLICE_X40Y74         FDRE                         0.000     0.000 r  my_computer/my_controller/MemToRegRegM/OUT_reg[0]/C
    SLICE_X40Y74         FDRE (Prop_fdre_C_Q)         0.141     0.141 r  my_computer/my_controller/MemToRegRegM/OUT_reg[0]/Q
                         net (fo=1, routed)           0.065     0.206    my_computer/my_controller/MemToRegRegW/OUT_reg[0]_0
    SLICE_X40Y74         FDRE                                         r  my_computer/my_controller/MemToRegRegW/OUT_reg[0]/D
  -------------------------------------------------------------------    -------------------

Slack:                    inf
  Source:                 my_computer/my_controller/linkRegM/OUT_reg[0]/C
                            (rising edge-triggered cell FDRE)
  Destination:            my_computer/my_controller/linkRegW/OUT_reg[0]/D
  Path Group:             (none)
  Path Type:              Min at Fast Process Corner
  Data Path Delay:        0.245ns  (logic 0.141ns (57.511%)  route 0.104ns (42.489%))
  Logic Levels:           1  (FDRE=1)

    Location             Delay type                Incr(ns)  Path(ns)    Netlist Resource(s)
  -------------------------------------------------------------------    -------------------
    SLICE_X45Y70         FDRE                         0.000     0.000 r  my_computer/my_controller/linkRegM/OUT_reg[0]/C
    SLICE_X45Y70         FDRE (Prop_fdre_C_Q)         0.141     0.141 r  my_computer/my_controller/linkRegM/OUT_reg[0]/Q
                         net (fo=1, routed)           0.104     0.245    my_computer/my_controller/linkRegW/OUT_reg[0]_0
    SLICE_X45Y70         FDRE                                         r  my_computer/my_controller/linkRegW/OUT_reg[0]/D
  -------------------------------------------------------------------    -------------------

Slack:                    inf
  Source:                 my_computer/my_datapath/PCRegM/OUT_reg[11]/C
                            (rising edge-triggered cell FDRE)
  Destination:            my_computer/my_datapath/PCRegW/OUT_reg[11]/D
  Path Group:             (none)
  Path Type:              Min at Fast Process Corner
  Data Path Delay:        0.251ns  (logic 0.141ns (56.174%)  route 0.110ns (43.826%))
  Logic Levels:           1  (FDRE=1)

    Location             Delay type                Incr(ns)  Path(ns)    Netlist Resource(s)
  -------------------------------------------------------------------    -------------------
    SLICE_X41Y79         FDRE                         0.000     0.000 r  my_computer/my_datapath/PCRegM/OUT_reg[11]/C
    SLICE_X41Y79         FDRE (Prop_fdre_C_Q)         0.141     0.141 r  my_computer/my_datapath/PCRegM/OUT_reg[11]/Q
                         net (fo=1, routed)           0.110     0.251    my_computer/my_datapath/PCRegW/D[11]
    SLICE_X41Y78         FDRE                                         r  my_computer/my_datapath/PCRegW/OUT_reg[11]/D
  -------------------------------------------------------------------    -------------------

Slack:                    inf
  Source:                 my_computer/my_datapath/PCRegM/OUT_reg[18]/C
                            (rising edge-triggered cell FDRE)
  Destination:            my_computer/my_datapath/PCRegW/OUT_reg[18]/D
  Path Group:             (none)
  Path Type:              Min at Fast Process Corner
  Data Path Delay:        0.251ns  (logic 0.141ns (56.174%)  route 0.110ns (43.826%))
  Logic Levels:           1  (FDRE=1)

    Location             Delay type                Incr(ns)  Path(ns)    Netlist Resource(s)
  -------------------------------------------------------------------    -------------------
    SLICE_X41Y80         FDRE                         0.000     0.000 r  my_computer/my_datapath/PCRegM/OUT_reg[18]/C
    SLICE_X41Y80         FDRE (Prop_fdre_C_Q)         0.141     0.141 r  my_computer/my_datapath/PCRegM/OUT_reg[18]/Q
                         net (fo=1, routed)           0.110     0.251    my_computer/my_datapath/PCRegW/D[18]
    SLICE_X41Y81         FDRE                                         r  my_computer/my_datapath/PCRegW/OUT_reg[18]/D
  -------------------------------------------------------------------    -------------------

Slack:                    inf
  Source:                 my_computer/my_datapath/PCRegM/OUT_reg[15]/C
                            (rising edge-triggered cell FDRE)
  Destination:            my_computer/my_datapath/PCRegW/OUT_reg[15]/D
  Path Group:             (none)
  Path Type:              Min at Fast Process Corner
  Data Path Delay:        0.253ns  (logic 0.141ns (55.730%)  route 0.112ns (44.270%))
  Logic Levels:           1  (FDRE=1)

    Location             Delay type                Incr(ns)  Path(ns)    Netlist Resource(s)
  -------------------------------------------------------------------    -------------------
    SLICE_X41Y80         FDRE                         0.000     0.000 r  my_computer/my_datapath/PCRegM/OUT_reg[15]/C
    SLICE_X41Y80         FDRE (Prop_fdre_C_Q)         0.141     0.141 r  my_computer/my_datapath/PCRegM/OUT_reg[15]/Q
                         net (fo=1, routed)           0.112     0.253    my_computer/my_datapath/PCRegW/D[15]
    SLICE_X41Y79         FDRE                                         r  my_computer/my_datapath/PCRegW/OUT_reg[15]/D
  -------------------------------------------------------------------    -------------------

Slack:                    inf
  Source:                 my_computer/my_datapath/PCRegM/OUT_reg[8]/C
                            (rising edge-triggered cell FDRE)
  Destination:            my_computer/my_datapath/PCRegW/OUT_reg[8]/D
  Path Group:             (none)
  Path Type:              Min at Fast Process Corner
  Data Path Delay:        0.254ns  (logic 0.141ns (55.537%)  route 0.113ns (44.463%))
  Logic Levels:           1  (FDRE=1)

    Location             Delay type                Incr(ns)  Path(ns)    Netlist Resource(s)
  -------------------------------------------------------------------    -------------------
    SLICE_X41Y78         FDRE                         0.000     0.000 r  my_computer/my_datapath/PCRegM/OUT_reg[8]/C
    SLICE_X41Y78         FDRE (Prop_fdre_C_Q)         0.141     0.141 r  my_computer/my_datapath/PCRegM/OUT_reg[8]/Q
                         net (fo=1, routed)           0.113     0.254    my_computer/my_datapath/PCRegW/D[8]
    SLICE_X43Y78         FDRE                                         r  my_computer/my_datapath/PCRegW/OUT_reg[8]/D
  -------------------------------------------------------------------    -------------------

Slack:                    inf
  Source:                 my_computer/my_datapath/PCRegM/OUT_reg[0]/C
                            (rising edge-triggered cell FDRE)
  Destination:            my_computer/my_datapath/PCRegW/OUT_reg[0]/D
  Path Group:             (none)
  Path Type:              Min at Fast Process Corner
  Data Path Delay:        0.257ns  (logic 0.141ns (54.828%)  route 0.116ns (45.172%))
  Logic Levels:           1  (FDRE=1)

    Location             Delay type                Incr(ns)  Path(ns)    Netlist Resource(s)
  -------------------------------------------------------------------    -------------------
    SLICE_X45Y70         FDRE                         0.000     0.000 r  my_computer/my_datapath/PCRegM/OUT_reg[0]/C
    SLICE_X45Y70         FDRE (Prop_fdre_C_Q)         0.141     0.141 r  my_computer/my_datapath/PCRegM/OUT_reg[0]/Q
                         net (fo=1, routed)           0.116     0.257    my_computer/my_datapath/PCRegW/D[0]
    SLICE_X45Y70         FDRE                                         r  my_computer/my_datapath/PCRegW/OUT_reg[0]/D
  -------------------------------------------------------------------    -------------------

Slack:                    inf
  Source:                 my_computer/my_datapath/PCRegM/OUT_reg[14]/C
                            (rising edge-triggered cell FDRE)
  Destination:            my_computer/my_datapath/PCRegW/OUT_reg[14]/D
  Path Group:             (none)
  Path Type:              Min at Fast Process Corner
  Data Path Delay:        0.257ns  (logic 0.141ns (54.828%)  route 0.116ns (45.172%))
  Logic Levels:           1  (FDRE=1)

    Location             Delay type                Incr(ns)  Path(ns)    Netlist Resource(s)
  -------------------------------------------------------------------    -------------------
    SLICE_X41Y79         FDRE                         0.000     0.000 r  my_computer/my_datapath/PCRegM/OUT_reg[14]/C
    SLICE_X41Y79         FDRE (Prop_fdre_C_Q)         0.141     0.141 r  my_computer/my_datapath/PCRegM/OUT_reg[14]/Q
                         net (fo=1, routed)           0.116     0.257    my_computer/my_datapath/PCRegW/D[14]
    SLICE_X41Y79         FDRE                                         r  my_computer/my_datapath/PCRegW/OUT_reg[14]/D
  -------------------------------------------------------------------    -------------------





--------------------------------------------------------------------------------------
Path Group:  (none)
From Clock:  sys_clk_pin
  To Clock:  

Max Delay           979 Endpoints
Min Delay           979 Endpoints
--------------------------------------------------------------------------------------


Max Delay Paths
--------------------------------------------------------------------------------------
Slack:                    inf
  Source:                 mssd_0/idx_reg[1]/C
                            (rising edge-triggered cell FDRE clocked by sys_clk_pin  {rise@0.000ns fall@5.000ns period=10.000ns})
  Destination:            CD
                            (output port)
  Path Group:             (none)
  Path Type:              Max at Slow Process Corner
  Data Path Delay:        11.083ns  (logic 4.942ns (44.594%)  route 6.141ns (55.406%))
  Logic Levels:           4  (LUT4=1 LUT6=1 MUXF7=1 OBUF=1)
  Clock Uncertainty:      0.025ns  ((TSJ^2 + TIJ^2)^1/2 + DJ) / 2 + PE
    Total System Jitter     (TSJ):    0.050ns
    Total Input Jitter      (TIJ):    0.000ns
    Discrete Jitter          (DJ):    0.000ns
    Phase Error              (PE):    0.000ns

    Location             Delay type                Incr(ns)  Path(ns)    Netlist Resource(s)
  -------------------------------------------------------------------    -------------------
                         (clock sys_clk_pin rise edge)
                                                      0.000     0.000 r  
    E3                                                0.000     0.000 r  CLK100MHZ (IN)
                         net (fo=0)                   0.000     0.000    CLK100MHZ
    E3                   IBUF (Prop_ibuf_I_O)         1.482     1.482 r  CLK100MHZ_IBUF_inst/O
                         net (fo=1, routed)           2.025     3.506    CLK100MHZ_IBUF
    BUFGCTRL_X0Y16       BUFG (Prop_bufg_I_O)         0.096     3.602 r  CLK100MHZ_IBUF_BUFG_inst/O
                         net (fo=101, routed)         1.632     5.235    mssd_0/CLK100MHZ_IBUF_BUFG
    SLICE_X14Y78         FDRE                                         r  mssd_0/idx_reg[1]/C
  -------------------------------------------------------------------    -------------------
    SLICE_X14Y78         FDRE (Prop_fdre_C_Q)         0.518     5.753 r  mssd_0/idx_reg[1]/Q
                         net (fo=19, routed)          1.704     7.457    my_computer/my_datapath/PCReg/idx[1]
    SLICE_X33Y76         LUT6 (Prop_lut6_I2_O)        0.124     7.581 r  my_computer/my_datapath/PCReg/CA_OBUF_inst_i_9/O
                         net (fo=1, routed)           0.000     7.581    my_computer/my_datapath/reg_file_dp/registers[3].Reg/CE_OBUF_inst_i_1_2
    SLICE_X33Y76         MUXF7 (Prop_muxf7_I1_O)      0.217     7.798 r  my_computer/my_datapath/reg_file_dp/registers[3].Reg/CA_OBUF_inst_i_3/O
                         net (fo=7, routed)           0.796     8.594    my_computer/my_datapath/reg_file_dp/registers[3].Reg/CA_OBUF_inst_i_3_n_0
    SLICE_X32Y77         LUT4 (Prop_lut4_I3_O)        0.325     8.919 r  my_computer/my_datapath/reg_file_dp/registers[3].Reg/CD_OBUF_inst_i_1/O
                         net (fo=1, routed)           3.640    12.559    CD_OBUF
    K13                  OBUF (Prop_obuf_I_O)         3.758    16.318 r  CD_OBUF_inst/O
                         net (fo=0)                   0.000    16.318    CD
    K13                                                               r  CD (OUT)
  -------------------------------------------------------------------    -------------------

Slack:                    inf
  Source:                 debouncer_0/genblk1[0].out_reg[0]/C
                            (rising edge-triggered cell FDRE clocked by sys_clk_pin  {rise@0.000ns fall@5.000ns period=10.000ns})
  Destination:            my_computer/my_datapath/ReadData/OUT_reg[3]/R
  Path Group:             (none)
  Path Type:              Max at Slow Process Corner
  Data Path Delay:        10.657ns  (logic 0.518ns (4.861%)  route 10.139ns (95.139%))
  Logic Levels:           0  
  Clock Uncertainty:      0.025ns  ((TSJ^2 + TIJ^2)^1/2 + DJ) / 2 + PE
    Total System Jitter     (TSJ):    0.050ns
    Total Input Jitter      (TIJ):    0.000ns
    Discrete Jitter          (DJ):    0.000ns
    Phase Error              (PE):    0.000ns

    Location             Delay type                Incr(ns)  Path(ns)    Netlist Resource(s)
  -------------------------------------------------------------------    -------------------
                         (clock sys_clk_pin rise edge)
                                                      0.000     0.000 r  
    E3                                                0.000     0.000 r  CLK100MHZ (IN)
                         net (fo=0)                   0.000     0.000    CLK100MHZ
    E3                   IBUF (Prop_ibuf_I_O)         1.482     1.482 r  CLK100MHZ_IBUF_inst/O
                         net (fo=1, routed)           2.025     3.506    CLK100MHZ_IBUF
    BUFGCTRL_X0Y16       BUFG (Prop_bufg_I_O)         0.096     3.602 r  CLK100MHZ_IBUF_BUFG_inst/O
                         net (fo=101, routed)         1.642     5.245    debouncer_0/CLK100MHZ_IBUF_BUFG
    SLICE_X12Y87         FDRE                                         r  debouncer_0/genblk1[0].out_reg[0]/C
  -------------------------------------------------------------------    -------------------
    SLICE_X12Y87         FDRE (Prop_fdre_C_Q)         0.518     5.763 r  debouncer_0/genblk1[0].out_reg[0]/Q
                         net (fo=871, routed)        10.139    15.901    my_computer/my_datapath/ReadData/buttons[0]
    SLICE_X46Y38         FDRE                                         r  my_computer/my_datapath/ReadData/OUT_reg[3]/R
  -------------------------------------------------------------------    -------------------

Slack:                    inf
  Source:                 debouncer_0/genblk1[0].out_reg[0]/C
                            (rising edge-triggered cell FDRE clocked by sys_clk_pin  {rise@0.000ns fall@5.000ns period=10.000ns})
  Destination:            my_computer/my_datapath/ReadData/OUT_reg[11]/R
  Path Group:             (none)
  Path Type:              Max at Slow Process Corner
  Data Path Delay:        10.639ns  (logic 0.518ns (4.869%)  route 10.121ns (95.131%))
  Logic Levels:           0  
  Clock Uncertainty:      0.025ns  ((TSJ^2 + TIJ^2)^1/2 + DJ) / 2 + PE
    Total System Jitter     (TSJ):    0.050ns
    Total Input Jitter      (TIJ):    0.000ns
    Discrete Jitter          (DJ):    0.000ns
    Phase Error              (PE):    0.000ns

    Location             Delay type                Incr(ns)  Path(ns)    Netlist Resource(s)
  -------------------------------------------------------------------    -------------------
                         (clock sys_clk_pin rise edge)
                                                      0.000     0.000 r  
    E3                                                0.000     0.000 r  CLK100MHZ (IN)
                         net (fo=0)                   0.000     0.000    CLK100MHZ
    E3                   IBUF (Prop_ibuf_I_O)         1.482     1.482 r  CLK100MHZ_IBUF_inst/O
                         net (fo=1, routed)           2.025     3.506    CLK100MHZ_IBUF
    BUFGCTRL_X0Y16       BUFG (Prop_bufg_I_O)         0.096     3.602 r  CLK100MHZ_IBUF_BUFG_inst/O
                         net (fo=101, routed)         1.642     5.245    debouncer_0/CLK100MHZ_IBUF_BUFG
    SLICE_X12Y87         FDRE                                         r  debouncer_0/genblk1[0].out_reg[0]/C
  -------------------------------------------------------------------    -------------------
    SLICE_X12Y87         FDRE (Prop_fdre_C_Q)         0.518     5.763 r  debouncer_0/genblk1[0].out_reg[0]/Q
                         net (fo=871, routed)        10.121    15.884    my_computer/my_datapath/ReadData/buttons[0]
    SLICE_X42Y37         FDRE                                         r  my_computer/my_datapath/ReadData/OUT_reg[11]/R
  -------------------------------------------------------------------    -------------------

Slack:                    inf
  Source:                 debouncer_0/genblk1[0].out_reg[0]/C
                            (rising edge-triggered cell FDRE clocked by sys_clk_pin  {rise@0.000ns fall@5.000ns period=10.000ns})
  Destination:            my_computer/my_datapath/ReadData/OUT_reg[27]/R
  Path Group:             (none)
  Path Type:              Max at Slow Process Corner
  Data Path Delay:        10.639ns  (logic 0.518ns (4.869%)  route 10.121ns (95.131%))
  Logic Levels:           0  
  Clock Uncertainty:      0.025ns  ((TSJ^2 + TIJ^2)^1/2 + DJ) / 2 + PE
    Total System Jitter     (TSJ):    0.050ns
    Total Input Jitter      (TIJ):    0.000ns
    Discrete Jitter          (DJ):    0.000ns
    Phase Error              (PE):    0.000ns

    Location             Delay type                Incr(ns)  Path(ns)    Netlist Resource(s)
  -------------------------------------------------------------------    -------------------
                         (clock sys_clk_pin rise edge)
                                                      0.000     0.000 r  
    E3                                                0.000     0.000 r  CLK100MHZ (IN)
                         net (fo=0)                   0.000     0.000    CLK100MHZ
    E3                   IBUF (Prop_ibuf_I_O)         1.482     1.482 r  CLK100MHZ_IBUF_inst/O
                         net (fo=1, routed)           2.025     3.506    CLK100MHZ_IBUF
    BUFGCTRL_X0Y16       BUFG (Prop_bufg_I_O)         0.096     3.602 r  CLK100MHZ_IBUF_BUFG_inst/O
                         net (fo=101, routed)         1.642     5.245    debouncer_0/CLK100MHZ_IBUF_BUFG
    SLICE_X12Y87         FDRE                                         r  debouncer_0/genblk1[0].out_reg[0]/C
  -------------------------------------------------------------------    -------------------
    SLICE_X12Y87         FDRE (Prop_fdre_C_Q)         0.518     5.763 r  debouncer_0/genblk1[0].out_reg[0]/Q
                         net (fo=871, routed)        10.121    15.884    my_computer/my_datapath/ReadData/buttons[0]
    SLICE_X43Y37         FDRE                                         r  my_computer/my_datapath/ReadData/OUT_reg[27]/R
  -------------------------------------------------------------------    -------------------

Slack:                    inf
  Source:                 mssd_0/idx_reg[1]/C
                            (rising edge-triggered cell FDRE clocked by sys_clk_pin  {rise@0.000ns fall@5.000ns period=10.000ns})
  Destination:            CA
                            (output port)
  Path Group:             (none)
  Path Type:              Max at Slow Process Corner
  Data Path Delay:        10.601ns  (logic 4.735ns (44.664%)  route 5.866ns (55.336%))
  Logic Levels:           4  (LUT4=1 LUT6=1 MUXF7=1 OBUF=1)
  Clock Uncertainty:      0.025ns  ((TSJ^2 + TIJ^2)^1/2 + DJ) / 2 + PE
    Total System Jitter     (TSJ):    0.050ns
    Total Input Jitter      (TIJ):    0.000ns
    Discrete Jitter          (DJ):    0.000ns
    Phase Error              (PE):    0.000ns

    Location             Delay type                Incr(ns)  Path(ns)    Netlist Resource(s)
  -------------------------------------------------------------------    -------------------
                         (clock sys_clk_pin rise edge)
                                                      0.000     0.000 r  
    E3                                                0.000     0.000 r  CLK100MHZ (IN)
                         net (fo=0)                   0.000     0.000    CLK100MHZ
    E3                   IBUF (Prop_ibuf_I_O)         1.482     1.482 r  CLK100MHZ_IBUF_inst/O
                         net (fo=1, routed)           2.025     3.506    CLK100MHZ_IBUF
    BUFGCTRL_X0Y16       BUFG (Prop_bufg_I_O)         0.096     3.602 r  CLK100MHZ_IBUF_BUFG_inst/O
                         net (fo=101, routed)         1.632     5.235    mssd_0/CLK100MHZ_IBUF_BUFG
    SLICE_X14Y78         FDRE                                         r  mssd_0/idx_reg[1]/C
  -------------------------------------------------------------------    -------------------
    SLICE_X14Y78         FDRE (Prop_fdre_C_Q)         0.518     5.753 r  mssd_0/idx_reg[1]/Q
                         net (fo=19, routed)          1.704     7.457    my_computer/my_datapath/PCReg/idx[1]
    SLICE_X33Y76         LUT6 (Prop_lut6_I2_O)        0.124     7.581 r  my_computer/my_datapath/PCReg/CA_OBUF_inst_i_9/O
                         net (fo=1, routed)           0.000     7.581    my_computer/my_datapath/reg_file_dp/registers[3].Reg/CE_OBUF_inst_i_1_2
    SLICE_X33Y76         MUXF7 (Prop_muxf7_I1_O)      0.217     7.798 r  my_computer/my_datapath/reg_file_dp/registers[3].Reg/CA_OBUF_inst_i_3/O
                         net (fo=7, routed)           0.870     8.667    my_computer/my_datapath/reg_file_dp/registers[3].Reg/CA_OBUF_inst_i_3_n_0
    SLICE_X32Y77         LUT4 (Prop_lut4_I1_O)        0.299     8.966 r  my_computer/my_datapath/reg_file_dp/registers[3].Reg/CA_OBUF_inst_i_1/O
                         net (fo=1, routed)           3.293    12.259    CA_OBUF
    T10                  OBUF (Prop_obuf_I_O)         3.577    15.836 r  CA_OBUF_inst/O
                         net (fo=0)                   0.000    15.836    CA
    T10                                                               r  CA (OUT)
  -------------------------------------------------------------------    -------------------

Slack:                    inf
  Source:                 mssd_0/idx_reg[1]/C
                            (rising edge-triggered cell FDRE clocked by sys_clk_pin  {rise@0.000ns fall@5.000ns period=10.000ns})
  Destination:            CC
                            (output port)
  Path Group:             (none)
  Path Type:              Max at Slow Process Corner
  Data Path Delay:        10.539ns  (logic 4.879ns (46.295%)  route 5.660ns (53.705%))
  Logic Levels:           4  (LUT4=1 LUT6=1 MUXF7=1 OBUF=1)
  Clock Uncertainty:      0.025ns  ((TSJ^2 + TIJ^2)^1/2 + DJ) / 2 + PE
    Total System Jitter     (TSJ):    0.050ns
    Total Input Jitter      (TIJ):    0.000ns
    Discrete Jitter          (DJ):    0.000ns
    Phase Error              (PE):    0.000ns

    Location             Delay type                Incr(ns)  Path(ns)    Netlist Resource(s)
  -------------------------------------------------------------------    -------------------
                         (clock sys_clk_pin rise edge)
                                                      0.000     0.000 r  
    E3                                                0.000     0.000 r  CLK100MHZ (IN)
                         net (fo=0)                   0.000     0.000    CLK100MHZ
    E3                   IBUF (Prop_ibuf_I_O)         1.482     1.482 r  CLK100MHZ_IBUF_inst/O
                         net (fo=1, routed)           2.025     3.506    CLK100MHZ_IBUF
    BUFGCTRL_X0Y16       BUFG (Prop_bufg_I_O)         0.096     3.602 r  CLK100MHZ_IBUF_BUFG_inst/O
                         net (fo=101, routed)         1.632     5.235    mssd_0/CLK100MHZ_IBUF_BUFG
    SLICE_X14Y78         FDRE                                         r  mssd_0/idx_reg[1]/C
  -------------------------------------------------------------------    -------------------
    SLICE_X14Y78         FDRE (Prop_fdre_C_Q)         0.518     5.753 r  mssd_0/idx_reg[1]/Q
                         net (fo=19, routed)          1.704     7.457    my_computer/my_datapath/PCReg/idx[1]
    SLICE_X33Y76         LUT6 (Prop_lut6_I2_O)        0.124     7.581 r  my_computer/my_datapath/PCReg/CA_OBUF_inst_i_9/O
                         net (fo=1, routed)           0.000     7.581    my_computer/my_datapath/reg_file_dp/registers[3].Reg/CE_OBUF_inst_i_1_2
    SLICE_X33Y76         MUXF7 (Prop_muxf7_I1_O)      0.217     7.798 r  my_computer/my_datapath/reg_file_dp/registers[3].Reg/CA_OBUF_inst_i_3/O
                         net (fo=7, routed)           0.870     8.667    my_computer/my_datapath/reg_file_dp/registers[3].Reg/CA_OBUF_inst_i_3_n_0
    SLICE_X32Y77         LUT4 (Prop_lut4_I1_O)        0.325     8.992 r  my_computer/my_datapath/reg_file_dp/registers[3].Reg/CC_OBUF_inst_i_1/O
                         net (fo=1, routed)           3.086    12.079    CC_OBUF
    K16                  OBUF (Prop_obuf_I_O)         3.695    15.774 r  CC_OBUF_inst/O
                         net (fo=0)                   0.000    15.774    CC
    K16                                                               r  CC (OUT)
  -------------------------------------------------------------------    -------------------

Slack:                    inf
  Source:                 mssd_0/idx_reg[1]/C
                            (rising edge-triggered cell FDRE clocked by sys_clk_pin  {rise@0.000ns fall@5.000ns period=10.000ns})
  Destination:            CG
                            (output port)
  Path Group:             (none)
  Path Type:              Max at Slow Process Corner
  Data Path Delay:        10.428ns  (logic 4.928ns (47.261%)  route 5.500ns (52.739%))
  Logic Levels:           4  (LUT4=1 LUT6=1 MUXF7=1 OBUF=1)
  Clock Uncertainty:      0.025ns  ((TSJ^2 + TIJ^2)^1/2 + DJ) / 2 + PE
    Total System Jitter     (TSJ):    0.050ns
    Total Input Jitter      (TIJ):    0.000ns
    Discrete Jitter          (DJ):    0.000ns
    Phase Error              (PE):    0.000ns

    Location             Delay type                Incr(ns)  Path(ns)    Netlist Resource(s)
  -------------------------------------------------------------------    -------------------
                         (clock sys_clk_pin rise edge)
                                                      0.000     0.000 r  
    E3                                                0.000     0.000 r  CLK100MHZ (IN)
                         net (fo=0)                   0.000     0.000    CLK100MHZ
    E3                   IBUF (Prop_ibuf_I_O)         1.482     1.482 r  CLK100MHZ_IBUF_inst/O
                         net (fo=1, routed)           2.025     3.506    CLK100MHZ_IBUF
    BUFGCTRL_X0Y16       BUFG (Prop_bufg_I_O)         0.096     3.602 r  CLK100MHZ_IBUF_BUFG_inst/O
                         net (fo=101, routed)         1.632     5.235    mssd_0/CLK100MHZ_IBUF_BUFG
    SLICE_X14Y78         FDRE                                         r  mssd_0/idx_reg[1]/C
  -------------------------------------------------------------------    -------------------
    SLICE_X14Y78         FDRE (Prop_fdre_C_Q)         0.518     5.753 r  mssd_0/idx_reg[1]/Q
                         net (fo=19, routed)          1.704     7.457    my_computer/my_datapath/PCReg/idx[1]
    SLICE_X33Y76         LUT6 (Prop_lut6_I2_O)        0.124     7.581 r  my_computer/my_datapath/PCReg/CA_OBUF_inst_i_9/O
                         net (fo=1, routed)           0.000     7.581    my_computer/my_datapath/reg_file_dp/registers[3].Reg/CE_OBUF_inst_i_1_2
    SLICE_X33Y76         MUXF7 (Prop_muxf7_I1_O)      0.217     7.798 r  my_computer/my_datapath/reg_file_dp/registers[3].Reg/CA_OBUF_inst_i_3/O
                         net (fo=7, routed)           0.826     8.624    my_computer/my_datapath/reg_file_dp/registers[3].Reg/CA_OBUF_inst_i_3_n_0
    SLICE_X32Y77         LUT4 (Prop_lut4_I3_O)        0.329     8.953 r  my_computer/my_datapath/reg_file_dp/registers[3].Reg/CG_OBUF_inst_i_1/O
                         net (fo=1, routed)           2.969    11.922    CG_OBUF
    L18                  OBUF (Prop_obuf_I_O)         3.740    15.663 r  CG_OBUF_inst/O
                         net (fo=0)                   0.000    15.663    CG
    L18                                                               r  CG (OUT)
  -------------------------------------------------------------------    -------------------

Slack:                    inf
  Source:                 mssd_0/idx_reg[1]/C
                            (rising edge-triggered cell FDRE clocked by sys_clk_pin  {rise@0.000ns fall@5.000ns period=10.000ns})
  Destination:            CB
                            (output port)
  Path Group:             (none)
  Path Type:              Max at Slow Process Corner
  Data Path Delay:        10.359ns  (logic 4.713ns (45.502%)  route 5.645ns (54.498%))
  Logic Levels:           4  (LUT4=1 LUT6=1 MUXF7=1 OBUF=1)
  Clock Uncertainty:      0.025ns  ((TSJ^2 + TIJ^2)^1/2 + DJ) / 2 + PE
    Total System Jitter     (TSJ):    0.050ns
    Total Input Jitter      (TIJ):    0.000ns
    Discrete Jitter          (DJ):    0.000ns
    Phase Error              (PE):    0.000ns

    Location             Delay type                Incr(ns)  Path(ns)    Netlist Resource(s)
  -------------------------------------------------------------------    -------------------
                         (clock sys_clk_pin rise edge)
                                                      0.000     0.000 r  
    E3                                                0.000     0.000 r  CLK100MHZ (IN)
                         net (fo=0)                   0.000     0.000    CLK100MHZ
    E3                   IBUF (Prop_ibuf_I_O)         1.482     1.482 r  CLK100MHZ_IBUF_inst/O
                         net (fo=1, routed)           2.025     3.506    CLK100MHZ_IBUF
    BUFGCTRL_X0Y16       BUFG (Prop_bufg_I_O)         0.096     3.602 r  CLK100MHZ_IBUF_BUFG_inst/O
                         net (fo=101, routed)         1.632     5.235    mssd_0/CLK100MHZ_IBUF_BUFG
    SLICE_X14Y78         FDRE                                         r  mssd_0/idx_reg[1]/C
  -------------------------------------------------------------------    -------------------
    SLICE_X14Y78         FDRE (Prop_fdre_C_Q)         0.518     5.753 r  mssd_0/idx_reg[1]/Q
                         net (fo=19, routed)          1.704     7.457    my_computer/my_datapath/PCReg/idx[1]
    SLICE_X33Y76         LUT6 (Prop_lut6_I2_O)        0.124     7.581 r  my_computer/my_datapath/PCReg/CA_OBUF_inst_i_9/O
                         net (fo=1, routed)           0.000     7.581    my_computer/my_datapath/reg_file_dp/registers[3].Reg/CE_OBUF_inst_i_1_2
    SLICE_X33Y76         MUXF7 (Prop_muxf7_I1_O)      0.217     7.798 r  my_computer/my_datapath/reg_file_dp/registers[3].Reg/CA_OBUF_inst_i_3/O
                         net (fo=7, routed)           0.796     8.594    my_computer/my_datapath/reg_file_dp/registers[3].Reg/CA_OBUF_inst_i_3_n_0
    SLICE_X32Y77         LUT4 (Prop_lut4_I1_O)        0.299     8.893 r  my_computer/my_datapath/reg_file_dp/registers[3].Reg/CB_OBUF_inst_i_1/O
                         net (fo=1, routed)           3.145    12.038    CB_OBUF
    R10                  OBUF (Prop_obuf_I_O)         3.555    15.593 r  CB_OBUF_inst/O
                         net (fo=0)                   0.000    15.593    CB
    R10                                                               r  CB (OUT)
  -------------------------------------------------------------------    -------------------

Slack:                    inf
  Source:                 debouncer_0/genblk1[0].out_reg[0]/C
                            (rising edge-triggered cell FDRE clocked by sys_clk_pin  {rise@0.000ns fall@5.000ns period=10.000ns})
  Destination:            my_computer/my_datapath/ReadData/OUT_reg[19]/R
  Path Group:             (none)
  Path Type:              Max at Slow Process Corner
  Data Path Delay:        10.341ns  (logic 0.518ns (5.009%)  route 9.823ns (94.991%))
  Logic Levels:           0  
  Clock Uncertainty:      0.025ns  ((TSJ^2 + TIJ^2)^1/2 + DJ) / 2 + PE
    Total System Jitter     (TSJ):    0.050ns
    Total Input Jitter      (TIJ):    0.000ns
    Discrete Jitter          (DJ):    0.000ns
    Phase Error              (PE):    0.000ns

    Location             Delay type                Incr(ns)  Path(ns)    Netlist Resource(s)
  -------------------------------------------------------------------    -------------------
                         (clock sys_clk_pin rise edge)
                                                      0.000     0.000 r  
    E3                                                0.000     0.000 r  CLK100MHZ (IN)
                         net (fo=0)                   0.000     0.000    CLK100MHZ
    E3                   IBUF (Prop_ibuf_I_O)         1.482     1.482 r  CLK100MHZ_IBUF_inst/O
                         net (fo=1, routed)           2.025     3.506    CLK100MHZ_IBUF
    BUFGCTRL_X0Y16       BUFG (Prop_bufg_I_O)         0.096     3.602 r  CLK100MHZ_IBUF_BUFG_inst/O
                         net (fo=101, routed)         1.642     5.245    debouncer_0/CLK100MHZ_IBUF_BUFG
    SLICE_X12Y87         FDRE                                         r  debouncer_0/genblk1[0].out_reg[0]/C
  -------------------------------------------------------------------    -------------------
    SLICE_X12Y87         FDRE (Prop_fdre_C_Q)         0.518     5.763 r  debouncer_0/genblk1[0].out_reg[0]/Q
                         net (fo=871, routed)         9.823    15.586    my_computer/my_datapath/ReadData/buttons[0]
    SLICE_X43Y36         FDRE                                         r  my_computer/my_datapath/ReadData/OUT_reg[19]/R
  -------------------------------------------------------------------    -------------------

Slack:                    inf
  Source:                 debouncer_0/genblk1[0].out_reg[0]/C
                            (rising edge-triggered cell FDRE clocked by sys_clk_pin  {rise@0.000ns fall@5.000ns period=10.000ns})
  Destination:            my_computer/my_datapath/ALUM/OUT_reg[0]_rep__5/R
  Path Group:             (none)
  Path Type:              Max at Slow Process Corner
  Data Path Delay:        10.290ns  (logic 0.518ns (5.034%)  route 9.772ns (94.966%))
  Logic Levels:           0  
  Clock Uncertainty:      0.025ns  ((TSJ^2 + TIJ^2)^1/2 + DJ) / 2 + PE
    Total System Jitter     (TSJ):    0.050ns
    Total Input Jitter      (TIJ):    0.000ns
    Discrete Jitter          (DJ):    0.000ns
    Phase Error              (PE):    0.000ns

    Location             Delay type                Incr(ns)  Path(ns)    Netlist Resource(s)
  -------------------------------------------------------------------    -------------------
                         (clock sys_clk_pin rise edge)
                                                      0.000     0.000 r  
    E3                                                0.000     0.000 r  CLK100MHZ (IN)
                         net (fo=0)                   0.000     0.000    CLK100MHZ
    E3                   IBUF (Prop_ibuf_I_O)         1.482     1.482 r  CLK100MHZ_IBUF_inst/O
                         net (fo=1, routed)           2.025     3.506    CLK100MHZ_IBUF
    BUFGCTRL_X0Y16       BUFG (Prop_bufg_I_O)         0.096     3.602 r  CLK100MHZ_IBUF_BUFG_inst/O
                         net (fo=101, routed)         1.642     5.245    debouncer_0/CLK100MHZ_IBUF_BUFG
    SLICE_X12Y87         FDRE                                         r  debouncer_0/genblk1[0].out_reg[0]/C
  -------------------------------------------------------------------    -------------------
    SLICE_X12Y87         FDRE (Prop_fdre_C_Q)         0.518     5.763 r  debouncer_0/genblk1[0].out_reg[0]/Q
                         net (fo=871, routed)         9.772    15.535    my_computer/my_datapath/ALUM/buttons[0]
    SLICE_X44Y27         FDRE                                         r  my_computer/my_datapath/ALUM/OUT_reg[0]_rep__5/R
  -------------------------------------------------------------------    -------------------





Min Delay Paths
--------------------------------------------------------------------------------------
Slack:                    inf
  Source:                 debouncer_0/genblk1[0].out_reg[0]/C
                            (rising edge-triggered cell FDRE clocked by sys_clk_pin  {rise@0.000ns fall@5.000ns period=10.000ns})
  Destination:            my_computer/my_datapath/reg_file_dp/registers[2].Reg/OUT_reg[19]/R
  Path Group:             (none)
  Path Type:              Min at Fast Process Corner
  Data Path Delay:        0.629ns  (logic 0.164ns (26.083%)  route 0.465ns (73.917%))
  Logic Levels:           0  
  Clock Uncertainty:      0.025ns  ((TSJ^2 + TIJ^2)^1/2 + DJ) / 2 + PE
    Total System Jitter     (TSJ):    0.050ns
    Total Input Jitter      (TIJ):    0.000ns
    Discrete Jitter          (DJ):    0.000ns
    Phase Error              (PE):    0.000ns

    Location             Delay type                Incr(ns)  Path(ns)    Netlist Resource(s)
  -------------------------------------------------------------------    -------------------
                         (clock sys_clk_pin rise edge)
                                                      0.000     0.000 r  
    E3                                                0.000     0.000 r  CLK100MHZ (IN)
                         net (fo=0)                   0.000     0.000    CLK100MHZ
    E3                   IBUF (Prop_ibuf_I_O)         0.250     0.250 r  CLK100MHZ_IBUF_inst/O
                         net (fo=1, routed)           0.644     0.894    CLK100MHZ_IBUF
    BUFGCTRL_X0Y16       BUFG (Prop_bufg_I_O)         0.026     0.920 r  CLK100MHZ_IBUF_BUFG_inst/O
                         net (fo=101, routed)         0.572     1.491    debouncer_0/CLK100MHZ_IBUF_BUFG
    SLICE_X12Y87         FDRE                                         r  debouncer_0/genblk1[0].out_reg[0]/C
  -------------------------------------------------------------------    -------------------
    SLICE_X12Y87         FDRE (Prop_fdre_C_Q)         0.164     1.655 r  debouncer_0/genblk1[0].out_reg[0]/Q
                         net (fo=871, routed)         0.465     2.120    my_computer/my_datapath/reg_file_dp/registers[2].Reg/buttons[0]
    SLICE_X34Y87         FDRE                                         r  my_computer/my_datapath/reg_file_dp/registers[2].Reg/OUT_reg[19]/R
  -------------------------------------------------------------------    -------------------

Slack:                    inf
  Source:                 debouncer_0/genblk1[0].out_reg[0]/C
                            (rising edge-triggered cell FDRE clocked by sys_clk_pin  {rise@0.000ns fall@5.000ns period=10.000ns})
  Destination:            my_computer/my_datapath/reg_file_dp/registers[2].Reg/OUT_reg[21]/R
  Path Group:             (none)
  Path Type:              Min at Fast Process Corner
  Data Path Delay:        0.629ns  (logic 0.164ns (26.083%)  route 0.465ns (73.917%))
  Logic Levels:           0  
  Clock Uncertainty:      0.025ns  ((TSJ^2 + TIJ^2)^1/2 + DJ) / 2 + PE
    Total System Jitter     (TSJ):    0.050ns
    Total Input Jitter      (TIJ):    0.000ns
    Discrete Jitter          (DJ):    0.000ns
    Phase Error              (PE):    0.000ns

    Location             Delay type                Incr(ns)  Path(ns)    Netlist Resource(s)
  -------------------------------------------------------------------    -------------------
                         (clock sys_clk_pin rise edge)
                                                      0.000     0.000 r  
    E3                                                0.000     0.000 r  CLK100MHZ (IN)
                         net (fo=0)                   0.000     0.000    CLK100MHZ
    E3                   IBUF (Prop_ibuf_I_O)         0.250     0.250 r  CLK100MHZ_IBUF_inst/O
                         net (fo=1, routed)           0.644     0.894    CLK100MHZ_IBUF
    BUFGCTRL_X0Y16       BUFG (Prop_bufg_I_O)         0.026     0.920 r  CLK100MHZ_IBUF_BUFG_inst/O
                         net (fo=101, routed)         0.572     1.491    debouncer_0/CLK100MHZ_IBUF_BUFG
    SLICE_X12Y87         FDRE                                         r  debouncer_0/genblk1[0].out_reg[0]/C
  -------------------------------------------------------------------    -------------------
    SLICE_X12Y87         FDRE (Prop_fdre_C_Q)         0.164     1.655 r  debouncer_0/genblk1[0].out_reg[0]/Q
                         net (fo=871, routed)         0.465     2.120    my_computer/my_datapath/reg_file_dp/registers[2].Reg/buttons[0]
    SLICE_X34Y87         FDRE                                         r  my_computer/my_datapath/reg_file_dp/registers[2].Reg/OUT_reg[21]/R
  -------------------------------------------------------------------    -------------------

Slack:                    inf
  Source:                 debouncer_0/genblk1[0].out_reg[0]/C
                            (rising edge-triggered cell FDRE clocked by sys_clk_pin  {rise@0.000ns fall@5.000ns period=10.000ns})
  Destination:            my_computer/my_datapath/reg_file_dp/registers[2].Reg/OUT_reg[22]/R
  Path Group:             (none)
  Path Type:              Min at Fast Process Corner
  Data Path Delay:        0.629ns  (logic 0.164ns (26.083%)  route 0.465ns (73.917%))
  Logic Levels:           0  
  Clock Uncertainty:      0.025ns  ((TSJ^2 + TIJ^2)^1/2 + DJ) / 2 + PE
    Total System Jitter     (TSJ):    0.050ns
    Total Input Jitter      (TIJ):    0.000ns
    Discrete Jitter          (DJ):    0.000ns
    Phase Error              (PE):    0.000ns

    Location             Delay type                Incr(ns)  Path(ns)    Netlist Resource(s)
  -------------------------------------------------------------------    -------------------
                         (clock sys_clk_pin rise edge)
                                                      0.000     0.000 r  
    E3                                                0.000     0.000 r  CLK100MHZ (IN)
                         net (fo=0)                   0.000     0.000    CLK100MHZ
    E3                   IBUF (Prop_ibuf_I_O)         0.250     0.250 r  CLK100MHZ_IBUF_inst/O
                         net (fo=1, routed)           0.644     0.894    CLK100MHZ_IBUF
    BUFGCTRL_X0Y16       BUFG (Prop_bufg_I_O)         0.026     0.920 r  CLK100MHZ_IBUF_BUFG_inst/O
                         net (fo=101, routed)         0.572     1.491    debouncer_0/CLK100MHZ_IBUF_BUFG
    SLICE_X12Y87         FDRE                                         r  debouncer_0/genblk1[0].out_reg[0]/C
  -------------------------------------------------------------------    -------------------
    SLICE_X12Y87         FDRE (Prop_fdre_C_Q)         0.164     1.655 r  debouncer_0/genblk1[0].out_reg[0]/Q
                         net (fo=871, routed)         0.465     2.120    my_computer/my_datapath/reg_file_dp/registers[2].Reg/buttons[0]
    SLICE_X34Y87         FDRE                                         r  my_computer/my_datapath/reg_file_dp/registers[2].Reg/OUT_reg[22]/R
  -------------------------------------------------------------------    -------------------

Slack:                    inf
  Source:                 debouncer_0/genblk1[0].out_reg[0]/C
                            (rising edge-triggered cell FDRE clocked by sys_clk_pin  {rise@0.000ns fall@5.000ns period=10.000ns})
  Destination:            my_computer/my_datapath/reg_file_dp/registers[6].Reg/OUT_reg[19]/R
  Path Group:             (none)
  Path Type:              Min at Fast Process Corner
  Data Path Delay:        0.699ns  (logic 0.164ns (23.447%)  route 0.535ns (76.553%))
  Logic Levels:           0  
  Clock Uncertainty:      0.025ns  ((TSJ^2 + TIJ^2)^1/2 + DJ) / 2 + PE
    Total System Jitter     (TSJ):    0.050ns
    Total Input Jitter      (TIJ):    0.000ns
    Discrete Jitter          (DJ):    0.000ns
    Phase Error              (PE):    0.000ns

    Location             Delay type                Incr(ns)  Path(ns)    Netlist Resource(s)
  -------------------------------------------------------------------    -------------------
                         (clock sys_clk_pin rise edge)
                                                      0.000     0.000 r  
    E3                                                0.000     0.000 r  CLK100MHZ (IN)
                         net (fo=0)                   0.000     0.000    CLK100MHZ
    E3                   IBUF (Prop_ibuf_I_O)         0.250     0.250 r  CLK100MHZ_IBUF_inst/O
                         net (fo=1, routed)           0.644     0.894    CLK100MHZ_IBUF
    BUFGCTRL_X0Y16       BUFG (Prop_bufg_I_O)         0.026     0.920 r  CLK100MHZ_IBUF_BUFG_inst/O
                         net (fo=101, routed)         0.572     1.491    debouncer_0/CLK100MHZ_IBUF_BUFG
    SLICE_X12Y87         FDRE                                         r  debouncer_0/genblk1[0].out_reg[0]/C
  -------------------------------------------------------------------    -------------------
    SLICE_X12Y87         FDRE (Prop_fdre_C_Q)         0.164     1.655 r  debouncer_0/genblk1[0].out_reg[0]/Q
                         net (fo=871, routed)         0.535     2.191    my_computer/my_datapath/reg_file_dp/registers[6].Reg/buttons[0]
    SLICE_X34Y88         FDRE                                         r  my_computer/my_datapath/reg_file_dp/registers[6].Reg/OUT_reg[19]/R
  -------------------------------------------------------------------    -------------------

Slack:                    inf
  Source:                 debouncer_0/genblk1[0].out_reg[0]/C
                            (rising edge-triggered cell FDRE clocked by sys_clk_pin  {rise@0.000ns fall@5.000ns period=10.000ns})
  Destination:            my_computer/my_datapath/reg_file_dp/registers[6].Reg/OUT_reg[22]/R
  Path Group:             (none)
  Path Type:              Min at Fast Process Corner
  Data Path Delay:        0.699ns  (logic 0.164ns (23.447%)  route 0.535ns (76.553%))
  Logic Levels:           0  
  Clock Uncertainty:      0.025ns  ((TSJ^2 + TIJ^2)^1/2 + DJ) / 2 + PE
    Total System Jitter     (TSJ):    0.050ns
    Total Input Jitter      (TIJ):    0.000ns
    Discrete Jitter          (DJ):    0.000ns
    Phase Error              (PE):    0.000ns

    Location             Delay type                Incr(ns)  Path(ns)    Netlist Resource(s)
  -------------------------------------------------------------------    -------------------
                         (clock sys_clk_pin rise edge)
                                                      0.000     0.000 r  
    E3                                                0.000     0.000 r  CLK100MHZ (IN)
                         net (fo=0)                   0.000     0.000    CLK100MHZ
    E3                   IBUF (Prop_ibuf_I_O)         0.250     0.250 r  CLK100MHZ_IBUF_inst/O
                         net (fo=1, routed)           0.644     0.894    CLK100MHZ_IBUF
    BUFGCTRL_X0Y16       BUFG (Prop_bufg_I_O)         0.026     0.920 r  CLK100MHZ_IBUF_BUFG_inst/O
                         net (fo=101, routed)         0.572     1.491    debouncer_0/CLK100MHZ_IBUF_BUFG
    SLICE_X12Y87         FDRE                                         r  debouncer_0/genblk1[0].out_reg[0]/C
  -------------------------------------------------------------------    -------------------
    SLICE_X12Y87         FDRE (Prop_fdre_C_Q)         0.164     1.655 r  debouncer_0/genblk1[0].out_reg[0]/Q
                         net (fo=871, routed)         0.535     2.191    my_computer/my_datapath/reg_file_dp/registers[6].Reg/buttons[0]
    SLICE_X34Y88         FDRE                                         r  my_computer/my_datapath/reg_file_dp/registers[6].Reg/OUT_reg[22]/R
  -------------------------------------------------------------------    -------------------

Slack:                    inf
  Source:                 debouncer_0/genblk1[0].out_reg[0]/C
                            (rising edge-triggered cell FDRE clocked by sys_clk_pin  {rise@0.000ns fall@5.000ns period=10.000ns})
  Destination:            my_computer/my_datapath/reg_file_dp/registers[6].Reg/OUT_reg[30]/R
  Path Group:             (none)
  Path Type:              Min at Fast Process Corner
  Data Path Delay:        0.699ns  (logic 0.164ns (23.447%)  route 0.535ns (76.553%))
  Logic Levels:           0  
  Clock Uncertainty:      0.025ns  ((TSJ^2 + TIJ^2)^1/2 + DJ) / 2 + PE
    Total System Jitter     (TSJ):    0.050ns
    Total Input Jitter      (TIJ):    0.000ns
    Discrete Jitter          (DJ):    0.000ns
    Phase Error              (PE):    0.000ns

    Location             Delay type                Incr(ns)  Path(ns)    Netlist Resource(s)
  -------------------------------------------------------------------    -------------------
                         (clock sys_clk_pin rise edge)
                                                      0.000     0.000 r  
    E3                                                0.000     0.000 r  CLK100MHZ (IN)
                         net (fo=0)                   0.000     0.000    CLK100MHZ
    E3                   IBUF (Prop_ibuf_I_O)         0.250     0.250 r  CLK100MHZ_IBUF_inst/O
                         net (fo=1, routed)           0.644     0.894    CLK100MHZ_IBUF
    BUFGCTRL_X0Y16       BUFG (Prop_bufg_I_O)         0.026     0.920 r  CLK100MHZ_IBUF_BUFG_inst/O
                         net (fo=101, routed)         0.572     1.491    debouncer_0/CLK100MHZ_IBUF_BUFG
    SLICE_X12Y87         FDRE                                         r  debouncer_0/genblk1[0].out_reg[0]/C
  -------------------------------------------------------------------    -------------------
    SLICE_X12Y87         FDRE (Prop_fdre_C_Q)         0.164     1.655 r  debouncer_0/genblk1[0].out_reg[0]/Q
                         net (fo=871, routed)         0.535     2.191    my_computer/my_datapath/reg_file_dp/registers[6].Reg/buttons[0]
    SLICE_X34Y88         FDRE                                         r  my_computer/my_datapath/reg_file_dp/registers[6].Reg/OUT_reg[30]/R
  -------------------------------------------------------------------    -------------------

Slack:                    inf
  Source:                 debouncer_0/genblk1[0].out_reg[0]/C
                            (rising edge-triggered cell FDRE clocked by sys_clk_pin  {rise@0.000ns fall@5.000ns period=10.000ns})
  Destination:            my_computer/my_datapath/reg_file_dp/registers[8].Reg/OUT_reg[22]/R
  Path Group:             (none)
  Path Type:              Min at Fast Process Corner
  Data Path Delay:        0.699ns  (logic 0.164ns (23.447%)  route 0.535ns (76.553%))
  Logic Levels:           0  
  Clock Uncertainty:      0.025ns  ((TSJ^2 + TIJ^2)^1/2 + DJ) / 2 + PE
    Total System Jitter     (TSJ):    0.050ns
    Total Input Jitter      (TIJ):    0.000ns
    Discrete Jitter          (DJ):    0.000ns
    Phase Error              (PE):    0.000ns

    Location             Delay type                Incr(ns)  Path(ns)    Netlist Resource(s)
  -------------------------------------------------------------------    -------------------
                         (clock sys_clk_pin rise edge)
                                                      0.000     0.000 r  
    E3                                                0.000     0.000 r  CLK100MHZ (IN)
                         net (fo=0)                   0.000     0.000    CLK100MHZ
    E3                   IBUF (Prop_ibuf_I_O)         0.250     0.250 r  CLK100MHZ_IBUF_inst/O
                         net (fo=1, routed)           0.644     0.894    CLK100MHZ_IBUF
    BUFGCTRL_X0Y16       BUFG (Prop_bufg_I_O)         0.026     0.920 r  CLK100MHZ_IBUF_BUFG_inst/O
                         net (fo=101, routed)         0.572     1.491    debouncer_0/CLK100MHZ_IBUF_BUFG
    SLICE_X12Y87         FDRE                                         r  debouncer_0/genblk1[0].out_reg[0]/C
  -------------------------------------------------------------------    -------------------
    SLICE_X12Y87         FDRE (Prop_fdre_C_Q)         0.164     1.655 r  debouncer_0/genblk1[0].out_reg[0]/Q
                         net (fo=871, routed)         0.535     2.191    my_computer/my_datapath/reg_file_dp/registers[8].Reg/buttons[0]
    SLICE_X35Y88         FDRE                                         r  my_computer/my_datapath/reg_file_dp/registers[8].Reg/OUT_reg[22]/R
  -------------------------------------------------------------------    -------------------

Slack:                    inf
  Source:                 debouncer_0/genblk1[0].out_reg[0]/C
                            (rising edge-triggered cell FDRE clocked by sys_clk_pin  {rise@0.000ns fall@5.000ns period=10.000ns})
  Destination:            my_computer/my_datapath/reg_file_dp/registers[14].Reg/OUT_reg[22]/R
  Path Group:             (none)
  Path Type:              Min at Fast Process Corner
  Data Path Delay:        0.704ns  (logic 0.164ns (23.298%)  route 0.540ns (76.702%))
  Logic Levels:           0  
  Clock Uncertainty:      0.025ns  ((TSJ^2 + TIJ^2)^1/2 + DJ) / 2 + PE
    Total System Jitter     (TSJ):    0.050ns
    Total Input Jitter      (TIJ):    0.000ns
    Discrete Jitter          (DJ):    0.000ns
    Phase Error              (PE):    0.000ns

    Location             Delay type                Incr(ns)  Path(ns)    Netlist Resource(s)
  -------------------------------------------------------------------    -------------------
                         (clock sys_clk_pin rise edge)
                                                      0.000     0.000 r  
    E3                                                0.000     0.000 r  CLK100MHZ (IN)
                         net (fo=0)                   0.000     0.000    CLK100MHZ
    E3                   IBUF (Prop_ibuf_I_O)         0.250     0.250 r  CLK100MHZ_IBUF_inst/O
                         net (fo=1, routed)           0.644     0.894    CLK100MHZ_IBUF
    BUFGCTRL_X0Y16       BUFG (Prop_bufg_I_O)         0.026     0.920 r  CLK100MHZ_IBUF_BUFG_inst/O
                         net (fo=101, routed)         0.572     1.491    debouncer_0/CLK100MHZ_IBUF_BUFG
    SLICE_X12Y87         FDRE                                         r  debouncer_0/genblk1[0].out_reg[0]/C
  -------------------------------------------------------------------    -------------------
    SLICE_X12Y87         FDRE (Prop_fdre_C_Q)         0.164     1.655 r  debouncer_0/genblk1[0].out_reg[0]/Q
                         net (fo=871, routed)         0.540     2.195    my_computer/my_datapath/reg_file_dp/registers[14].Reg/buttons[0]
    SLICE_X33Y88         FDRE                                         r  my_computer/my_datapath/reg_file_dp/registers[14].Reg/OUT_reg[22]/R
  -------------------------------------------------------------------    -------------------

Slack:                    inf
  Source:                 debouncer_0/genblk1[0].out_reg[0]/C
                            (rising edge-triggered cell FDRE clocked by sys_clk_pin  {rise@0.000ns fall@5.000ns period=10.000ns})
  Destination:            my_computer/my_datapath/reg_file_dp/registers[0].Reg/OUT_reg[20]/R
  Path Group:             (none)
  Path Type:              Min at Fast Process Corner
  Data Path Delay:        0.704ns  (logic 0.164ns (23.295%)  route 0.540ns (76.705%))
  Logic Levels:           0  
  Clock Uncertainty:      0.025ns  ((TSJ^2 + TIJ^2)^1/2 + DJ) / 2 + PE
    Total System Jitter     (TSJ):    0.050ns
    Total Input Jitter      (TIJ):    0.000ns
    Discrete Jitter          (DJ):    0.000ns
    Phase Error              (PE):    0.000ns

    Location             Delay type                Incr(ns)  Path(ns)    Netlist Resource(s)
  -------------------------------------------------------------------    -------------------
                         (clock sys_clk_pin rise edge)
                                                      0.000     0.000 r  
    E3                                                0.000     0.000 r  CLK100MHZ (IN)
                         net (fo=0)                   0.000     0.000    CLK100MHZ
    E3                   IBUF (Prop_ibuf_I_O)         0.250     0.250 r  CLK100MHZ_IBUF_inst/O
                         net (fo=1, routed)           0.644     0.894    CLK100MHZ_IBUF
    BUFGCTRL_X0Y16       BUFG (Prop_bufg_I_O)         0.026     0.920 r  CLK100MHZ_IBUF_BUFG_inst/O
                         net (fo=101, routed)         0.572     1.491    debouncer_0/CLK100MHZ_IBUF_BUFG
    SLICE_X12Y87         FDRE                                         r  debouncer_0/genblk1[0].out_reg[0]/C
  -------------------------------------------------------------------    -------------------
    SLICE_X12Y87         FDRE (Prop_fdre_C_Q)         0.164     1.655 r  debouncer_0/genblk1[0].out_reg[0]/Q
                         net (fo=871, routed)         0.540     2.195    my_computer/my_datapath/reg_file_dp/registers[0].Reg/buttons[0]
    SLICE_X31Y88         FDRE                                         r  my_computer/my_datapath/reg_file_dp/registers[0].Reg/OUT_reg[20]/R
  -------------------------------------------------------------------    -------------------

Slack:                    inf
  Source:                 debouncer_0/genblk1[0].out_reg[0]/C
                            (rising edge-triggered cell FDRE clocked by sys_clk_pin  {rise@0.000ns fall@5.000ns period=10.000ns})
  Destination:            my_computer/my_datapath/reg_file_dp/registers[3].Reg/OUT_reg[20]/R
  Path Group:             (none)
  Path Type:              Min at Fast Process Corner
  Data Path Delay:        0.704ns  (logic 0.164ns (23.295%)  route 0.540ns (76.705%))
  Logic Levels:           0  
  Clock Uncertainty:      0.025ns  ((TSJ^2 + TIJ^2)^1/2 + DJ) / 2 + PE
    Total System Jitter     (TSJ):    0.050ns
    Total Input Jitter      (TIJ):    0.000ns
    Discrete Jitter          (DJ):    0.000ns
    Phase Error              (PE):    0.000ns

    Location             Delay type                Incr(ns)  Path(ns)    Netlist Resource(s)
  -------------------------------------------------------------------    -------------------
                         (clock sys_clk_pin rise edge)
                                                      0.000     0.000 r  
    E3                                                0.000     0.000 r  CLK100MHZ (IN)
                         net (fo=0)                   0.000     0.000    CLK100MHZ
    E3                   IBUF (Prop_ibuf_I_O)         0.250     0.250 r  CLK100MHZ_IBUF_inst/O
                         net (fo=1, routed)           0.644     0.894    CLK100MHZ_IBUF
    BUFGCTRL_X0Y16       BUFG (Prop_bufg_I_O)         0.026     0.920 r  CLK100MHZ_IBUF_BUFG_inst/O
                         net (fo=101, routed)         0.572     1.491    debouncer_0/CLK100MHZ_IBUF_BUFG
    SLICE_X12Y87         FDRE                                         r  debouncer_0/genblk1[0].out_reg[0]/C
  -------------------------------------------------------------------    -------------------
    SLICE_X12Y87         FDRE (Prop_fdre_C_Q)         0.164     1.655 r  debouncer_0/genblk1[0].out_reg[0]/Q
                         net (fo=871, routed)         0.540     2.195    my_computer/my_datapath/reg_file_dp/registers[3].Reg/buttons[0]
    SLICE_X30Y88         FDRE                                         r  my_computer/my_datapath/reg_file_dp/registers[3].Reg/OUT_reg[20]/R
  -------------------------------------------------------------------    -------------------





--------------------------------------------------------------------------------------
Path Group:  (none)
From Clock:  
  To Clock:  sys_clk_pin

Max Delay             2 Endpoints
Min Delay             2 Endpoints
--------------------------------------------------------------------------------------


Max Delay Paths
--------------------------------------------------------------------------------------
Slack:                    inf
  Source:                 BTND
                            (input port)
  Destination:            debouncer_0/genblk1[0].out_reg[0]/D
                            (rising edge-triggered cell FDRE clocked by sys_clk_pin  {rise@0.000ns fall@5.000ns period=10.000ns})
  Path Group:             (none)
  Path Type:              Setup (Max at Slow Process Corner)
  Data Path Delay:        4.826ns  (logic 1.852ns (38.379%)  route 2.974ns (61.621%))
  Logic Levels:           4  (IBUF=1 LUT4=1 LUT6=2)
  Clock Path Skew:        4.943ns (DCD - SCD + CPR)
    Destination Clock Delay (DCD):    4.943ns
    Source Clock Delay      (SCD):    0.000ns
    Clock Pessimism Removal (CPR):    0.000ns
  Clock Uncertainty:      0.025ns  ((TSJ^2 + TIJ^2)^1/2 + DJ) / 2 + PE
    Total System Jitter     (TSJ):    0.050ns
    Total Input Jitter      (TIJ):    0.000ns
    Discrete Jitter          (DJ):    0.000ns
    Phase Error              (PE):    0.000ns

    Location             Delay type                Incr(ns)  Path(ns)    Netlist Resource(s)
  -------------------------------------------------------------------    -------------------
    P18                                               0.000     0.000 r  BTND (IN)
                         net (fo=0)                   0.000     0.000    BTND
    P18                  IBUF (Prop_ibuf_I_O)         1.480     1.480 r  BTND_IBUF_inst/O
                         net (fo=2, routed)           1.484     2.964    debouncer_0/BTND_IBUF
    SLICE_X12Y87         LUT6 (Prop_lut6_I5_O)        0.124     3.088 f  debouncer_0/genblk1[0].out[0]_i_5/O
                         net (fo=1, routed)           0.296     3.385    debouncer_0/genblk1[0].out[0]_i_5_n_0
    SLICE_X14Y87         LUT6 (Prop_lut6_I2_O)        0.124     3.509 r  debouncer_0/genblk1[0].out[0]_i_2/O
                         net (fo=1, routed)           0.582     4.091    debouncer_0/genblk1[0].out[0]_i_2_n_0
    SLICE_X12Y87         LUT4 (Prop_lut4_I0_O)        0.124     4.215 r  debouncer_0/genblk1[0].out[0]_i_1/O
                         net (fo=1, routed)           0.611     4.826    debouncer_0/genblk1[0].out[0]_i_1_n_0
    SLICE_X12Y87         FDRE                                         r  debouncer_0/genblk1[0].out_reg[0]/D
  -------------------------------------------------------------------    -------------------

                         (clock sys_clk_pin rise edge)
                                                      0.000     0.000 r  
    E3                                                0.000     0.000 r  CLK100MHZ (IN)
                         net (fo=0)                   0.000     0.000    CLK100MHZ
    E3                   IBUF (Prop_ibuf_I_O)         1.411     1.411 r  CLK100MHZ_IBUF_inst/O
                         net (fo=1, routed)           1.920     3.331    CLK100MHZ_IBUF
    BUFGCTRL_X0Y16       BUFG (Prop_bufg_I_O)         0.091     3.422 r  CLK100MHZ_IBUF_BUFG_inst/O
                         net (fo=101, routed)         1.520     4.943    debouncer_0/CLK100MHZ_IBUF_BUFG
    SLICE_X12Y87         FDRE                                         r  debouncer_0/genblk1[0].out_reg[0]/C

Slack:                    inf
  Source:                 BTNU
                            (input port)
  Destination:            debouncer_0/genblk1[4].out_reg[4]/D
                            (rising edge-triggered cell FDRE clocked by sys_clk_pin  {rise@0.000ns fall@5.000ns period=10.000ns})
  Path Group:             (none)
  Path Type:              Setup (Max at Slow Process Corner)
  Data Path Delay:        4.542ns  (logic 1.610ns (35.440%)  route 2.933ns (64.560%))
  Logic Levels:           2  (IBUF=1 LUT6=1)
  Clock Path Skew:        4.927ns (DCD - SCD + CPR)
    Destination Clock Delay (DCD):    4.927ns
    Source Clock Delay      (SCD):    0.000ns
    Clock Pessimism Removal (CPR):    0.000ns
  Clock Uncertainty:      0.025ns  ((TSJ^2 + TIJ^2)^1/2 + DJ) / 2 + PE
    Total System Jitter     (TSJ):    0.050ns
    Total Input Jitter      (TIJ):    0.000ns
    Discrete Jitter          (DJ):    0.000ns
    Phase Error              (PE):    0.000ns

    Location             Delay type                Incr(ns)  Path(ns)    Netlist Resource(s)
  -------------------------------------------------------------------    -------------------
    M18                                               0.000     0.000 r  BTNU (IN)
                         net (fo=0)                   0.000     0.000    BTNU
    M18                  IBUF (Prop_ibuf_I_O)         1.486     1.486 r  BTNU_IBUF_inst/O
                         net (fo=1, routed)           2.933     4.418    debouncer_0/BTNU_IBUF
    SLICE_X54Y96         LUT6 (Prop_lut6_I5_O)        0.124     4.542 r  debouncer_0/genblk1[4].out[4]_i_1/O
                         net (fo=1, routed)           0.000     4.542    debouncer_0/genblk1[4].out[4]_i_1_n_0
    SLICE_X54Y96         FDRE                                         r  debouncer_0/genblk1[4].out_reg[4]/D
  -------------------------------------------------------------------    -------------------

                         (clock sys_clk_pin rise edge)
                                                      0.000     0.000 r  
    E3                                                0.000     0.000 r  CLK100MHZ (IN)
                         net (fo=0)                   0.000     0.000    CLK100MHZ
    E3                   IBUF (Prop_ibuf_I_O)         1.411     1.411 r  CLK100MHZ_IBUF_inst/O
                         net (fo=1, routed)           1.920     3.331    CLK100MHZ_IBUF
    BUFGCTRL_X0Y16       BUFG (Prop_bufg_I_O)         0.091     3.422 r  CLK100MHZ_IBUF_BUFG_inst/O
                         net (fo=101, routed)         1.504     4.927    debouncer_0/CLK100MHZ_IBUF_BUFG
    SLICE_X54Y96         FDRE                                         r  debouncer_0/genblk1[4].out_reg[4]/C





Min Delay Paths
--------------------------------------------------------------------------------------
Slack:                    inf
  Source:                 BTND
                            (input port)
  Destination:            debouncer_0/genblk1[0].out_reg[0]/D
                            (rising edge-triggered cell FDRE clocked by sys_clk_pin  {rise@0.000ns fall@5.000ns period=10.000ns})
  Path Group:             (none)
  Path Type:              Hold (Min at Fast Process Corner)
  Data Path Delay:        1.270ns  (logic 0.293ns (23.060%)  route 0.977ns (76.940%))
  Logic Levels:           2  (IBUF=1 LUT4=1)
  Clock Path Skew:        2.007ns (DCD - SCD - CPR)
    Destination Clock Delay (DCD):    2.007ns
    Source Clock Delay      (SCD):    0.000ns
    Clock Pessimism Removal (CPR):    -0.000ns

    Location             Delay type                Incr(ns)  Path(ns)    Netlist Resource(s)
  -------------------------------------------------------------------    -------------------
    P18                                               0.000     0.000 r  BTND (IN)
                         net (fo=0)                   0.000     0.000    BTND
    P18                  IBUF (Prop_ibuf_I_O)         0.248     0.248 r  BTND_IBUF_inst/O
                         net (fo=2, routed)           0.779     1.027    debouncer_0/BTND_IBUF
    SLICE_X12Y87         LUT4 (Prop_lut4_I3_O)        0.045     1.072 r  debouncer_0/genblk1[0].out[0]_i_1/O
                         net (fo=1, routed)           0.198     1.270    debouncer_0/genblk1[0].out[0]_i_1_n_0
    SLICE_X12Y87         FDRE                                         r  debouncer_0/genblk1[0].out_reg[0]/D
  -------------------------------------------------------------------    -------------------

                         (clock sys_clk_pin rise edge)
                                                      0.000     0.000 r  
    E3                                                0.000     0.000 r  CLK100MHZ (IN)
                         net (fo=0)                   0.000     0.000    CLK100MHZ
    E3                   IBUF (Prop_ibuf_I_O)         0.438     0.438 r  CLK100MHZ_IBUF_inst/O
                         net (fo=1, routed)           0.699     1.136    CLK100MHZ_IBUF
    BUFGCTRL_X0Y16       BUFG (Prop_bufg_I_O)         0.029     1.165 r  CLK100MHZ_IBUF_BUFG_inst/O
                         net (fo=101, routed)         0.842     2.007    debouncer_0/CLK100MHZ_IBUF_BUFG
    SLICE_X12Y87         FDRE                                         r  debouncer_0/genblk1[0].out_reg[0]/C

Slack:                    inf
  Source:                 BTNU
                            (input port)
  Destination:            debouncer_0/genblk1[4].out_reg[4]/D
                            (rising edge-triggered cell FDRE clocked by sys_clk_pin  {rise@0.000ns fall@5.000ns period=10.000ns})
  Path Group:             (none)
  Path Type:              Hold (Min at Fast Process Corner)
  Data Path Delay:        1.550ns  (logic 0.299ns (19.262%)  route 1.252ns (80.738%))
  Logic Levels:           2  (IBUF=1 LUT6=1)
  Clock Path Skew:        1.999ns (DCD - SCD - CPR)
    Destination Clock Delay (DCD):    1.999ns
    Source Clock Delay      (SCD):    0.000ns
    Clock Pessimism Removal (CPR):    -0.000ns

    Location             Delay type                Incr(ns)  Path(ns)    Netlist Resource(s)
  -------------------------------------------------------------------    -------------------
    M18                                               0.000     0.000 r  BTNU (IN)
                         net (fo=0)                   0.000     0.000    BTNU
    M18                  IBUF (Prop_ibuf_I_O)         0.254     0.254 r  BTNU_IBUF_inst/O
                         net (fo=1, routed)           1.252     1.505    debouncer_0/BTNU_IBUF
    SLICE_X54Y96         LUT6 (Prop_lut6_I5_O)        0.045     1.550 r  debouncer_0/genblk1[4].out[4]_i_1/O
                         net (fo=1, routed)           0.000     1.550    debouncer_0/genblk1[4].out[4]_i_1_n_0
    SLICE_X54Y96         FDRE                                         r  debouncer_0/genblk1[4].out_reg[4]/D
  -------------------------------------------------------------------    -------------------

                         (clock sys_clk_pin rise edge)
                                                      0.000     0.000 r  
    E3                                                0.000     0.000 r  CLK100MHZ (IN)
                         net (fo=0)                   0.000     0.000    CLK100MHZ
    E3                   IBUF (Prop_ibuf_I_O)         0.438     0.438 r  CLK100MHZ_IBUF_inst/O
                         net (fo=1, routed)           0.699     1.136    CLK100MHZ_IBUF
    BUFGCTRL_X0Y16       BUFG (Prop_bufg_I_O)         0.029     1.165 r  CLK100MHZ_IBUF_BUFG_inst/O
                         net (fo=101, routed)         0.834     1.999    debouncer_0/CLK100MHZ_IBUF_BUFG
    SLICE_X54Y96         FDRE                                         r  debouncer_0/genblk1[4].out_reg[4]/C





