#! /c/Source/iverilog-install/bin/vvp
:ivl_version "12.0 (devel)" "(s20150603-1539-g2693dd32b)";
:ivl_delay_selection "TYPICAL";
:vpi_time_precision + 0;
:vpi_module "C:\iverilog\lib\ivl\system.vpi";
:vpi_module "C:\iverilog\lib\ivl\vhdl_sys.vpi";
:vpi_module "C:\iverilog\lib\ivl\vhdl_textio.vpi";
:vpi_module "C:\iverilog\lib\ivl\v2005_math.vpi";
:vpi_module "C:\iverilog\lib\ivl\va_math.vpi";
S_000001326b7755e0 .scope module, "datapath" "datapath" 2 1;
 .timescale 0 0;
    .port_info 0 /INPUT 1 "clk";
    .port_info 1 /INPUT 1 "RESET";
    .port_info 2 /INPUT 1 "StallF";
    .port_info 3 /INPUT 1 "PCSrcW";
    .port_info 4 /INPUT 1 "BranchTakenE";
    .port_info 5 /INPUT 1 "FlushD";
    .port_info 6 /INPUT 1 "StallD";
    .port_info 7 /INPUT 1 "linkW";
    .port_info 8 /INPUT 1 "RegWriteW";
    .port_info 9 /INPUT 1 "FlushE";
    .port_info 10 /INPUT 1 "ALUSrcE";
    .port_info 11 /INPUT 1 "MemWriteM";
    .port_info 12 /INPUT 1 "MemToRegW";
    .port_info 13 /INPUT 2 "RegSrcD";
    .port_info 14 /INPUT 2 "ImmSrcD";
    .port_info 15 /INPUT 2 "ForwardAE";
    .port_info 16 /INPUT 2 "ForwardBE";
    .port_info 17 /INPUT 2 "shctrl";
    .port_info 18 /INPUT 4 "Debug_Source_select";
    .port_info 19 /INPUT 4 "ALUCtrlE";
    .port_info 20 /INPUT 5 "shamt";
    .port_info 21 /OUTPUT 4 "RA1D";
    .port_info 22 /OUTPUT 4 "RA2D";
    .port_info 23 /OUTPUT 4 "RA1E";
    .port_info 24 /OUTPUT 4 "RA2E";
    .port_info 25 /OUTPUT 4 "WA3E";
    .port_info 26 /OUTPUT 4 "WA3M";
    .port_info 27 /OUTPUT 4 "WA3W";
    .port_info 28 /OUTPUT 4 "Flags";
    .port_info 29 /OUTPUT 32 "PC";
    .port_info 30 /OUTPUT 32 "InstrD";
    .port_info 31 /OUTPUT 32 "Debug_out";
o000001326b82c598 .functor BUFZ 4, C4<zzzz>; HiZ drive
v000001326b89f740_0 .net "ALUCtrlE", 3 0, o000001326b82c598;  0 drivers
v000001326b89ed40_0 .net "ALUResultE", 31 0, v000001326b88ab60_0;  1 drivers
v000001326b89e980_0 .net "ALUResultM", 31 0, v000001326b80f6a0_0;  1 drivers
v000001326b89eb60_0 .net "ALUResultW", 31 0, v000001326b810280_0;  1 drivers
o000001326b82bed8 .functor BUFZ 1, C4<z>; HiZ drive
v000001326b89d4e0_0 .net "ALUSrcE", 0 0, o000001326b82bed8;  0 drivers
o000001326b82a2b8 .functor BUFZ 1, C4<z>; HiZ drive
v000001326b89f7e0_0 .net "BranchTakenE", 0 0, o000001326b82a2b8;  0 drivers
o000001326b82daf8 .functor BUFZ 4, C4<zzzz>; HiZ drive
v000001326b89d8a0_0 .net "Debug_Source_select", 3 0, o000001326b82daf8;  0 drivers
v000001326b89dc60_0 .net "Debug_out", 31 0, v000001326b895210_0;  1 drivers
v000001326b89efc0_0 .net "DecidedR2", 31 0, v000001326b80f560_0;  1 drivers
v000001326b89d9e0_0 .net "ExtImmD", 31 0, v000001326b88ec20_0;  1 drivers
v000001326b89f560_0 .net "ExtImmE", 31 0, v000001326b88e7c0_0;  1 drivers
v000001326b89d120_0 .net "Flags", 3 0, L_000001326b8fd670;  1 drivers
o000001326b82ad08 .functor BUFZ 1, C4<z>; HiZ drive
v000001326b89df80_0 .net "FlushD", 0 0, o000001326b82ad08;  0 drivers
o000001326b82b308 .functor BUFZ 1, C4<z>; HiZ drive
v000001326b89f100_0 .net "FlushE", 0 0, o000001326b82b308;  0 drivers
o000001326b82a468 .functor BUFZ 2, C4<zz>; HiZ drive
v000001326b89d6c0_0 .net "ForwardAE", 1 0, o000001326b82a468;  0 drivers
o000001326b82a648 .functor BUFZ 2, C4<zz>; HiZ drive
v000001326b89ea20_0 .net "ForwardBE", 1 0, o000001326b82a648;  0 drivers
o000001326b82cda8 .functor BUFZ 2, C4<zz>; HiZ drive
v000001326b89d260_0 .net "ImmSrcD", 1 0, o000001326b82cda8;  0 drivers
v000001326b89d620_0 .net "InstrD", 31 0, v000001326b8862e0_0;  1 drivers
v000001326b89d1c0_0 .net "InstrF", 31 0, L_000001326b89fa60;  1 drivers
o000001326b82bc38 .functor BUFZ 1, C4<z>; HiZ drive
v000001326b89e020_0 .net "MemToRegW", 0 0, o000001326b82bc38;  0 drivers
o000001326b82cbf8 .functor BUFZ 1, C4<z>; HiZ drive
v000001326b89e160_0 .net "MemWriteM", 0 0, o000001326b82cbf8;  0 drivers
v000001326b89e480_0 .net "PC", 31 0, v000001326b886380_0;  1 drivers
v000001326b89dd00_0 .net "PCE", 31 0, L_000001326b8fd990;  1 drivers
v000001326b89e2a0_0 .net "PCM", 31 0, v000001326b887460_0;  1 drivers
v000001326b89e200_0 .net "PCPlus8D", 31 0, L_000001326b8a08c0;  1 drivers
o000001326b82b1b8 .functor BUFZ 1, C4<z>; HiZ drive
v000001326b89da80_0 .net "PCSrcW", 0 0, o000001326b82b1b8;  0 drivers
v000001326b89d300_0 .net "PCW", 31 0, v000001326b8867e0_0;  1 drivers
v000001326b89d580_0 .net "PC_in", 31 0, L_000001326b89f920;  1 drivers
v000001326b89d940_0 .net "PC_pre_in", 31 0, L_000001326b8a0460;  1 drivers
v000001326b89db20_0 .net "RA1D", 3 0, L_000001326b89ff60;  1 drivers
v000001326b89ede0_0 .net "RA1E", 3 0, v000001326b8861a0_0;  1 drivers
v000001326b89f060_0 .net "RA2D", 3 0, L_000001326b89fb00;  1 drivers
v000001326b89e340_0 .net "RA2E", 3 0, v000001326b887820_0;  1 drivers
v000001326b89e3e0_0 .net "RA3D", 3 0, L_000001326b8a03c0;  1 drivers
v000001326b89ec00_0 .net "RD1D", 31 0, v000001326b88f5b0_0;  1 drivers
v000001326b89e520_0 .net "RD1E", 31 0, v000001326b887d20_0;  1 drivers
v000001326b89e840_0 .net "RD2D", 31 0, v000001326b88f3d0_0;  1 drivers
v000001326b89f4c0_0 .net "RD2E", 31 0, v000001326b889760_0;  1 drivers
o000001326b82a078 .functor BUFZ 1, C4<z>; HiZ drive
v000001326b89de40_0 .net "RESET", 0 0, o000001326b82a078;  0 drivers
v000001326b89eca0_0 .net "ReadDataM", 31 0, L_000001326b8fed90;  1 drivers
v000001326b89e5c0_0 .net "ReadDataW", 31 0, v000001326b88a8e0_0;  1 drivers
o000001326b82f4d8 .functor BUFZ 2, C4<zz>; HiZ drive
v000001326b89f600_0 .net "RegSrcD", 1 0, o000001326b82f4d8;  0 drivers
o000001326b82f238 .functor BUFZ 1, C4<z>; HiZ drive
v000001326b89dee0_0 .net "RegWriteW", 0 0, o000001326b82f238;  0 drivers
v000001326b89e660_0 .net "ResultW", 31 0, L_000001326b8fe9d0;  1 drivers
v000001326b89ee80_0 .net "SrcAE", 31 0, v000001326b80f2e0_0;  1 drivers
v000001326b89e700_0 .net "SrcBE", 31 0, v000001326b8894e0_0;  1 drivers
v000001326b89e7a0_0 .net "SrcBE_preshift", 31 0, L_000001326b8fd850;  1 drivers
o000001326b82ad38 .functor BUFZ 1, C4<z>; HiZ drive
v000001326b89e8e0_0 .net "StallD", 0 0, o000001326b82ad38;  0 drivers
o000001326b82ae58 .functor BUFZ 1, C4<z>; HiZ drive
v000001326b89eac0_0 .net "StallF", 0 0, o000001326b82ae58;  0 drivers
v000001326b89ef20_0 .net "WA3E", 3 0, v000001326b88a160_0;  1 drivers
v000001326b89f1a0_0 .net "WA3M", 3 0, v000001326b8896c0_0;  1 drivers
v000001326b89f420_0 .net "WA3W", 3 0, v000001326b889a80_0;  1 drivers
v000001326b89f240_0 .net "WD3", 31 0, L_000001326b89fce0;  1 drivers
v000001326b89f2e0_0 .net "WriteDataM", 31 0, v000001326b889da0_0;  1 drivers
o000001326b82a048 .functor BUFZ 1, C4<z>; HiZ drive
v000001326b89f380_0 .net "clk", 0 0, o000001326b82a048;  0 drivers
o000001326b82b848 .functor BUFZ 1, C4<z>; HiZ drive
v000001326b89f9c0_0 .net "linkW", 0 0, o000001326b82b848;  0 drivers
o000001326b82bdb8 .functor BUFZ 5, C4<zzzzz>; HiZ drive
v000001326b8a0c80_0 .net "shamt", 4 0, o000001326b82bdb8;  0 drivers
o000001326b82bd88 .functor BUFZ 2, C4<zz>; HiZ drive
v000001326b8a0dc0_0 .net "shctrl", 1 0, o000001326b82bd88;  0 drivers
L_000001326b8a0d20 .part o000001326b82f4d8, 0, 1;
L_000001326b8a0000 .part v000001326b8862e0_0, 16, 4;
L_000001326b8a00a0 .part o000001326b82f4d8, 1, 1;
L_000001326b8a0320 .part v000001326b8862e0_0, 0, 4;
L_000001326b8a0780 .part v000001326b8862e0_0, 12, 4;
L_000001326b8fddf0 .part v000001326b8862e0_0, 0, 24;
L_000001326b8fd490 .part v000001326b8862e0_0, 12, 4;
L_000001326b8fdb70 .part L_000001326b8fd670, 1, 1;
L_000001326b8fd670 .concat8 [ 1 1 1 1], v000001326b889120_0, v000001326b88ad40_0, L_000001326b7e1300, L_000001326b8ff650;
S_000001326b787a30 .scope module, "ALUM" "Register_reset" 2 59, 3 1 0, S_000001326b7755e0;
 .timescale 0 0;
    .port_info 0 /INPUT 1 "clk";
    .port_info 1 /INPUT 1 "reset";
    .port_info 2 /INPUT 32 "DATA";
    .port_info 3 /OUTPUT 32 "OUT";
P_000001326b814db0 .param/l "WIDTH" 0 3 2, +C4<00000000000000000000000000100000>;
v000001326b8106e0_0 .net "DATA", 31 0, v000001326b88ab60_0;  alias, 1 drivers
v000001326b80f6a0_0 .var "OUT", 31 0;
v000001326b80ec00_0 .net "clk", 0 0, o000001326b82a048;  alias, 0 drivers
v000001326b80f060_0 .net "reset", 0 0, o000001326b82a078;  alias, 0 drivers
E_000001326b814ff0 .event posedge, v000001326b80ec00_0;
S_000001326b787bc0 .scope module, "ALUW" "Register_reset" 2 70, 3 1 0, S_000001326b7755e0;
 .timescale 0 0;
    .port_info 0 /INPUT 1 "clk";
    .port_info 1 /INPUT 1 "reset";
    .port_info 2 /INPUT 32 "DATA";
    .port_info 3 /OUTPUT 32 "OUT";
P_000001326b8153f0 .param/l "WIDTH" 0 3 2, +C4<00000000000000000000000000100000>;
v000001326b80f240_0 .net "DATA", 31 0, v000001326b80f6a0_0;  alias, 1 drivers
v000001326b810280_0 .var "OUT", 31 0;
v000001326b8103c0_0 .net "clk", 0 0, o000001326b82a048;  alias, 0 drivers
v000001326b80f380_0 .net "reset", 0 0, o000001326b82a078;  alias, 0 drivers
S_000001326b787530 .scope module, "Branch_OP_MUX" "Mux_2to1" 2 20, 4 1 0, S_000001326b7755e0;
 .timescale 0 0;
    .port_info 0 /INPUT 1 "select";
    .port_info 1 /INPUT 32 "input_0";
    .port_info 2 /INPUT 32 "input_1";
    .port_info 3 /OUTPUT 32 "output_value";
P_000001326b8154b0 .param/l "WIDTH" 0 4 1, +C4<00000000000000000000000000100000>;
v000001326b810500_0 .net "input_0", 31 0, L_000001326b8a0460;  alias, 1 drivers
v000001326b810780_0 .net "input_1", 31 0, v000001326b88ab60_0;  alias, 1 drivers
v000001326b80ea20_0 .net "output_value", 31 0, L_000001326b89f920;  alias, 1 drivers
v000001326b8105a0_0 .net "select", 0 0, o000001326b82a2b8;  alias, 0 drivers
L_000001326b89f920 .functor MUXZ 32, L_000001326b8a0460, v000001326b88ab60_0, o000001326b82a2b8, C4<>;
S_000001326b7876c0 .scope module, "ForwardMuxA" "Mux_4to1" 2 46, 5 1 0, S_000001326b7755e0;
 .timescale 0 0;
    .port_info 0 /INPUT 2 "select";
    .port_info 1 /INPUT 32 "input_0";
    .port_info 2 /INPUT 32 "input_1";
    .port_info 3 /INPUT 32 "input_2";
    .port_info 4 /INPUT 32 "input_3";
    .port_info 5 /OUTPUT 32 "output_value";
P_000001326b815530 .param/l "WIDTH" 0 5 1, +C4<00000000000000000000000000100000>;
v000001326b80fc40_0 .net "input_0", 31 0, v000001326b887d20_0;  alias, 1 drivers
v000001326b80f1a0_0 .net "input_1", 31 0, L_000001326b8fe9d0;  alias, 1 drivers
v000001326b8100a0_0 .net "input_2", 31 0, v000001326b80f6a0_0;  alias, 1 drivers
L_000001326b8a3400 .functor BUFT 1, C4<00000000000000000000000000000000>, C4<0>, C4<0>, C4<0>;
v000001326b80ff60_0 .net "input_3", 31 0, L_000001326b8a3400;  1 drivers
v000001326b80f2e0_0 .var "output_value", 31 0;
v000001326b80f420_0 .net "select", 1 0, o000001326b82a468;  alias, 0 drivers
E_000001326b8157f0/0 .event anyedge, v000001326b80f420_0, v000001326b80fc40_0, v000001326b80f1a0_0, v000001326b80f6a0_0;
E_000001326b8157f0/1 .event anyedge, v000001326b80ff60_0;
E_000001326b8157f0 .event/or E_000001326b8157f0/0, E_000001326b8157f0/1;
S_000001326b74cb60 .scope module, "ForwardMuxB" "Mux_4to1" 2 47, 5 1 0, S_000001326b7755e0;
 .timescale 0 0;
    .port_info 0 /INPUT 2 "select";
    .port_info 1 /INPUT 32 "input_0";
    .port_info 2 /INPUT 32 "input_1";
    .port_info 3 /INPUT 32 "input_2";
    .port_info 4 /INPUT 32 "input_3";
    .port_info 5 /OUTPUT 32 "output_value";
P_000001326b8149f0 .param/l "WIDTH" 0 5 1, +C4<00000000000000000000000000100000>;
v000001326b810140_0 .net "input_0", 31 0, v000001326b889760_0;  alias, 1 drivers
v000001326b8101e0_0 .net "input_1", 31 0, L_000001326b8fe9d0;  alias, 1 drivers
v000001326b810320_0 .net "input_2", 31 0, v000001326b80f6a0_0;  alias, 1 drivers
L_000001326b8a3448 .functor BUFT 1, C4<00000000000000000000000000000000>, C4<0>, C4<0>, C4<0>;
v000001326b80f4c0_0 .net "input_3", 31 0, L_000001326b8a3448;  1 drivers
v000001326b80f560_0 .var "output_value", 31 0;
v000001326b80f600_0 .net "select", 1 0, o000001326b82a648;  alias, 0 drivers
E_000001326b815bb0/0 .event anyedge, v000001326b80f600_0, v000001326b810140_0, v000001326b80f1a0_0, v000001326b80f6a0_0;
E_000001326b815bb0/1 .event anyedge, v000001326b80f4c0_0;
E_000001326b815bb0 .event/or E_000001326b815bb0/0, E_000001326b815bb0/1;
S_000001326b74ccf0 .scope module, "IDmem" "Instruction_memory" 2 22, 6 1 0, S_000001326b7755e0;
 .timescale 0 0;
    .port_info 0 /INPUT 32 "ADDR";
    .port_info 1 /OUTPUT 32 "RD";
P_000001326b72ae10 .param/l "ADDR_WIDTH" 0 6 1, +C4<00000000000000000000000000100000>;
P_000001326b72ae48 .param/l "BYTE_SIZE" 0 6 1, +C4<00000000000000000000000000000100>;
v000001326b886560_0 .net "ADDR", 31 0, v000001326b886380_0;  alias, 1 drivers
v000001326b8864c0_0 .net "RD", 31 0, L_000001326b89fa60;  alias, 1 drivers
v000001326b886060 .array "mem", 0 255, 7 0;
L_000001326b89fa60 .concat8 [ 8 8 8 8], L_000001326b80a220, L_000001326b80a3e0, L_000001326b8099d0, L_000001326b809e30;
S_000001326b779530 .scope generate, "read_generate[0]" "read_generate[0]" 6 13, 6 13 0, S_000001326b74ccf0;
 .timescale 0 0;
P_000001326b8162b0 .param/l "i" 0 6 13, +C4<00>;
L_000001326b80a220 .functor BUFZ 8, L_000001326b89fe20, C4<00000000>, C4<00000000>, C4<00000000>;
v000001326b80f740_0 .net *"_ivl_0", 7 0, L_000001326b89fe20;  1 drivers
v000001326b7e74d0_0 .net *"_ivl_11", 7 0, L_000001326b80a220;  1 drivers
v000001326b7e6ad0_0 .net *"_ivl_2", 32 0, L_000001326b8a0e60;  1 drivers
L_000001326b8a3130 .functor BUFT 1, C4<0>, C4<0>, C4<0>, C4<0>;
v000001326b7e85b0_0 .net *"_ivl_5", 0 0, L_000001326b8a3130;  1 drivers
L_000001326b8a3178 .functor BUFT 1, C4<000000000000000000000000000000000>, C4<0>, C4<0>, C4<0>;
v000001326b7e6e90_0 .net/2u *"_ivl_6", 32 0, L_000001326b8a3178;  1 drivers
v000001326b7e7d90_0 .net *"_ivl_8", 32 0, L_000001326b8a0fa0;  1 drivers
L_000001326b89fe20 .array/port v000001326b886060, L_000001326b8a0fa0;
L_000001326b8a0e60 .concat [ 32 1 0 0], v000001326b886380_0, L_000001326b8a3130;
L_000001326b8a0fa0 .arith/sum 33, L_000001326b8a0e60, L_000001326b8a3178;
S_000001326b7796c0 .scope generate, "read_generate[1]" "read_generate[1]" 6 13, 6 13 0, S_000001326b74ccf0;
 .timescale 0 0;
P_000001326b816730 .param/l "i" 0 6 13, +C4<01>;
L_000001326b80a3e0 .functor BUFZ 8, L_000001326b8a0960, C4<00000000>, C4<00000000>, C4<00000000>;
v000001326b7e6fd0_0 .net *"_ivl_0", 7 0, L_000001326b8a0960;  1 drivers
v000001326b7e8790_0 .net *"_ivl_11", 7 0, L_000001326b80a3e0;  1 drivers
v000001326b7e7110_0 .net *"_ivl_2", 32 0, L_000001326b89fec0;  1 drivers
L_000001326b8a31c0 .functor BUFT 1, C4<0>, C4<0>, C4<0>, C4<0>;
v000001326b7e6990_0 .net *"_ivl_5", 0 0, L_000001326b8a31c0;  1 drivers
L_000001326b8a3208 .functor BUFT 1, C4<000000000000000000000000000000001>, C4<0>, C4<0>, C4<0>;
v000001326b7e8290_0 .net/2u *"_ivl_6", 32 0, L_000001326b8a3208;  1 drivers
v000001326b7e7250_0 .net *"_ivl_8", 32 0, L_000001326b8a0f00;  1 drivers
L_000001326b8a0960 .array/port v000001326b886060, L_000001326b8a0f00;
L_000001326b89fec0 .concat [ 32 1 0 0], v000001326b886380_0, L_000001326b8a31c0;
L_000001326b8a0f00 .arith/sum 33, L_000001326b89fec0, L_000001326b8a3208;
S_000001326b750ee0 .scope generate, "read_generate[2]" "read_generate[2]" 6 13, 6 13 0, S_000001326b74ccf0;
 .timescale 0 0;
P_000001326b816670 .param/l "i" 0 6 13, +C4<010>;
L_000001326b8099d0 .functor BUFZ 8, L_000001326b8a0140, C4<00000000>, C4<00000000>, C4<00000000>;
v000001326b7e8330_0 .net *"_ivl_0", 7 0, L_000001326b8a0140;  1 drivers
v000001326b7e72f0_0 .net *"_ivl_11", 7 0, L_000001326b8099d0;  1 drivers
v000001326b7e7430_0 .net *"_ivl_2", 32 0, L_000001326b8a0640;  1 drivers
L_000001326b8a3250 .functor BUFT 1, C4<0>, C4<0>, C4<0>, C4<0>;
v000001326b7e8470_0 .net *"_ivl_5", 0 0, L_000001326b8a3250;  1 drivers
L_000001326b8a3298 .functor BUFT 1, C4<000000000000000000000000000000010>, C4<0>, C4<0>, C4<0>;
v000001326b7e7570_0 .net/2u *"_ivl_6", 32 0, L_000001326b8a3298;  1 drivers
v000001326b7e77f0_0 .net *"_ivl_8", 32 0, L_000001326b8a0aa0;  1 drivers
L_000001326b8a0140 .array/port v000001326b886060, L_000001326b8a0aa0;
L_000001326b8a0640 .concat [ 32 1 0 0], v000001326b886380_0, L_000001326b8a3250;
L_000001326b8a0aa0 .arith/sum 33, L_000001326b8a0640, L_000001326b8a3298;
S_000001326b751070 .scope generate, "read_generate[3]" "read_generate[3]" 6 13, 6 13 0, S_000001326b74ccf0;
 .timescale 0 0;
P_000001326b815db0 .param/l "i" 0 6 13, +C4<011>;
L_000001326b809e30 .functor BUFZ 8, L_000001326b8a01e0, C4<00000000>, C4<00000000>, C4<00000000>;
v000001326b7e8650_0 .net *"_ivl_0", 7 0, L_000001326b8a01e0;  1 drivers
v000001326b7dd960_0 .net *"_ivl_11", 7 0, L_000001326b809e30;  1 drivers
v000001326b7dd500_0 .net *"_ivl_2", 32 0, L_000001326b8a0280;  1 drivers
L_000001326b8a32e0 .functor BUFT 1, C4<0>, C4<0>, C4<0>, C4<0>;
v000001326b7dd6e0_0 .net *"_ivl_5", 0 0, L_000001326b8a32e0;  1 drivers
L_000001326b8a3328 .functor BUFT 1, C4<000000000000000000000000000000011>, C4<0>, C4<0>, C4<0>;
v000001326b887a00_0 .net/2u *"_ivl_6", 32 0, L_000001326b8a3328;  1 drivers
v000001326b8866a0_0 .net *"_ivl_8", 32 0, L_000001326b8a0a00;  1 drivers
L_000001326b8a01e0 .array/port v000001326b886060, L_000001326b8a0a00;
L_000001326b8a0280 .concat [ 32 1 0 0], v000001326b886380_0, L_000001326b8a32e0;
L_000001326b8a0a00 .arith/sum 33, L_000001326b8a0280, L_000001326b8a3328;
S_000001326b74e980 .scope module, "IR" "Register_rsten" 2 25, 7 1 0, S_000001326b7755e0;
 .timescale 0 0;
    .port_info 0 /INPUT 1 "clk";
    .port_info 1 /INPUT 1 "reset";
    .port_info 2 /INPUT 1 "we";
    .port_info 3 /INPUT 32 "DATA";
    .port_info 4 /OUTPUT 32 "OUT";
P_000001326b8163b0 .param/l "WIDTH" 0 7 2, +C4<00000000000000000000000000100000>;
v000001326b8870a0_0 .net "DATA", 31 0, L_000001326b89fa60;  alias, 1 drivers
v000001326b8862e0_0 .var "OUT", 31 0;
v000001326b887280_0 .net "clk", 0 0, o000001326b82a048;  alias, 0 drivers
v000001326b886f60_0 .net "reset", 0 0, o000001326b82ad08;  alias, 0 drivers
v000001326b886ba0_0 .net "we", 0 0, o000001326b82ad38;  alias, 0 drivers
S_000001326b74eb10 .scope module, "PCReg" "Register_rsten" 2 16, 7 1 0, S_000001326b7755e0;
 .timescale 0 0;
    .port_info 0 /INPUT 1 "clk";
    .port_info 1 /INPUT 1 "reset";
    .port_info 2 /INPUT 1 "we";
    .port_info 3 /INPUT 32 "DATA";
    .port_info 4 /OUTPUT 32 "OUT";
P_000001326b8161f0 .param/l "WIDTH" 0 7 2, +C4<00000000000000000000000000100000>;
v000001326b886600_0 .net "DATA", 31 0, L_000001326b89f920;  alias, 1 drivers
v000001326b886380_0 .var "OUT", 31 0;
v000001326b8875a0_0 .net "clk", 0 0, o000001326b82a048;  alias, 0 drivers
v000001326b887320_0 .net "reset", 0 0, o000001326b82a078;  alias, 0 drivers
v000001326b8869c0_0 .net "we", 0 0, o000001326b82ae58;  alias, 0 drivers
S_000001326b790c80 .scope module, "PCRegM" "Register_reset" 2 61, 3 1 0, S_000001326b7755e0;
 .timescale 0 0;
    .port_info 0 /INPUT 1 "clk";
    .port_info 1 /INPUT 1 "reset";
    .port_info 2 /INPUT 32 "DATA";
    .port_info 3 /OUTPUT 32 "OUT";
P_000001326b815bf0 .param/l "WIDTH" 0 3 2, +C4<00000000000000000000000000100000>;
v000001326b887aa0_0 .net "DATA", 31 0, L_000001326b8fd990;  alias, 1 drivers
v000001326b887460_0 .var "OUT", 31 0;
v000001326b886740_0 .net "clk", 0 0, o000001326b82a048;  alias, 0 drivers
v000001326b887dc0_0 .net "reset", 0 0, o000001326b82a078;  alias, 0 drivers
S_000001326b790e10 .scope module, "PCRegW" "Register_reset" 2 72, 3 1 0, S_000001326b7755e0;
 .timescale 0 0;
    .port_info 0 /INPUT 1 "clk";
    .port_info 1 /INPUT 1 "reset";
    .port_info 2 /INPUT 32 "DATA";
    .port_info 3 /OUTPUT 32 "OUT";
P_000001326b816930 .param/l "WIDTH" 0 3 2, +C4<00000000000000000000000000100000>;
v000001326b8873c0_0 .net "DATA", 31 0, v000001326b887460_0;  alias, 1 drivers
v000001326b8867e0_0 .var "OUT", 31 0;
v000001326b887000_0 .net "clk", 0 0, o000001326b82a048;  alias, 0 drivers
v000001326b887640_0 .net "reset", 0 0, o000001326b82a078;  alias, 0 drivers
S_000001326b754db0 .scope module, "R15_OP_MUX" "Mux_2to1" 2 19, 4 1 0, S_000001326b7755e0;
 .timescale 0 0;
    .port_info 0 /INPUT 1 "select";
    .port_info 1 /INPUT 32 "input_0";
    .port_info 2 /INPUT 32 "input_1";
    .port_info 3 /OUTPUT 32 "output_value";
P_000001326b8164b0 .param/l "WIDTH" 0 4 1, +C4<00000000000000000000000000100000>;
v000001326b886100_0 .net "input_0", 31 0, L_000001326b8a08c0;  alias, 1 drivers
v000001326b887f00_0 .net "input_1", 31 0, L_000001326b8fe9d0;  alias, 1 drivers
v000001326b8878c0_0 .net "output_value", 31 0, L_000001326b8a0460;  alias, 1 drivers
v000001326b886920_0 .net "select", 0 0, o000001326b82b1b8;  alias, 0 drivers
L_000001326b8a0460 .functor MUXZ 32, L_000001326b8a08c0, L_000001326b8fe9d0, o000001326b82b1b8, C4<>;
S_000001326b754f40 .scope module, "RA1EReg" "Register_reset" 2 43, 3 1 0, S_000001326b7755e0;
 .timescale 0 0;
    .port_info 0 /INPUT 1 "clk";
    .port_info 1 /INPUT 1 "reset";
    .port_info 2 /INPUT 4 "DATA";
    .port_info 3 /OUTPUT 4 "OUT";
P_000001326b8166b0 .param/l "WIDTH" 0 3 2, +C4<00000000000000000000000000000100>;
v000001326b886420_0 .net "DATA", 3 0, L_000001326b89ff60;  alias, 1 drivers
v000001326b8861a0_0 .var "OUT", 3 0;
v000001326b886880_0 .net "clk", 0 0, o000001326b82a048;  alias, 0 drivers
v000001326b887500_0 .net "reset", 0 0, o000001326b82b308;  alias, 0 drivers
S_000001326b888200 .scope module, "RA1_Mux" "Mux_2to1" 2 27, 4 1 0, S_000001326b7755e0;
 .timescale 0 0;
    .port_info 0 /INPUT 1 "select";
    .port_info 1 /INPUT 4 "input_0";
    .port_info 2 /INPUT 4 "input_1";
    .port_info 3 /OUTPUT 4 "output_value";
P_000001326b815cb0 .param/l "WIDTH" 0 4 1, +C4<00000000000000000000000000000100>;
v000001326b886240_0 .net "input_0", 3 0, L_000001326b8a0000;  1 drivers
L_000001326b8a3370 .functor BUFT 1, C4<1111>, C4<0>, C4<0>, C4<0>;
v000001326b8876e0_0 .net "input_1", 3 0, L_000001326b8a3370;  1 drivers
v000001326b886a60_0 .net "output_value", 3 0, L_000001326b89ff60;  alias, 1 drivers
v000001326b887780_0 .net "select", 0 0, L_000001326b8a0d20;  1 drivers
L_000001326b89ff60 .functor MUXZ 4, L_000001326b8a0000, L_000001326b8a3370, L_000001326b8a0d20, C4<>;
S_000001326b888840 .scope module, "RA2EReg" "Register_reset" 2 44, 3 1 0, S_000001326b7755e0;
 .timescale 0 0;
    .port_info 0 /INPUT 1 "clk";
    .port_info 1 /INPUT 1 "reset";
    .port_info 2 /INPUT 4 "DATA";
    .port_info 3 /OUTPUT 4 "OUT";
P_000001326b8167b0 .param/l "WIDTH" 0 3 2, +C4<00000000000000000000000000000100>;
v000001326b886b00_0 .net "DATA", 3 0, L_000001326b89fb00;  alias, 1 drivers
v000001326b887820_0 .var "OUT", 3 0;
v000001326b887960_0 .net "clk", 0 0, o000001326b82a048;  alias, 0 drivers
v000001326b887140_0 .net "reset", 0 0, o000001326b82b308;  alias, 0 drivers
S_000001326b888b60 .scope module, "RA2_Mux" "Mux_2to1" 2 28, 4 1 0, S_000001326b7755e0;
 .timescale 0 0;
    .port_info 0 /INPUT 1 "select";
    .port_info 1 /INPUT 4 "input_0";
    .port_info 2 /INPUT 4 "input_1";
    .port_info 3 /OUTPUT 4 "output_value";
P_000001326b8167f0 .param/l "WIDTH" 0 4 1, +C4<00000000000000000000000000000100>;
v000001326b886c40_0 .net "input_0", 3 0, L_000001326b8a0320;  1 drivers
v000001326b886ce0_0 .net "input_1", 3 0, L_000001326b8a0780;  1 drivers
v000001326b887be0_0 .net "output_value", 3 0, L_000001326b89fb00;  alias, 1 drivers
v000001326b8871e0_0 .net "select", 0 0, L_000001326b8a00a0;  1 drivers
L_000001326b89fb00 .functor MUXZ 4, L_000001326b8a0320, L_000001326b8a0780, L_000001326b8a00a0, C4<>;
S_000001326b8886b0 .scope module, "RA3_Mux" "Mux_2to1" 2 29, 4 1 0, S_000001326b7755e0;
 .timescale 0 0;
    .port_info 0 /INPUT 1 "select";
    .port_info 1 /INPUT 4 "input_0";
    .port_info 2 /INPUT 4 "input_1";
    .port_info 3 /OUTPUT 4 "output_value";
P_000001326b8165b0 .param/l "WIDTH" 0 4 1, +C4<00000000000000000000000000000100>;
v000001326b886d80_0 .net "input_0", 3 0, v000001326b889a80_0;  alias, 1 drivers
L_000001326b8a33b8 .functor BUFT 1, C4<1110>, C4<0>, C4<0>, C4<0>;
v000001326b886e20_0 .net "input_1", 3 0, L_000001326b8a33b8;  1 drivers
v000001326b887b40_0 .net "output_value", 3 0, L_000001326b8a03c0;  alias, 1 drivers
v000001326b887c80_0 .net "select", 0 0, o000001326b82b848;  alias, 0 drivers
L_000001326b8a03c0 .functor MUXZ 4, v000001326b889a80_0, L_000001326b8a33b8, o000001326b82b848, C4<>;
S_000001326b8889d0 .scope module, "RD1" "Register_reset" 2 39, 3 1 0, S_000001326b7755e0;
 .timescale 0 0;
    .port_info 0 /INPUT 1 "clk";
    .port_info 1 /INPUT 1 "reset";
    .port_info 2 /INPUT 32 "DATA";
    .port_info 3 /OUTPUT 32 "OUT";
P_000001326b815cf0 .param/l "WIDTH" 0 3 2, +C4<00000000000000000000000000100000>;
v000001326b886ec0_0 .net "DATA", 31 0, v000001326b88f5b0_0;  alias, 1 drivers
v000001326b887d20_0 .var "OUT", 31 0;
v000001326b887e60_0 .net "clk", 0 0, o000001326b82a048;  alias, 0 drivers
v000001326b889260_0 .net "reset", 0 0, o000001326b82b308;  alias, 0 drivers
S_000001326b888cf0 .scope module, "RD2" "Register_reset" 2 40, 3 1 0, S_000001326b7755e0;
 .timescale 0 0;
    .port_info 0 /INPUT 1 "clk";
    .port_info 1 /INPUT 1 "reset";
    .port_info 2 /INPUT 32 "DATA";
    .port_info 3 /OUTPUT 32 "OUT";
P_000001326b816230 .param/l "WIDTH" 0 3 2, +C4<00000000000000000000000000100000>;
v000001326b88a520_0 .net "DATA", 31 0, v000001326b88f3d0_0;  alias, 1 drivers
v000001326b889760_0 .var "OUT", 31 0;
v000001326b88a7a0_0 .net "clk", 0 0, o000001326b82a048;  alias, 0 drivers
v000001326b88a0c0_0 .net "reset", 0 0, o000001326b82b308;  alias, 0 drivers
S_000001326b888390 .scope module, "ReadData" "Register_reset" 2 69, 3 1 0, S_000001326b7755e0;
 .timescale 0 0;
    .port_info 0 /INPUT 1 "clk";
    .port_info 1 /INPUT 1 "reset";
    .port_info 2 /INPUT 32 "DATA";
    .port_info 3 /OUTPUT 32 "OUT";
P_000001326b815d30 .param/l "WIDTH" 0 3 2, +C4<00000000000000000000000000100000>;
v000001326b8898a0_0 .net "DATA", 31 0, L_000001326b8fed90;  alias, 1 drivers
v000001326b88a8e0_0 .var "OUT", 31 0;
v000001326b88aa20_0 .net "clk", 0 0, o000001326b82a048;  alias, 0 drivers
v000001326b88aca0_0 .net "reset", 0 0, o000001326b82a078;  alias, 0 drivers
S_000001326b888070 .scope module, "ResultMUX" "Mux_2to1" 2 74, 4 1 0, S_000001326b7755e0;
 .timescale 0 0;
    .port_info 0 /INPUT 1 "select";
    .port_info 1 /INPUT 32 "input_0";
    .port_info 2 /INPUT 32 "input_1";
    .port_info 3 /OUTPUT 32 "output_value";
P_000001326b815e70 .param/l "WIDTH" 0 4 1, +C4<00000000000000000000000000100000>;
v000001326b88af20_0 .net "input_0", 31 0, v000001326b810280_0;  alias, 1 drivers
v000001326b889440_0 .net "input_1", 31 0, v000001326b88a8e0_0;  alias, 1 drivers
v000001326b889580_0 .net "output_value", 31 0, L_000001326b8fe9d0;  alias, 1 drivers
v000001326b88a020_0 .net "select", 0 0, o000001326b82bc38;  alias, 0 drivers
L_000001326b8fe9d0 .functor MUXZ 32, v000001326b810280_0, v000001326b88a8e0_0, o000001326b82bc38, C4<>;
S_000001326b888520 .scope module, "Shifter" "shifter" 2 50, 8 1 0, S_000001326b7755e0;
 .timescale 0 0;
    .port_info 0 /INPUT 2 "control";
    .port_info 1 /INPUT 5 "shamt";
    .port_info 2 /INPUT 32 "DATA";
    .port_info 3 /OUTPUT 32 "OUT";
P_000001326b8038b0 .param/l "ASR" 1 8 12, C4<10>;
P_000001326b8038e8 .param/l "LSL" 1 8 10, C4<00>;
P_000001326b803920 .param/l "LSR" 1 8 11, C4<01>;
P_000001326b803958 .param/l "RR" 1 8 13, C4<11>;
P_000001326b803990 .param/l "WIDTH" 0 8 2, +C4<00000000000000000000000000100000>;
v000001326b889b20_0 .net/s "DATA", 31 0, L_000001326b8fd850;  alias, 1 drivers
v000001326b8894e0_0 .var/s "OUT", 31 0;
v000001326b88a5c0_0 .net "control", 1 0, o000001326b82bd88;  alias, 0 drivers
v000001326b889620_0 .net "shamt", 4 0, o000001326b82bdb8;  alias, 0 drivers
E_000001326b8163f0 .event anyedge, v000001326b88a5c0_0, v000001326b889b20_0, v000001326b889620_0;
S_000001326b888e80 .scope module, "SrcBMUX" "Mux_2to1" 2 48, 4 1 0, S_000001326b7755e0;
 .timescale 0 0;
    .port_info 0 /INPUT 1 "select";
    .port_info 1 /INPUT 32 "input_0";
    .port_info 2 /INPUT 32 "input_1";
    .port_info 3 /OUTPUT 32 "output_value";
P_000001326b815a30 .param/l "WIDTH" 0 4 1, +C4<00000000000000000000000000100000>;
v000001326b88a340_0 .net "input_0", 31 0, v000001326b80f560_0;  alias, 1 drivers
v000001326b88a480_0 .net "input_1", 31 0, v000001326b88e7c0_0;  alias, 1 drivers
v000001326b8899e0_0 .net "output_value", 31 0, L_000001326b8fd850;  alias, 1 drivers
v000001326b88ac00_0 .net "select", 0 0, o000001326b82bed8;  alias, 0 drivers
L_000001326b8fd850 .functor MUXZ 32, v000001326b80f560_0, v000001326b88e7c0_0, o000001326b82bed8, C4<>;
S_000001326b88ce40 .scope module, "WA3EReg" "Register_reset" 2 42, 3 1 0, S_000001326b7755e0;
 .timescale 0 0;
    .port_info 0 /INPUT 1 "clk";
    .port_info 1 /INPUT 1 "reset";
    .port_info 2 /INPUT 4 "DATA";
    .port_info 3 /OUTPUT 4 "OUT";
P_000001326b8160b0 .param/l "WIDTH" 0 3 2, +C4<00000000000000000000000000000100>;
v000001326b88ade0_0 .net "DATA", 3 0, L_000001326b8fd490;  1 drivers
v000001326b88a160_0 .var "OUT", 3 0;
v000001326b88ae80_0 .net "clk", 0 0, o000001326b82a048;  alias, 0 drivers
v000001326b889800_0 .net "reset", 0 0, o000001326b82b308;  alias, 0 drivers
S_000001326b88c350 .scope module, "WA3MReg" "Register_reset" 2 62, 3 1 0, S_000001326b7755e0;
 .timescale 0 0;
    .port_info 0 /INPUT 1 "clk";
    .port_info 1 /INPUT 1 "reset";
    .port_info 2 /INPUT 4 "DATA";
    .port_info 3 /OUTPUT 4 "OUT";
P_000001326b816970 .param/l "WIDTH" 0 3 2, +C4<00000000000000000000000000000100>;
v000001326b889d00_0 .net "DATA", 3 0, v000001326b88a160_0;  alias, 1 drivers
v000001326b8896c0_0 .var "OUT", 3 0;
v000001326b88a3e0_0 .net "clk", 0 0, o000001326b82a048;  alias, 0 drivers
v000001326b88a980_0 .net "reset", 0 0, o000001326b82a078;  alias, 0 drivers
S_000001326b88b220 .scope module, "WA3WReg" "Register_reset" 2 71, 3 1 0, S_000001326b7755e0;
 .timescale 0 0;
    .port_info 0 /INPUT 1 "clk";
    .port_info 1 /INPUT 1 "reset";
    .port_info 2 /INPUT 4 "DATA";
    .port_info 3 /OUTPUT 4 "OUT";
P_000001326b8165f0 .param/l "WIDTH" 0 3 2, +C4<00000000000000000000000000000100>;
v000001326b889940_0 .net "DATA", 3 0, v000001326b8896c0_0;  alias, 1 drivers
v000001326b889a80_0 .var "OUT", 3 0;
v000001326b88aac0_0 .net "clk", 0 0, o000001326b82a048;  alias, 0 drivers
v000001326b889bc0_0 .net "reset", 0 0, o000001326b82a078;  alias, 0 drivers
S_000001326b88b6d0 .scope module, "WD_Mux" "Mux_2to1" 2 30, 4 1 0, S_000001326b7755e0;
 .timescale 0 0;
    .port_info 0 /INPUT 1 "select";
    .port_info 1 /INPUT 32 "input_0";
    .port_info 2 /INPUT 32 "input_1";
    .port_info 3 /OUTPUT 32 "output_value";
P_000001326b8168b0 .param/l "WIDTH" 0 4 1, +C4<00000000000000000000000000100000>;
v000001326b88a200_0 .net "input_0", 31 0, L_000001326b8fe9d0;  alias, 1 drivers
v000001326b889300_0 .net "input_1", 31 0, v000001326b8867e0_0;  alias, 1 drivers
v000001326b889c60_0 .net "output_value", 31 0, L_000001326b89fce0;  alias, 1 drivers
v000001326b8893a0_0 .net "select", 0 0, o000001326b82b848;  alias, 0 drivers
L_000001326b89fce0 .functor MUXZ 32, L_000001326b8fe9d0, v000001326b8867e0_0, o000001326b82b848, C4<>;
S_000001326b88b860 .scope module, "WriteData" "Register_reset" 2 60, 3 1 0, S_000001326b7755e0;
 .timescale 0 0;
    .port_info 0 /INPUT 1 "clk";
    .port_info 1 /INPUT 1 "reset";
    .port_info 2 /INPUT 32 "DATA";
    .port_info 3 /OUTPUT 32 "OUT";
P_000001326b8166f0 .param/l "WIDTH" 0 3 2, +C4<00000000000000000000000000100000>;
v000001326b88a2a0_0 .net "DATA", 31 0, v000001326b80f560_0;  alias, 1 drivers
v000001326b889da0_0 .var "OUT", 31 0;
v000001326b889e40_0 .net "clk", 0 0, o000001326b82a048;  alias, 0 drivers
v000001326b88a660_0 .net "reset", 0 0, o000001326b82a078;  alias, 0 drivers
S_000001326b88bb80 .scope module, "alu" "ALU" 2 52, 9 1 0, S_000001326b7755e0;
 .timescale 0 0;
    .port_info 0 /INPUT 4 "control";
    .port_info 1 /INPUT 1 "CI";
    .port_info 2 /INPUT 32 "DATA_A";
    .port_info 3 /INPUT 32 "DATA_B";
    .port_info 4 /OUTPUT 32 "OUT";
    .port_info 5 /OUTPUT 1 "CO";
    .port_info 6 /OUTPUT 1 "OVF";
    .port_info 7 /OUTPUT 1 "N";
    .port_info 8 /OUTPUT 1 "Z";
P_000001326b75ad20 .param/l "AND" 1 9 12, C4<0000>;
P_000001326b75ad58 .param/l "Addition" 1 9 16, C4<0100>;
P_000001326b75ad90 .param/l "Addition_Carry" 1 9 17, C4<0101>;
P_000001326b75adc8 .param/l "Bit_Clear" 1 9 22, C4<1110>;
P_000001326b75ae00 .param/l "EXOR" 1 9 13, C4<0001>;
P_000001326b75ae38 .param/l "Move" 1 9 21, C4<1101>;
P_000001326b75ae70 .param/l "Move_Not" 1 9 23, C4<1111>;
P_000001326b75aea8 .param/l "ORR" 1 9 20, C4<1100>;
P_000001326b75aee0 .param/l "SubtractionAB" 1 9 14, C4<0010>;
P_000001326b75af18 .param/l "SubtractionAB_Carry" 1 9 18, C4<0110>;
P_000001326b75af50 .param/l "SubtractionBA" 1 9 15, C4<0011>;
P_000001326b75af88 .param/l "SubtractionBA_Carry" 1 9 19, C4<0111>;
P_000001326b75afc0 .param/l "WIDTH" 0 9 1, +C4<00000000000000000000000000100000>;
L_000001326b7e1300 .functor NOT 1, L_000001326b8fef70, C4<0>, C4<0>, C4<0>;
v000001326b889f80_0 .net "CI", 0 0, L_000001326b8fdb70;  1 drivers
v000001326b88ad40_0 .var "CO", 0 0;
v000001326b889080_0 .net "DATA_A", 31 0, v000001326b80f2e0_0;  alias, 1 drivers
v000001326b88a700_0 .net "DATA_B", 31 0, v000001326b8894e0_0;  alias, 1 drivers
v000001326b88a840_0 .net "N", 0 0, L_000001326b8ff650;  1 drivers
v000001326b88ab60_0 .var "OUT", 31 0;
v000001326b889120_0 .var "OVF", 0 0;
v000001326b8891c0_0 .net "Z", 0 0, L_000001326b7e1300;  1 drivers
v000001326b88e680_0 .net *"_ivl_3", 0 0, L_000001326b8fef70;  1 drivers
v000001326b88e860_0 .net "control", 3 0, o000001326b82c598;  alias, 0 drivers
E_000001326b8169b0/0 .event anyedge, v000001326b88e860_0, v000001326b80f2e0_0, v000001326b8894e0_0, v000001326b8106e0_0;
E_000001326b8169b0/1 .event anyedge, v000001326b889f80_0;
E_000001326b8169b0 .event/or E_000001326b8169b0/0, E_000001326b8169b0/1;
L_000001326b8ff650 .part v000001326b88ab60_0, 31, 1;
L_000001326b8fef70 .reduce/or v000001326b88ab60_0;
S_000001326b88c800 .scope module, "datamem" "Memory" 2 64, 10 1 0, S_000001326b7755e0;
 .timescale 0 0;
    .port_info 0 /INPUT 1 "clk";
    .port_info 1 /INPUT 1 "WE";
    .port_info 2 /INPUT 32 "ADDR";
    .port_info 3 /INPUT 32 "WD";
    .port_info 4 /OUTPUT 32 "RD";
P_000001326b72a210 .param/l "ADDR_WIDTH" 0 10 1, +C4<00000000000000000000000000100000>;
P_000001326b72a248 .param/l "BYTE_SIZE" 0 10 1, +C4<00000000000000000000000000000100>;
v000001326b88d320_0 .net "ADDR", 31 0, v000001326b80f6a0_0;  alias, 1 drivers
v000001326b88de60_0 .net "RD", 31 0, L_000001326b8fed90;  alias, 1 drivers
v000001326b88eb80_0 .net "WD", 31 0, v000001326b889da0_0;  alias, 1 drivers
v000001326b88eae0_0 .net "WE", 0 0, o000001326b82cbf8;  alias, 0 drivers
v000001326b88e180_0 .net "clk", 0 0, o000001326b82a048;  alias, 0 drivers
v000001326b88e9a0_0 .var/i "k", 31 0;
v000001326b88e720 .array "mem", 0 255, 7 0;
L_000001326b8fed90 .concat8 [ 8 8 8 8], L_000001326b7e1840, L_000001326b7e16f0, L_000001326b7e1760, L_000001326b7e0960;
S_000001326b88cb20 .scope generate, "read_generate[0]" "read_generate[0]" 10 12, 10 12 0, S_000001326b88c800;
 .timescale 0 0;
P_000001326b8159f0 .param/l "i" 0 10 12, +C4<00>;
L_000001326b7e1840 .functor BUFZ 8, L_000001326b8feed0, C4<00000000>, C4<00000000>, C4<00000000>;
v000001326b88ef40_0 .net *"_ivl_0", 7 0, L_000001326b8feed0;  1 drivers
v000001326b88d6e0_0 .net *"_ivl_11", 7 0, L_000001326b7e1840;  1 drivers
v000001326b88ee00_0 .net *"_ivl_2", 32 0, L_000001326b8fe250;  1 drivers
L_000001326b8a34d8 .functor BUFT 1, C4<0>, C4<0>, C4<0>, C4<0>;
v000001326b88e040_0 .net *"_ivl_5", 0 0, L_000001326b8a34d8;  1 drivers
L_000001326b8a3520 .functor BUFT 1, C4<000000000000000000000000000000000>, C4<0>, C4<0>, C4<0>;
v000001326b88e400_0 .net/2u *"_ivl_6", 32 0, L_000001326b8a3520;  1 drivers
v000001326b88ea40_0 .net *"_ivl_8", 32 0, L_000001326b8ff0b0;  1 drivers
L_000001326b8feed0 .array/port v000001326b88e720, L_000001326b8ff0b0;
L_000001326b8fe250 .concat [ 32 1 0 0], v000001326b80f6a0_0, L_000001326b8a34d8;
L_000001326b8ff0b0 .arith/sum 33, L_000001326b8fe250, L_000001326b8a3520;
S_000001326b88b3b0 .scope generate, "read_generate[1]" "read_generate[1]" 10 12, 10 12 0, S_000001326b88c800;
 .timescale 0 0;
P_000001326b815a70 .param/l "i" 0 10 12, +C4<01>;
L_000001326b7e16f0 .functor BUFZ 8, L_000001326b8fda30, C4<00000000>, C4<00000000>, C4<00000000>;
v000001326b88d640_0 .net *"_ivl_0", 7 0, L_000001326b8fda30;  1 drivers
v000001326b88d1e0_0 .net *"_ivl_11", 7 0, L_000001326b7e16f0;  1 drivers
v000001326b88e0e0_0 .net *"_ivl_2", 32 0, L_000001326b8fecf0;  1 drivers
L_000001326b8a3568 .functor BUFT 1, C4<0>, C4<0>, C4<0>, C4<0>;
v000001326b88e5e0_0 .net *"_ivl_5", 0 0, L_000001326b8a3568;  1 drivers
L_000001326b8a35b0 .functor BUFT 1, C4<000000000000000000000000000000001>, C4<0>, C4<0>, C4<0>;
v000001326b88eea0_0 .net/2u *"_ivl_6", 32 0, L_000001326b8a35b0;  1 drivers
v000001326b88d280_0 .net *"_ivl_8", 32 0, L_000001326b8fd710;  1 drivers
L_000001326b8fda30 .array/port v000001326b88e720, L_000001326b8fd710;
L_000001326b8fecf0 .concat [ 32 1 0 0], v000001326b80f6a0_0, L_000001326b8a3568;
L_000001326b8fd710 .arith/sum 33, L_000001326b8fecf0, L_000001326b8a35b0;
S_000001326b88bd10 .scope generate, "read_generate[2]" "read_generate[2]" 10 12, 10 12 0, S_000001326b88c800;
 .timescale 0 0;
P_000001326b815eb0 .param/l "i" 0 10 12, +C4<010>;
L_000001326b7e1760 .functor BUFZ 8, L_000001326b8ff790, C4<00000000>, C4<00000000>, C4<00000000>;
v000001326b88e4a0_0 .net *"_ivl_0", 7 0, L_000001326b8ff790;  1 drivers
v000001326b88d0a0_0 .net *"_ivl_11", 7 0, L_000001326b7e1760;  1 drivers
v000001326b88db40_0 .net *"_ivl_2", 32 0, L_000001326b8fdd50;  1 drivers
L_000001326b8a35f8 .functor BUFT 1, C4<0>, C4<0>, C4<0>, C4<0>;
v000001326b88d5a0_0 .net *"_ivl_5", 0 0, L_000001326b8a35f8;  1 drivers
L_000001326b8a3640 .functor BUFT 1, C4<000000000000000000000000000000010>, C4<0>, C4<0>, C4<0>;
v000001326b88d140_0 .net/2u *"_ivl_6", 32 0, L_000001326b8a3640;  1 drivers
v000001326b88dbe0_0 .net *"_ivl_8", 32 0, L_000001326b8fdc10;  1 drivers
L_000001326b8ff790 .array/port v000001326b88e720, L_000001326b8fdc10;
L_000001326b8fdd50 .concat [ 32 1 0 0], v000001326b80f6a0_0, L_000001326b8a35f8;
L_000001326b8fdc10 .arith/sum 33, L_000001326b8fdd50, L_000001326b8a3640;
S_000001326b88c990 .scope generate, "read_generate[3]" "read_generate[3]" 10 12, 10 12 0, S_000001326b88c800;
 .timescale 0 0;
P_000001326b815ef0 .param/l "i" 0 10 12, +C4<011>;
L_000001326b7e0960 .functor BUFZ 8, L_000001326b8ff010, C4<00000000>, C4<00000000>, C4<00000000>;
v000001326b88d780_0 .net *"_ivl_0", 7 0, L_000001326b8ff010;  1 drivers
v000001326b88d820_0 .net *"_ivl_11", 7 0, L_000001326b7e0960;  1 drivers
v000001326b88d3c0_0 .net *"_ivl_2", 32 0, L_000001326b8fdcb0;  1 drivers
L_000001326b8a3688 .functor BUFT 1, C4<0>, C4<0>, C4<0>, C4<0>;
v000001326b88ddc0_0 .net *"_ivl_5", 0 0, L_000001326b8a3688;  1 drivers
L_000001326b8a36d0 .functor BUFT 1, C4<000000000000000000000000000000011>, C4<0>, C4<0>, C4<0>;
v000001326b88e540_0 .net/2u *"_ivl_6", 32 0, L_000001326b8a36d0;  1 drivers
v000001326b88e360_0 .net *"_ivl_8", 32 0, L_000001326b8ff5b0;  1 drivers
L_000001326b8ff010 .array/port v000001326b88e720, L_000001326b8ff5b0;
L_000001326b8fdcb0 .concat [ 32 1 0 0], v000001326b80f6a0_0, L_000001326b8a3688;
L_000001326b8ff5b0 .arith/sum 33, L_000001326b8fdcb0, L_000001326b8a36d0;
S_000001326b88b9f0 .scope module, "extD" "Extender" 2 36, 11 1 0, S_000001326b7755e0;
 .timescale 0 0;
    .port_info 0 /OUTPUT 32 "Extended_data";
    .port_info 1 /INPUT 24 "DATA";
    .port_info 2 /INPUT 2 "select";
v000001326b88d8c0_0 .net "DATA", 23 0, L_000001326b8fddf0;  1 drivers
v000001326b88ec20_0 .var "Extended_data", 31 0;
v000001326b88d960_0 .net "select", 1 0, o000001326b82cda8;  alias, 0 drivers
E_000001326b815ff0 .event anyedge, v000001326b88d960_0, v000001326b88d8c0_0;
S_000001326b88c4e0 .scope module, "extE" "Register_reset" 2 41, 3 1 0, S_000001326b7755e0;
 .timescale 0 0;
    .port_info 0 /INPUT 1 "clk";
    .port_info 1 /INPUT 1 "reset";
    .port_info 2 /INPUT 32 "DATA";
    .port_info 3 /OUTPUT 32 "OUT";
P_000001326b816030 .param/l "WIDTH" 0 3 2, +C4<00000000000000000000000000100000>;
v000001326b88d460_0 .net "DATA", 31 0, v000001326b88ec20_0;  alias, 1 drivers
v000001326b88e7c0_0 .var "OUT", 31 0;
v000001326b88d500_0 .net "clk", 0 0, o000001326b82a048;  alias, 0 drivers
v000001326b88ecc0_0 .net "reset", 0 0, o000001326b82b308;  alias, 0 drivers
S_000001326b88c670 .scope module, "pcadder" "Adder" 2 18, 12 1 0, S_000001326b7755e0;
 .timescale 0 0;
    .port_info 0 /INPUT 32 "DATA_A";
    .port_info 1 /INPUT 32 "DATA_B";
    .port_info 2 /OUTPUT 32 "OUT";
P_000001326b8160f0 .param/l "WIDTH" 0 12 1, +C4<00000000000000000000000000100000>;
v000001326b88df00_0 .net "DATA_A", 31 0, v000001326b886380_0;  alias, 1 drivers
L_000001326b8a30e8 .functor BUFT 1, C4<00000000000000000000000000000100>, C4<0>, C4<0>, C4<0>;
v000001326b88ed60_0 .net "DATA_B", 31 0, L_000001326b8a30e8;  1 drivers
v000001326b88e900_0 .net "OUT", 31 0, L_000001326b8a08c0;  alias, 1 drivers
L_000001326b8a08c0 .arith/sum 32, v000001326b886380_0, L_000001326b8a30e8;
S_000001326b88ccb0 .scope module, "pccalc" "Adder" 2 58, 12 1 0, S_000001326b7755e0;
 .timescale 0 0;
    .port_info 0 /INPUT 32 "DATA_A";
    .port_info 1 /INPUT 32 "DATA_B";
    .port_info 2 /OUTPUT 32 "OUT";
P_000001326b817070 .param/l "WIDTH" 0 12 1, +C4<00000000000000000000000000100000>;
v000001326b88da00_0 .net "DATA_A", 31 0, v000001326b887d20_0;  alias, 1 drivers
L_000001326b8a3490 .functor BUFT 1, C4<11111111111111111111111111111100>, C4<0>, C4<0>, C4<0>;
v000001326b88daa0_0 .net "DATA_B", 31 0, L_000001326b8a3490;  1 drivers
v000001326b88dc80_0 .net "OUT", 31 0, L_000001326b8fd990;  alias, 1 drivers
L_000001326b8fd990 .arith/sum 32, v000001326b887d20_0, L_000001326b8a3490;
S_000001326b88b090 .scope module, "reg_file_dp" "Register_file" 2 32, 13 1 0, S_000001326b7755e0;
 .timescale 0 0;
    .port_info 0 /INPUT 1 "clk";
    .port_info 1 /INPUT 1 "write_enable";
    .port_info 2 /INPUT 1 "reset";
    .port_info 3 /INPUT 4 "Source_select_0";
    .port_info 4 /INPUT 4 "Source_select_1";
    .port_info 5 /INPUT 4 "Debug_Source_select";
    .port_info 6 /INPUT 4 "Destination_select";
    .port_info 7 /INPUT 32 "DATA";
    .port_info 8 /INPUT 32 "Reg_15";
    .port_info 9 /OUTPUT 32 "out_0";
    .port_info 10 /OUTPUT 32 "out_1";
    .port_info 11 /OUTPUT 32 "Debug_out";
P_000001326b816db0 .param/l "WIDTH" 0 13 1, +C4<00000000000000000000000000100000>;
v000001326b899e10_0 .net "DATA", 31 0, L_000001326b89fce0;  alias, 1 drivers
v000001326b89a090_0 .net "Debug_Source_select", 3 0, o000001326b82daf8;  alias, 0 drivers
v000001326b899730_0 .net "Debug_out", 31 0, v000001326b895210_0;  alias, 1 drivers
v000001326b89adb0_0 .net "Destination_select", 3 0, L_000001326b8a03c0;  alias, 1 drivers
v000001326b899af0_0 .net "Reg_15", 31 0, L_000001326b8a08c0;  alias, 1 drivers
v000001326b89d760 .array "Reg_Out", 0 14;
v000001326b89d760_0 .net v000001326b89d760 0, 31 0, v000001326b8967f0_0; 1 drivers
v000001326b89d760_1 .net v000001326b89d760 1, 31 0, v000001326b8952b0_0; 1 drivers
v000001326b89d760_2 .net v000001326b89d760 2, 31 0, v000001326b895cb0_0; 1 drivers
v000001326b89d760_3 .net v000001326b89d760 3, 31 0, v000001326b895350_0; 1 drivers
v000001326b89d760_4 .net v000001326b89d760 4, 31 0, v000001326b895d50_0; 1 drivers
v000001326b89d760_5 .net v000001326b89d760 5, 31 0, v000001326b896b10_0; 1 drivers
v000001326b89d760_6 .net v000001326b89d760 6, 31 0, v000001326b896750_0; 1 drivers
v000001326b89d760_7 .net v000001326b89d760 7, 31 0, v000001326b8969d0_0; 1 drivers
v000001326b89d760_8 .net v000001326b89d760 8, 31 0, v000001326b89a4f0_0; 1 drivers
v000001326b89d760_9 .net v000001326b89d760 9, 31 0, v000001326b899870_0; 1 drivers
v000001326b89d760_10 .net v000001326b89d760 10, 31 0, v000001326b89a450_0; 1 drivers
v000001326b89d760_11 .net v000001326b89d760 11, 31 0, v000001326b89a1d0_0; 1 drivers
v000001326b89d760_12 .net v000001326b89d760 12, 31 0, v000001326b899f50_0; 1 drivers
v000001326b89d760_13 .net v000001326b89d760 13, 31 0, v000001326b8994b0_0; 1 drivers
v000001326b89d760_14 .net v000001326b89d760 14, 31 0, v000001326b899cd0_0; 1 drivers
v000001326b89d800_0 .net "Reg_enable", 15 0, v000001326b88dfa0_0;  1 drivers
v000001326b89dda0_0 .net "Source_select_0", 3 0, L_000001326b89ff60;  alias, 1 drivers
v000001326b89dbc0_0 .net "Source_select_1", 3 0, L_000001326b89fb00;  alias, 1 drivers
v000001326b89f6a0_0 .net "clk", 0 0, o000001326b82a048;  alias, 0 drivers
v000001326b89f880_0 .net "out_0", 31 0, v000001326b88f5b0_0;  alias, 1 drivers
v000001326b89e0c0_0 .net "out_1", 31 0, v000001326b88f3d0_0;  alias, 1 drivers
v000001326b89d3a0_0 .net "reset", 0 0, o000001326b82a078;  alias, 0 drivers
v000001326b89d440_0 .net "write_enable", 0 0, o000001326b82f238;  alias, 0 drivers
L_000001326b89fba0 .part v000001326b88dfa0_0, 0, 1;
L_000001326b8a0b40 .part v000001326b88dfa0_0, 1, 1;
L_000001326b8a0500 .part v000001326b88dfa0_0, 2, 1;
L_000001326b89fc40 .part v000001326b88dfa0_0, 3, 1;
L_000001326b89fd80 .part v000001326b88dfa0_0, 4, 1;
L_000001326b8a0be0 .part v000001326b88dfa0_0, 5, 1;
L_000001326b8a06e0 .part v000001326b88dfa0_0, 6, 1;
L_000001326b8a05a0 .part v000001326b88dfa0_0, 7, 1;
L_000001326b8a0820 .part v000001326b88dfa0_0, 8, 1;
L_000001326b8fd8f0 .part v000001326b88dfa0_0, 9, 1;
L_000001326b8fe890 .part v000001326b88dfa0_0, 10, 1;
L_000001326b8fd2b0 .part v000001326b88dfa0_0, 11, 1;
L_000001326b8fd7b0 .part v000001326b88dfa0_0, 12, 1;
L_000001326b8ff6f0 .part v000001326b88dfa0_0, 13, 1;
L_000001326b8fdad0 .part v000001326b88dfa0_0, 14, 1;
S_000001326b88bea0 .scope module, "dec" "Decoder_4to16" 13 19, 14 1 0, S_000001326b88b090;
 .timescale 0 0;
    .port_info 0 /INPUT 4 "IN";
    .port_info 1 /OUTPUT 16 "OUT";
v000001326b88dd20_0 .net "IN", 3 0, L_000001326b8a03c0;  alias, 1 drivers
v000001326b88dfa0_0 .var "OUT", 15 0;
E_000001326b817630 .event anyedge, v000001326b887b40_0;
S_000001326b88b540 .scope module, "mux_0" "Mux_16to1" 13 21, 15 1 0, S_000001326b88b090;
 .timescale 0 0;
    .port_info 0 /INPUT 4 "select";
    .port_info 1 /INPUT 32 "input_0";
    .port_info 2 /INPUT 32 "input_1";
    .port_info 3 /INPUT 32 "input_2";
    .port_info 4 /INPUT 32 "input_3";
    .port_info 5 /INPUT 32 "input_4";
    .port_info 6 /INPUT 32 "input_5";
    .port_info 7 /INPUT 32 "input_6";
    .port_info 8 /INPUT 32 "input_7";
    .port_info 9 /INPUT 32 "input_8";
    .port_info 10 /INPUT 32 "input_9";
    .port_info 11 /INPUT 32 "input_10";
    .port_info 12 /INPUT 32 "input_11";
    .port_info 13 /INPUT 32 "input_12";
    .port_info 14 /INPUT 32 "input_13";
    .port_info 15 /INPUT 32 "input_14";
    .port_info 16 /INPUT 32 "input_15";
    .port_info 17 /OUTPUT 32 "output_value";
P_000001326b817970 .param/l "WIDTH" 0 15 1, +C4<00000000000000000000000000100000>;
v000001326b88e2c0_0 .net "input_0", 31 0, v000001326b8967f0_0;  alias, 1 drivers
v000001326b8904b0_0 .net "input_1", 31 0, v000001326b8952b0_0;  alias, 1 drivers
v000001326b88fc90_0 .net "input_10", 31 0, v000001326b89a450_0;  alias, 1 drivers
v000001326b88ffb0_0 .net "input_11", 31 0, v000001326b89a1d0_0;  alias, 1 drivers
v000001326b88f290_0 .net "input_12", 31 0, v000001326b899f50_0;  alias, 1 drivers
v000001326b88f6f0_0 .net "input_13", 31 0, v000001326b8994b0_0;  alias, 1 drivers
v000001326b88f790_0 .net "input_14", 31 0, v000001326b899cd0_0;  alias, 1 drivers
v000001326b88f8d0_0 .net "input_15", 31 0, L_000001326b8a08c0;  alias, 1 drivers
v000001326b890910_0 .net "input_2", 31 0, v000001326b895cb0_0;  alias, 1 drivers
v000001326b890410_0 .net "input_3", 31 0, v000001326b895350_0;  alias, 1 drivers
v000001326b88f510_0 .net "input_4", 31 0, v000001326b895d50_0;  alias, 1 drivers
v000001326b88fb50_0 .net "input_5", 31 0, v000001326b896b10_0;  alias, 1 drivers
v000001326b890a50_0 .net "input_6", 31 0, v000001326b896750_0;  alias, 1 drivers
v000001326b88f1f0_0 .net "input_7", 31 0, v000001326b8969d0_0;  alias, 1 drivers
v000001326b88fbf0_0 .net "input_8", 31 0, v000001326b89a4f0_0;  alias, 1 drivers
v000001326b890190_0 .net "input_9", 31 0, v000001326b899870_0;  alias, 1 drivers
v000001326b88f5b0_0 .var "output_value", 31 0;
v000001326b88f0b0_0 .net "select", 3 0, L_000001326b89ff60;  alias, 1 drivers
E_000001326b8171f0/0 .event anyedge, v000001326b886420_0, v000001326b88e2c0_0, v000001326b8904b0_0, v000001326b890910_0;
E_000001326b8171f0/1 .event anyedge, v000001326b890410_0, v000001326b88f510_0, v000001326b88fb50_0, v000001326b890a50_0;
E_000001326b8171f0/2 .event anyedge, v000001326b88f1f0_0, v000001326b88fbf0_0, v000001326b890190_0, v000001326b88fc90_0;
E_000001326b8171f0/3 .event anyedge, v000001326b88ffb0_0, v000001326b88f290_0, v000001326b88f6f0_0, v000001326b88f790_0;
E_000001326b8171f0/4 .event anyedge, v000001326b886100_0;
E_000001326b8171f0 .event/or E_000001326b8171f0/0, E_000001326b8171f0/1, E_000001326b8171f0/2, E_000001326b8171f0/3, E_000001326b8171f0/4;
S_000001326b88c030 .scope module, "mux_1" "Mux_16to1" 13 41, 15 1 0, S_000001326b88b090;
 .timescale 0 0;
    .port_info 0 /INPUT 4 "select";
    .port_info 1 /INPUT 32 "input_0";
    .port_info 2 /INPUT 32 "input_1";
    .port_info 3 /INPUT 32 "input_2";
    .port_info 4 /INPUT 32 "input_3";
    .port_info 5 /INPUT 32 "input_4";
    .port_info 6 /INPUT 32 "input_5";
    .port_info 7 /INPUT 32 "input_6";
    .port_info 8 /INPUT 32 "input_7";
    .port_info 9 /INPUT 32 "input_8";
    .port_info 10 /INPUT 32 "input_9";
    .port_info 11 /INPUT 32 "input_10";
    .port_info 12 /INPUT 32 "input_11";
    .port_info 13 /INPUT 32 "input_12";
    .port_info 14 /INPUT 32 "input_13";
    .port_info 15 /INPUT 32 "input_14";
    .port_info 16 /INPUT 32 "input_15";
    .port_info 17 /OUTPUT 32 "output_value";
P_000001326b8177f0 .param/l "WIDTH" 0 15 1, +C4<00000000000000000000000000100000>;
v000001326b890f50_0 .net "input_0", 31 0, v000001326b8967f0_0;  alias, 1 drivers
v000001326b890730_0 .net "input_1", 31 0, v000001326b8952b0_0;  alias, 1 drivers
v000001326b890550_0 .net "input_10", 31 0, v000001326b89a450_0;  alias, 1 drivers
v000001326b890690_0 .net "input_11", 31 0, v000001326b89a1d0_0;  alias, 1 drivers
v000001326b88ff10_0 .net "input_12", 31 0, v000001326b899f50_0;  alias, 1 drivers
v000001326b890370_0 .net "input_13", 31 0, v000001326b8994b0_0;  alias, 1 drivers
v000001326b88fd30_0 .net "input_14", 31 0, v000001326b899cd0_0;  alias, 1 drivers
v000001326b890cd0_0 .net "input_15", 31 0, L_000001326b8a08c0;  alias, 1 drivers
v000001326b88f830_0 .net "input_2", 31 0, v000001326b895cb0_0;  alias, 1 drivers
v000001326b88f330_0 .net "input_3", 31 0, v000001326b895350_0;  alias, 1 drivers
v000001326b88fab0_0 .net "input_4", 31 0, v000001326b895d50_0;  alias, 1 drivers
v000001326b88fa10_0 .net "input_5", 31 0, v000001326b896b10_0;  alias, 1 drivers
v000001326b88f970_0 .net "input_6", 31 0, v000001326b896750_0;  alias, 1 drivers
v000001326b88fdd0_0 .net "input_7", 31 0, v000001326b8969d0_0;  alias, 1 drivers
v000001326b890050_0 .net "input_8", 31 0, v000001326b89a4f0_0;  alias, 1 drivers
v000001326b8900f0_0 .net "input_9", 31 0, v000001326b899870_0;  alias, 1 drivers
v000001326b88f3d0_0 .var "output_value", 31 0;
v000001326b88f150_0 .net "select", 3 0, L_000001326b89fb00;  alias, 1 drivers
E_000001326b817530/0 .event anyedge, v000001326b886b00_0, v000001326b88e2c0_0, v000001326b8904b0_0, v000001326b890910_0;
E_000001326b817530/1 .event anyedge, v000001326b890410_0, v000001326b88f510_0, v000001326b88fb50_0, v000001326b890a50_0;
E_000001326b817530/2 .event anyedge, v000001326b88f1f0_0, v000001326b88fbf0_0, v000001326b890190_0, v000001326b88fc90_0;
E_000001326b817530/3 .event anyedge, v000001326b88ffb0_0, v000001326b88f290_0, v000001326b88f6f0_0, v000001326b88f790_0;
E_000001326b817530/4 .event anyedge, v000001326b886100_0;
E_000001326b817530 .event/or E_000001326b817530/0, E_000001326b817530/1, E_000001326b817530/2, E_000001326b817530/3, E_000001326b817530/4;
S_000001326b88c1c0 .scope module, "mux_2" "Mux_16to1" 13 61, 15 1 0, S_000001326b88b090;
 .timescale 0 0;
    .port_info 0 /INPUT 4 "select";
    .port_info 1 /INPUT 32 "input_0";
    .port_info 2 /INPUT 32 "input_1";
    .port_info 3 /INPUT 32 "input_2";
    .port_info 4 /INPUT 32 "input_3";
    .port_info 5 /INPUT 32 "input_4";
    .port_info 6 /INPUT 32 "input_5";
    .port_info 7 /INPUT 32 "input_6";
    .port_info 8 /INPUT 32 "input_7";
    .port_info 9 /INPUT 32 "input_8";
    .port_info 10 /INPUT 32 "input_9";
    .port_info 11 /INPUT 32 "input_10";
    .port_info 12 /INPUT 32 "input_11";
    .port_info 13 /INPUT 32 "input_12";
    .port_info 14 /INPUT 32 "input_13";
    .port_info 15 /INPUT 32 "input_14";
    .port_info 16 /INPUT 32 "input_15";
    .port_info 17 /OUTPUT 32 "output_value";
P_000001326b8174f0 .param/l "WIDTH" 0 15 1, +C4<00000000000000000000000000100000>;
v000001326b8902d0_0 .net "input_0", 31 0, v000001326b8967f0_0;  alias, 1 drivers
v000001326b8907d0_0 .net "input_1", 31 0, v000001326b8952b0_0;  alias, 1 drivers
v000001326b890870_0 .net "input_10", 31 0, v000001326b89a450_0;  alias, 1 drivers
v000001326b8909b0_0 .net "input_11", 31 0, v000001326b89a1d0_0;  alias, 1 drivers
v000001326b890af0_0 .net "input_12", 31 0, v000001326b899f50_0;  alias, 1 drivers
v000001326b890b90_0 .net "input_13", 31 0, v000001326b8994b0_0;  alias, 1 drivers
v000001326b890c30_0 .net "input_14", 31 0, v000001326b899cd0_0;  alias, 1 drivers
v000001326b890d70_0 .net "input_15", 31 0, L_000001326b8a08c0;  alias, 1 drivers
v000001326b890e10_0 .net "input_2", 31 0, v000001326b895cb0_0;  alias, 1 drivers
v000001326b890eb0_0 .net "input_3", 31 0, v000001326b895350_0;  alias, 1 drivers
v000001326b88f470_0 .net "input_4", 31 0, v000001326b895d50_0;  alias, 1 drivers
v000001326b88f650_0 .net "input_5", 31 0, v000001326b896b10_0;  alias, 1 drivers
v000001326b88e220_0 .net "input_6", 31 0, v000001326b896750_0;  alias, 1 drivers
v000001326b895ad0_0 .net "input_7", 31 0, v000001326b8969d0_0;  alias, 1 drivers
v000001326b8962f0_0 .net "input_8", 31 0, v000001326b89a4f0_0;  alias, 1 drivers
v000001326b895b70_0 .net "input_9", 31 0, v000001326b899870_0;  alias, 1 drivers
v000001326b895210_0 .var "output_value", 31 0;
v000001326b896110_0 .net "select", 3 0, o000001326b82daf8;  alias, 0 drivers
E_000001326b817570/0 .event anyedge, v000001326b896110_0, v000001326b88e2c0_0, v000001326b8904b0_0, v000001326b890910_0;
E_000001326b817570/1 .event anyedge, v000001326b890410_0, v000001326b88f510_0, v000001326b88fb50_0, v000001326b890a50_0;
E_000001326b817570/2 .event anyedge, v000001326b88f1f0_0, v000001326b88fbf0_0, v000001326b890190_0, v000001326b88fc90_0;
E_000001326b817570/3 .event anyedge, v000001326b88ffb0_0, v000001326b88f290_0, v000001326b88f6f0_0, v000001326b88f790_0;
E_000001326b817570/4 .event anyedge, v000001326b886100_0;
E_000001326b817570 .event/or E_000001326b817570/0, E_000001326b817570/1, E_000001326b817570/2, E_000001326b817570/3, E_000001326b817570/4;
S_000001326b897720 .scope generate, "registers[0]" "registers[0]" 13 14, 13 14 0, S_000001326b88b090;
 .timescale 0 0;
P_000001326b8173b0 .param/l "i" 0 13 14, +C4<00>;
L_000001326b809c70 .functor AND 1, L_000001326b89fba0, o000001326b82f238, C4<1>, C4<1>;
v000001326b8964d0_0 .net *"_ivl_0", 0 0, L_000001326b89fba0;  1 drivers
S_000001326b897a40 .scope module, "Reg" "Register_rsten_neg" 13 15, 16 1 0, S_000001326b897720;
 .timescale 0 0;
    .port_info 0 /INPUT 1 "clk";
    .port_info 1 /INPUT 1 "reset";
    .port_info 2 /INPUT 1 "we";
    .port_info 3 /INPUT 32 "DATA";
    .port_info 4 /OUTPUT 32 "OUT";
P_000001326b816b30 .param/l "WIDTH" 0 16 2, +C4<00000000000000000000000000100000>;
v000001326b896c50_0 .net "DATA", 31 0, L_000001326b89fce0;  alias, 1 drivers
v000001326b8967f0_0 .var "OUT", 31 0;
v000001326b8961b0_0 .net "clk", 0 0, o000001326b82a048;  alias, 0 drivers
v000001326b896430_0 .net "reset", 0 0, o000001326b82a078;  alias, 0 drivers
v000001326b896e30_0 .net "we", 0 0, L_000001326b809c70;  1 drivers
E_000001326b817770 .event negedge, v000001326b80ec00_0;
S_000001326b897400 .scope generate, "registers[1]" "registers[1]" 13 14, 13 14 0, S_000001326b88b090;
 .timescale 0 0;
P_000001326b816df0 .param/l "i" 0 13 14, +C4<01>;
L_000001326b809ea0 .functor AND 1, L_000001326b8a0b40, o000001326b82f238, C4<1>, C4<1>;
v000001326b895170_0 .net *"_ivl_0", 0 0, L_000001326b8a0b40;  1 drivers
S_000001326b8986c0 .scope module, "Reg" "Register_rsten_neg" 13 15, 16 1 0, S_000001326b897400;
 .timescale 0 0;
    .port_info 0 /INPUT 1 "clk";
    .port_info 1 /INPUT 1 "reset";
    .port_info 2 /INPUT 1 "we";
    .port_info 3 /INPUT 32 "DATA";
    .port_info 4 /OUTPUT 32 "OUT";
P_000001326b8173f0 .param/l "WIDTH" 0 16 2, +C4<00000000000000000000000000100000>;
v000001326b896ed0_0 .net "DATA", 31 0, L_000001326b89fce0;  alias, 1 drivers
v000001326b8952b0_0 .var "OUT", 31 0;
v000001326b895c10_0 .net "clk", 0 0, o000001326b82a048;  alias, 0 drivers
v000001326b896f70_0 .net "reset", 0 0, o000001326b82a078;  alias, 0 drivers
v000001326b8950d0_0 .net "we", 0 0, L_000001326b809ea0;  1 drivers
S_000001326b897bd0 .scope generate, "registers[2]" "registers[2]" 13 14, 13 14 0, S_000001326b88b090;
 .timescale 0 0;
P_000001326b8172f0 .param/l "i" 0 13 14, +C4<010>;
L_000001326b809f10 .functor AND 1, L_000001326b8a0500, o000001326b82f238, C4<1>, C4<1>;
v000001326b896d90_0 .net *"_ivl_0", 0 0, L_000001326b8a0500;  1 drivers
S_000001326b898d00 .scope module, "Reg" "Register_rsten_neg" 13 15, 16 1 0, S_000001326b897bd0;
 .timescale 0 0;
    .port_info 0 /INPUT 1 "clk";
    .port_info 1 /INPUT 1 "reset";
    .port_info 2 /INPUT 1 "we";
    .port_info 3 /INPUT 32 "DATA";
    .port_info 4 /OUTPUT 32 "OUT";
P_000001326b8175b0 .param/l "WIDTH" 0 16 2, +C4<00000000000000000000000000100000>;
v000001326b895850_0 .net "DATA", 31 0, L_000001326b89fce0;  alias, 1 drivers
v000001326b895cb0_0 .var "OUT", 31 0;
v000001326b895990_0 .net "clk", 0 0, o000001326b82a048;  alias, 0 drivers
v000001326b895df0_0 .net "reset", 0 0, o000001326b82a078;  alias, 0 drivers
v000001326b8955d0_0 .net "we", 0 0, L_000001326b809f10;  1 drivers
S_000001326b8978b0 .scope generate, "registers[3]" "registers[3]" 13 14, 13 14 0, S_000001326b88b090;
 .timescale 0 0;
P_000001326b816ef0 .param/l "i" 0 13 14, +C4<011>;
L_000001326b80a450 .functor AND 1, L_000001326b89fc40, o000001326b82f238, C4<1>, C4<1>;
v000001326b896a70_0 .net *"_ivl_0", 0 0, L_000001326b89fc40;  1 drivers
S_000001326b898080 .scope module, "Reg" "Register_rsten_neg" 13 15, 16 1 0, S_000001326b8978b0;
 .timescale 0 0;
    .port_info 0 /INPUT 1 "clk";
    .port_info 1 /INPUT 1 "reset";
    .port_info 2 /INPUT 1 "we";
    .port_info 3 /INPUT 32 "DATA";
    .port_info 4 /OUTPUT 32 "OUT";
P_000001326b816e30 .param/l "WIDTH" 0 16 2, +C4<00000000000000000000000000100000>;
v000001326b895670_0 .net "DATA", 31 0, L_000001326b89fce0;  alias, 1 drivers
v000001326b895350_0 .var "OUT", 31 0;
v000001326b895710_0 .net "clk", 0 0, o000001326b82a048;  alias, 0 drivers
v000001326b8953f0_0 .net "reset", 0 0, o000001326b82a078;  alias, 0 drivers
v000001326b896610_0 .net "we", 0 0, L_000001326b80a450;  1 drivers
S_000001326b897590 .scope generate, "registers[4]" "registers[4]" 13 14, 13 14 0, S_000001326b88b090;
 .timescale 0 0;
P_000001326b8175f0 .param/l "i" 0 13 14, +C4<0100>;
L_000001326b809ff0 .functor AND 1, L_000001326b89fd80, o000001326b82f238, C4<1>, C4<1>;
v000001326b895fd0_0 .net *"_ivl_0", 0 0, L_000001326b89fd80;  1 drivers
S_000001326b897d60 .scope module, "Reg" "Register_rsten_neg" 13 15, 16 1 0, S_000001326b897590;
 .timescale 0 0;
    .port_info 0 /INPUT 1 "clk";
    .port_info 1 /INPUT 1 "reset";
    .port_info 2 /INPUT 1 "we";
    .port_info 3 /INPUT 32 "DATA";
    .port_info 4 /OUTPUT 32 "OUT";
P_000001326b817670 .param/l "WIDTH" 0 16 2, +C4<00000000000000000000000000100000>;
v000001326b8958f0_0 .net "DATA", 31 0, L_000001326b89fce0;  alias, 1 drivers
v000001326b895d50_0 .var "OUT", 31 0;
v000001326b895490_0 .net "clk", 0 0, o000001326b82a048;  alias, 0 drivers
v000001326b8957b0_0 .net "reset", 0 0, o000001326b82a078;  alias, 0 drivers
v000001326b895e90_0 .net "we", 0 0, L_000001326b809ff0;  1 drivers
S_000001326b897ef0 .scope generate, "registers[5]" "registers[5]" 13 14, 13 14 0, S_000001326b88b090;
 .timescale 0 0;
P_000001326b816cf0 .param/l "i" 0 13 14, +C4<0101>;
L_000001326b80a1b0 .functor AND 1, L_000001326b8a0be0, o000001326b82f238, C4<1>, C4<1>;
v000001326b896390_0 .net *"_ivl_0", 0 0, L_000001326b8a0be0;  1 drivers
S_000001326b898210 .scope module, "Reg" "Register_rsten_neg" 13 15, 16 1 0, S_000001326b897ef0;
 .timescale 0 0;
    .port_info 0 /INPUT 1 "clk";
    .port_info 1 /INPUT 1 "reset";
    .port_info 2 /INPUT 1 "we";
    .port_info 3 /INPUT 32 "DATA";
    .port_info 4 /OUTPUT 32 "OUT";
P_000001326b817830 .param/l "WIDTH" 0 16 2, +C4<00000000000000000000000000100000>;
v000001326b895530_0 .net "DATA", 31 0, L_000001326b89fce0;  alias, 1 drivers
v000001326b896b10_0 .var "OUT", 31 0;
v000001326b895a30_0 .net "clk", 0 0, o000001326b82a048;  alias, 0 drivers
v000001326b895f30_0 .net "reset", 0 0, o000001326b82a078;  alias, 0 drivers
v000001326b896bb0_0 .net "we", 0 0, L_000001326b80a1b0;  1 drivers
S_000001326b8983a0 .scope generate, "registers[6]" "registers[6]" 13 14, 13 14 0, S_000001326b88b090;
 .timescale 0 0;
P_000001326b816cb0 .param/l "i" 0 13 14, +C4<0110>;
L_000001326b80a060 .functor AND 1, L_000001326b8a06e0, o000001326b82f238, C4<1>, C4<1>;
v000001326b896570_0 .net *"_ivl_0", 0 0, L_000001326b8a06e0;  1 drivers
S_000001326b898e90 .scope module, "Reg" "Register_rsten_neg" 13 15, 16 1 0, S_000001326b8983a0;
 .timescale 0 0;
    .port_info 0 /INPUT 1 "clk";
    .port_info 1 /INPUT 1 "reset";
    .port_info 2 /INPUT 1 "we";
    .port_info 3 /INPUT 32 "DATA";
    .port_info 4 /OUTPUT 32 "OUT";
P_000001326b816c30 .param/l "WIDTH" 0 16 2, +C4<00000000000000000000000000100000>;
v000001326b8966b0_0 .net "DATA", 31 0, L_000001326b89fce0;  alias, 1 drivers
v000001326b896750_0 .var "OUT", 31 0;
v000001326b896890_0 .net "clk", 0 0, o000001326b82a048;  alias, 0 drivers
v000001326b896070_0 .net "reset", 0 0, o000001326b82a078;  alias, 0 drivers
v000001326b896250_0 .net "we", 0 0, L_000001326b80a060;  1 drivers
S_000001326b8989e0 .scope generate, "registers[7]" "registers[7]" 13 14, 13 14 0, S_000001326b88b090;
 .timescale 0 0;
P_000001326b816ab0 .param/l "i" 0 13 14, +C4<0111>;
L_000001326b80a140 .functor AND 1, L_000001326b8a05a0, o000001326b82f238, C4<1>, C4<1>;
v000001326b89ad10_0 .net *"_ivl_0", 0 0, L_000001326b8a05a0;  1 drivers
S_000001326b898b70 .scope module, "Reg" "Register_rsten_neg" 13 15, 16 1 0, S_000001326b8989e0;
 .timescale 0 0;
    .port_info 0 /INPUT 1 "clk";
    .port_info 1 /INPUT 1 "reset";
    .port_info 2 /INPUT 1 "we";
    .port_info 3 /INPUT 32 "DATA";
    .port_info 4 /OUTPUT 32 "OUT";
P_000001326b816d30 .param/l "WIDTH" 0 16 2, +C4<00000000000000000000000000100000>;
v000001326b896930_0 .net "DATA", 31 0, L_000001326b89fce0;  alias, 1 drivers
v000001326b8969d0_0 .var "OUT", 31 0;
v000001326b890230_0 .net "clk", 0 0, o000001326b82a048;  alias, 0 drivers
v000001326b8995f0_0 .net "reset", 0 0, o000001326b82a078;  alias, 0 drivers
v000001326b8992d0_0 .net "we", 0 0, L_000001326b80a140;  1 drivers
S_000001326b898530 .scope generate, "registers[8]" "registers[8]" 13 14, 13 14 0, S_000001326b88b090;
 .timescale 0 0;
P_000001326b816f30 .param/l "i" 0 13 14, +C4<01000>;
L_000001326b80a530 .functor AND 1, L_000001326b8a0820, o000001326b82f238, C4<1>, C4<1>;
v000001326b89ac70_0 .net *"_ivl_0", 0 0, L_000001326b8a0820;  1 drivers
S_000001326b898850 .scope module, "Reg" "Register_rsten_neg" 13 15, 16 1 0, S_000001326b898530;
 .timescale 0 0;
    .port_info 0 /INPUT 1 "clk";
    .port_info 1 /INPUT 1 "reset";
    .port_info 2 /INPUT 1 "we";
    .port_info 3 /INPUT 32 "DATA";
    .port_info 4 /OUTPUT 32 "OUT";
P_000001326b816c70 .param/l "WIDTH" 0 16 2, +C4<00000000000000000000000000100000>;
v000001326b89a3b0_0 .net "DATA", 31 0, L_000001326b89fce0;  alias, 1 drivers
v000001326b89a4f0_0 .var "OUT", 31 0;
v000001326b899370_0 .net "clk", 0 0, o000001326b82a048;  alias, 0 drivers
v000001326b899eb0_0 .net "reset", 0 0, o000001326b82a078;  alias, 0 drivers
v000001326b89aef0_0 .net "we", 0 0, L_000001326b80a530;  1 drivers
S_000001326b8970e0 .scope generate, "registers[9]" "registers[9]" 13 14, 13 14 0, S_000001326b88b090;
 .timescale 0 0;
P_000001326b816b70 .param/l "i" 0 13 14, +C4<01001>;
L_000001326b7e0f10 .functor AND 1, L_000001326b8fd8f0, o000001326b82f238, C4<1>, C4<1>;
v000001326b89a310_0 .net *"_ivl_0", 0 0, L_000001326b8fd8f0;  1 drivers
S_000001326b897270 .scope module, "Reg" "Register_rsten_neg" 13 15, 16 1 0, S_000001326b8970e0;
 .timescale 0 0;
    .port_info 0 /INPUT 1 "clk";
    .port_info 1 /INPUT 1 "reset";
    .port_info 2 /INPUT 1 "we";
    .port_info 3 /INPUT 32 "DATA";
    .port_info 4 /OUTPUT 32 "OUT";
P_000001326b816d70 .param/l "WIDTH" 0 16 2, +C4<00000000000000000000000000100000>;
v000001326b899190_0 .net "DATA", 31 0, L_000001326b89fce0;  alias, 1 drivers
v000001326b899870_0 .var "OUT", 31 0;
v000001326b89a6d0_0 .net "clk", 0 0, o000001326b82a048;  alias, 0 drivers
v000001326b89a270_0 .net "reset", 0 0, o000001326b82a078;  alias, 0 drivers
v000001326b89a8b0_0 .net "we", 0 0, L_000001326b7e0f10;  1 drivers
S_000001326b89cb90 .scope generate, "registers[10]" "registers[10]" 13 14, 13 14 0, S_000001326b88b090;
 .timescale 0 0;
P_000001326b816af0 .param/l "i" 0 13 14, +C4<01010>;
L_000001326b7e0f80 .functor AND 1, L_000001326b8fe890, o000001326b82f238, C4<1>, C4<1>;
v000001326b89a630_0 .net *"_ivl_0", 0 0, L_000001326b8fe890;  1 drivers
S_000001326b89c0a0 .scope module, "Reg" "Register_rsten_neg" 13 15, 16 1 0, S_000001326b89cb90;
 .timescale 0 0;
    .port_info 0 /INPUT 1 "clk";
    .port_info 1 /INPUT 1 "reset";
    .port_info 2 /INPUT 1 "we";
    .port_info 3 /INPUT 32 "DATA";
    .port_info 4 /OUTPUT 32 "OUT";
P_000001326b817870 .param/l "WIDTH" 0 16 2, +C4<00000000000000000000000000100000>;
v000001326b899410_0 .net "DATA", 31 0, L_000001326b89fce0;  alias, 1 drivers
v000001326b89a450_0 .var "OUT", 31 0;
v000001326b89ae50_0 .net "clk", 0 0, o000001326b82a048;  alias, 0 drivers
v000001326b89a590_0 .net "reset", 0 0, o000001326b82a078;  alias, 0 drivers
v000001326b899d70_0 .net "we", 0 0, L_000001326b7e0f80;  1 drivers
S_000001326b89ba60 .scope generate, "registers[11]" "registers[11]" 13 14, 13 14 0, S_000001326b88b090;
 .timescale 0 0;
P_000001326b816bb0 .param/l "i" 0 13 14, +C4<01011>;
L_000001326b7e11b0 .functor AND 1, L_000001326b8fd2b0, o000001326b82f238, C4<1>, C4<1>;
v000001326b89a950_0 .net *"_ivl_0", 0 0, L_000001326b8fd2b0;  1 drivers
S_000001326b89b100 .scope module, "Reg" "Register_rsten_neg" 13 15, 16 1 0, S_000001326b89ba60;
 .timescale 0 0;
    .port_info 0 /INPUT 1 "clk";
    .port_info 1 /INPUT 1 "reset";
    .port_info 2 /INPUT 1 "we";
    .port_info 3 /INPUT 32 "DATA";
    .port_info 4 /OUTPUT 32 "OUT";
P_000001326b817930 .param/l "WIDTH" 0 16 2, +C4<00000000000000000000000000100000>;
v000001326b89a810_0 .net "DATA", 31 0, L_000001326b89fce0;  alias, 1 drivers
v000001326b89a1d0_0 .var "OUT", 31 0;
v000001326b89af90_0 .net "clk", 0 0, o000001326b82a048;  alias, 0 drivers
v000001326b899910_0 .net "reset", 0 0, o000001326b82a078;  alias, 0 drivers
v000001326b89aa90_0 .net "we", 0 0, L_000001326b7e11b0;  1 drivers
S_000001326b89bbf0 .scope generate, "registers[12]" "registers[12]" 13 14, 13 14 0, S_000001326b88b090;
 .timescale 0 0;
P_000001326b8170b0 .param/l "i" 0 13 14, +C4<01100>;
L_000001326b7e1530 .functor AND 1, L_000001326b8fd7b0, o000001326b82f238, C4<1>, C4<1>;
v000001326b89a9f0_0 .net *"_ivl_0", 0 0, L_000001326b8fd7b0;  1 drivers
S_000001326b89b8d0 .scope module, "Reg" "Register_rsten_neg" 13 15, 16 1 0, S_000001326b89bbf0;
 .timescale 0 0;
    .port_info 0 /INPUT 1 "clk";
    .port_info 1 /INPUT 1 "reset";
    .port_info 2 /INPUT 1 "we";
    .port_info 3 /INPUT 32 "DATA";
    .port_info 4 /OUTPUT 32 "OUT";
P_000001326b816bf0 .param/l "WIDTH" 0 16 2, +C4<00000000000000000000000000100000>;
v000001326b8990f0_0 .net "DATA", 31 0, L_000001326b89fce0;  alias, 1 drivers
v000001326b899f50_0 .var "OUT", 31 0;
v000001326b89a770_0 .net "clk", 0 0, o000001326b82a048;  alias, 0 drivers
v000001326b8999b0_0 .net "reset", 0 0, o000001326b82a078;  alias, 0 drivers
v000001326b89a130_0 .net "we", 0 0, L_000001326b7e1530;  1 drivers
S_000001326b89cd20 .scope generate, "registers[13]" "registers[13]" 13 14, 13 14 0, S_000001326b88b090;
 .timescale 0 0;
P_000001326b8177b0 .param/l "i" 0 13 14, +C4<01101>;
L_000001326b7e1290 .functor AND 1, L_000001326b8ff6f0, o000001326b82f238, C4<1>, C4<1>;
v000001326b899690_0 .net *"_ivl_0", 0 0, L_000001326b8ff6f0;  1 drivers
S_000001326b89ceb0 .scope module, "Reg" "Register_rsten_neg" 13 15, 16 1 0, S_000001326b89cd20;
 .timescale 0 0;
    .port_info 0 /INPUT 1 "clk";
    .port_info 1 /INPUT 1 "reset";
    .port_info 2 /INPUT 1 "we";
    .port_info 3 /INPUT 32 "DATA";
    .port_info 4 /OUTPUT 32 "OUT";
P_000001326b8176b0 .param/l "WIDTH" 0 16 2, +C4<00000000000000000000000000100000>;
v000001326b899230_0 .net "DATA", 31 0, L_000001326b89fce0;  alias, 1 drivers
v000001326b8994b0_0 .var "OUT", 31 0;
v000001326b899a50_0 .net "clk", 0 0, o000001326b82a048;  alias, 0 drivers
v000001326b899ff0_0 .net "reset", 0 0, o000001326b82a078;  alias, 0 drivers
v000001326b89ab30_0 .net "we", 0 0, L_000001326b7e1290;  1 drivers
S_000001326b89c230 .scope generate, "registers[14]" "registers[14]" 13 14, 13 14 0, S_000001326b88b090;
 .timescale 0 0;
P_000001326b817370 .param/l "i" 0 13 14, +C4<01110>;
L_000001326b7e1610 .functor AND 1, L_000001326b8fdad0, o000001326b82f238, C4<1>, C4<1>;
v000001326b899b90_0 .net *"_ivl_0", 0 0, L_000001326b8fdad0;  1 drivers
S_000001326b89b290 .scope module, "Reg" "Register_rsten_neg" 13 15, 16 1 0, S_000001326b89c230;
 .timescale 0 0;
    .port_info 0 /INPUT 1 "clk";
    .port_info 1 /INPUT 1 "reset";
    .port_info 2 /INPUT 1 "we";
    .port_info 3 /INPUT 32 "DATA";
    .port_info 4 /OUTPUT 32 "OUT";
P_000001326b8176f0 .param/l "WIDTH" 0 16 2, +C4<00000000000000000000000000100000>;
v000001326b899550_0 .net "DATA", 31 0, L_000001326b89fce0;  alias, 1 drivers
v000001326b899cd0_0 .var "OUT", 31 0;
v000001326b899c30_0 .net "clk", 0 0, o000001326b82a048;  alias, 0 drivers
v000001326b89abd0_0 .net "reset", 0 0, o000001326b82a078;  alias, 0 drivers
v000001326b8997d0_0 .net "we", 0 0, L_000001326b7e1610;  1 drivers
    .scope S_000001326b74eb10;
T_0 ;
    %pushi/vec4 0, 0, 32;
    %assign/vec4 v000001326b886380_0, 0;
    %end;
    .thread T_0;
    .scope S_000001326b74eb10;
T_1 ;
    %wait E_000001326b814ff0;
    %load/vec4 v000001326b887320_0;
    %cmpi/e 1, 0, 1;
    %jmp/0xz  T_1.0, 4;
    %pushi/vec4 0, 0, 32;
    %assign/vec4 v000001326b886380_0, 0;
    %jmp T_1.1;
T_1.0 ;
    %load/vec4 v000001326b8869c0_0;
    %cmpi/e 1, 0, 1;
    %jmp/0xz  T_1.2, 4;
    %load/vec4 v000001326b886600_0;
    %assign/vec4 v000001326b886380_0, 0;
T_1.2 ;
T_1.1 ;
    %jmp T_1;
    .thread T_1;
    .scope S_000001326b74ccf0;
T_2 ;
    %vpi_call 6 9 "$readmemh", "Instructions.hex", v000001326b886060, 32'sb00000000000000000000000000000000 {0 0 0};
    %end;
    .thread T_2;
    .scope S_000001326b74e980;
T_3 ;
    %pushi/vec4 0, 0, 32;
    %assign/vec4 v000001326b8862e0_0, 0;
    %end;
    .thread T_3;
    .scope S_000001326b74e980;
T_4 ;
    %wait E_000001326b814ff0;
    %load/vec4 v000001326b886f60_0;
    %cmpi/e 1, 0, 1;
    %jmp/0xz  T_4.0, 4;
    %pushi/vec4 0, 0, 32;
    %assign/vec4 v000001326b8862e0_0, 0;
    %jmp T_4.1;
T_4.0 ;
    %load/vec4 v000001326b886ba0_0;
    %cmpi/e 1, 0, 1;
    %jmp/0xz  T_4.2, 4;
    %load/vec4 v000001326b8870a0_0;
    %assign/vec4 v000001326b8862e0_0, 0;
T_4.2 ;
T_4.1 ;
    %jmp T_4;
    .thread T_4;
    .scope S_000001326b897a40;
T_5 ;
    %pushi/vec4 0, 0, 32;
    %assign/vec4 v000001326b8967f0_0, 0;
    %end;
    .thread T_5;
    .scope S_000001326b897a40;
T_6 ;
    %wait E_000001326b817770;
    %load/vec4 v000001326b896430_0;
    %cmpi/e 1, 0, 1;
    %jmp/0xz  T_6.0, 4;
    %pushi/vec4 0, 0, 32;
    %assign/vec4 v000001326b8967f0_0, 0;
    %jmp T_6.1;
T_6.0 ;
    %load/vec4 v000001326b896e30_0;
    %cmpi/e 1, 0, 1;
    %jmp/0xz  T_6.2, 4;
    %load/vec4 v000001326b896c50_0;
    %assign/vec4 v000001326b8967f0_0, 0;
T_6.2 ;
T_6.1 ;
    %jmp T_6;
    .thread T_6;
    .scope S_000001326b8986c0;
T_7 ;
    %pushi/vec4 0, 0, 32;
    %assign/vec4 v000001326b8952b0_0, 0;
    %end;
    .thread T_7;
    .scope S_000001326b8986c0;
T_8 ;
    %wait E_000001326b817770;
    %load/vec4 v000001326b896f70_0;
    %cmpi/e 1, 0, 1;
    %jmp/0xz  T_8.0, 4;
    %pushi/vec4 0, 0, 32;
    %assign/vec4 v000001326b8952b0_0, 0;
    %jmp T_8.1;
T_8.0 ;
    %load/vec4 v000001326b8950d0_0;
    %cmpi/e 1, 0, 1;
    %jmp/0xz  T_8.2, 4;
    %load/vec4 v000001326b896ed0_0;
    %assign/vec4 v000001326b8952b0_0, 0;
T_8.2 ;
T_8.1 ;
    %jmp T_8;
    .thread T_8;
    .scope S_000001326b898d00;
T_9 ;
    %pushi/vec4 0, 0, 32;
    %assign/vec4 v000001326b895cb0_0, 0;
    %end;
    .thread T_9;
    .scope S_000001326b898d00;
T_10 ;
    %wait E_000001326b817770;
    %load/vec4 v000001326b895df0_0;
    %cmpi/e 1, 0, 1;
    %jmp/0xz  T_10.0, 4;
    %pushi/vec4 0, 0, 32;
    %assign/vec4 v000001326b895cb0_0, 0;
    %jmp T_10.1;
T_10.0 ;
    %load/vec4 v000001326b8955d0_0;
    %cmpi/e 1, 0, 1;
    %jmp/0xz  T_10.2, 4;
    %load/vec4 v000001326b895850_0;
    %assign/vec4 v000001326b895cb0_0, 0;
T_10.2 ;
T_10.1 ;
    %jmp T_10;
    .thread T_10;
    .scope S_000001326b898080;
T_11 ;
    %pushi/vec4 0, 0, 32;
    %assign/vec4 v000001326b895350_0, 0;
    %end;
    .thread T_11;
    .scope S_000001326b898080;
T_12 ;
    %wait E_000001326b817770;
    %load/vec4 v000001326b8953f0_0;
    %cmpi/e 1, 0, 1;
    %jmp/0xz  T_12.0, 4;
    %pushi/vec4 0, 0, 32;
    %assign/vec4 v000001326b895350_0, 0;
    %jmp T_12.1;
T_12.0 ;
    %load/vec4 v000001326b896610_0;
    %cmpi/e 1, 0, 1;
    %jmp/0xz  T_12.2, 4;
    %load/vec4 v000001326b895670_0;
    %assign/vec4 v000001326b895350_0, 0;
T_12.2 ;
T_12.1 ;
    %jmp T_12;
    .thread T_12;
    .scope S_000001326b897d60;
T_13 ;
    %pushi/vec4 0, 0, 32;
    %assign/vec4 v000001326b895d50_0, 0;
    %end;
    .thread T_13;
    .scope S_000001326b897d60;
T_14 ;
    %wait E_000001326b817770;
    %load/vec4 v000001326b8957b0_0;
    %cmpi/e 1, 0, 1;
    %jmp/0xz  T_14.0, 4;
    %pushi/vec4 0, 0, 32;
    %assign/vec4 v000001326b895d50_0, 0;
    %jmp T_14.1;
T_14.0 ;
    %load/vec4 v000001326b895e90_0;
    %cmpi/e 1, 0, 1;
    %jmp/0xz  T_14.2, 4;
    %load/vec4 v000001326b8958f0_0;
    %assign/vec4 v000001326b895d50_0, 0;
T_14.2 ;
T_14.1 ;
    %jmp T_14;
    .thread T_14;
    .scope S_000001326b898210;
T_15 ;
    %pushi/vec4 0, 0, 32;
    %assign/vec4 v000001326b896b10_0, 0;
    %end;
    .thread T_15;
    .scope S_000001326b898210;
T_16 ;
    %wait E_000001326b817770;
    %load/vec4 v000001326b895f30_0;
    %cmpi/e 1, 0, 1;
    %jmp/0xz  T_16.0, 4;
    %pushi/vec4 0, 0, 32;
    %assign/vec4 v000001326b896b10_0, 0;
    %jmp T_16.1;
T_16.0 ;
    %load/vec4 v000001326b896bb0_0;
    %cmpi/e 1, 0, 1;
    %jmp/0xz  T_16.2, 4;
    %load/vec4 v000001326b895530_0;
    %assign/vec4 v000001326b896b10_0, 0;
T_16.2 ;
T_16.1 ;
    %jmp T_16;
    .thread T_16;
    .scope S_000001326b898e90;
T_17 ;
    %pushi/vec4 0, 0, 32;
    %assign/vec4 v000001326b896750_0, 0;
    %end;
    .thread T_17;
    .scope S_000001326b898e90;
T_18 ;
    %wait E_000001326b817770;
    %load/vec4 v000001326b896070_0;
    %cmpi/e 1, 0, 1;
    %jmp/0xz  T_18.0, 4;
    %pushi/vec4 0, 0, 32;
    %assign/vec4 v000001326b896750_0, 0;
    %jmp T_18.1;
T_18.0 ;
    %load/vec4 v000001326b896250_0;
    %cmpi/e 1, 0, 1;
    %jmp/0xz  T_18.2, 4;
    %load/vec4 v000001326b8966b0_0;
    %assign/vec4 v000001326b896750_0, 0;
T_18.2 ;
T_18.1 ;
    %jmp T_18;
    .thread T_18;
    .scope S_000001326b898b70;
T_19 ;
    %pushi/vec4 0, 0, 32;
    %assign/vec4 v000001326b8969d0_0, 0;
    %end;
    .thread T_19;
    .scope S_000001326b898b70;
T_20 ;
    %wait E_000001326b817770;
    %load/vec4 v000001326b8995f0_0;
    %cmpi/e 1, 0, 1;
    %jmp/0xz  T_20.0, 4;
    %pushi/vec4 0, 0, 32;
    %assign/vec4 v000001326b8969d0_0, 0;
    %jmp T_20.1;
T_20.0 ;
    %load/vec4 v000001326b8992d0_0;
    %cmpi/e 1, 0, 1;
    %jmp/0xz  T_20.2, 4;
    %load/vec4 v000001326b896930_0;
    %assign/vec4 v000001326b8969d0_0, 0;
T_20.2 ;
T_20.1 ;
    %jmp T_20;
    .thread T_20;
    .scope S_000001326b898850;
T_21 ;
    %pushi/vec4 0, 0, 32;
    %assign/vec4 v000001326b89a4f0_0, 0;
    %end;
    .thread T_21;
    .scope S_000001326b898850;
T_22 ;
    %wait E_000001326b817770;
    %load/vec4 v000001326b899eb0_0;
    %cmpi/e 1, 0, 1;
    %jmp/0xz  T_22.0, 4;
    %pushi/vec4 0, 0, 32;
    %assign/vec4 v000001326b89a4f0_0, 0;
    %jmp T_22.1;
T_22.0 ;
    %load/vec4 v000001326b89aef0_0;
    %cmpi/e 1, 0, 1;
    %jmp/0xz  T_22.2, 4;
    %load/vec4 v000001326b89a3b0_0;
    %assign/vec4 v000001326b89a4f0_0, 0;
T_22.2 ;
T_22.1 ;
    %jmp T_22;
    .thread T_22;
    .scope S_000001326b897270;
T_23 ;
    %pushi/vec4 0, 0, 32;
    %assign/vec4 v000001326b899870_0, 0;
    %end;
    .thread T_23;
    .scope S_000001326b897270;
T_24 ;
    %wait E_000001326b817770;
    %load/vec4 v000001326b89a270_0;
    %cmpi/e 1, 0, 1;
    %jmp/0xz  T_24.0, 4;
    %pushi/vec4 0, 0, 32;
    %assign/vec4 v000001326b899870_0, 0;
    %jmp T_24.1;
T_24.0 ;
    %load/vec4 v000001326b89a8b0_0;
    %cmpi/e 1, 0, 1;
    %jmp/0xz  T_24.2, 4;
    %load/vec4 v000001326b899190_0;
    %assign/vec4 v000001326b899870_0, 0;
T_24.2 ;
T_24.1 ;
    %jmp T_24;
    .thread T_24;
    .scope S_000001326b89c0a0;
T_25 ;
    %pushi/vec4 0, 0, 32;
    %assign/vec4 v000001326b89a450_0, 0;
    %end;
    .thread T_25;
    .scope S_000001326b89c0a0;
T_26 ;
    %wait E_000001326b817770;
    %load/vec4 v000001326b89a590_0;
    %cmpi/e 1, 0, 1;
    %jmp/0xz  T_26.0, 4;
    %pushi/vec4 0, 0, 32;
    %assign/vec4 v000001326b89a450_0, 0;
    %jmp T_26.1;
T_26.0 ;
    %load/vec4 v000001326b899d70_0;
    %cmpi/e 1, 0, 1;
    %jmp/0xz  T_26.2, 4;
    %load/vec4 v000001326b899410_0;
    %assign/vec4 v000001326b89a450_0, 0;
T_26.2 ;
T_26.1 ;
    %jmp T_26;
    .thread T_26;
    .scope S_000001326b89b100;
T_27 ;
    %pushi/vec4 0, 0, 32;
    %assign/vec4 v000001326b89a1d0_0, 0;
    %end;
    .thread T_27;
    .scope S_000001326b89b100;
T_28 ;
    %wait E_000001326b817770;
    %load/vec4 v000001326b899910_0;
    %cmpi/e 1, 0, 1;
    %jmp/0xz  T_28.0, 4;
    %pushi/vec4 0, 0, 32;
    %assign/vec4 v000001326b89a1d0_0, 0;
    %jmp T_28.1;
T_28.0 ;
    %load/vec4 v000001326b89aa90_0;
    %cmpi/e 1, 0, 1;
    %jmp/0xz  T_28.2, 4;
    %load/vec4 v000001326b89a810_0;
    %assign/vec4 v000001326b89a1d0_0, 0;
T_28.2 ;
T_28.1 ;
    %jmp T_28;
    .thread T_28;
    .scope S_000001326b89b8d0;
T_29 ;
    %pushi/vec4 0, 0, 32;
    %assign/vec4 v000001326b899f50_0, 0;
    %end;
    .thread T_29;
    .scope S_000001326b89b8d0;
T_30 ;
    %wait E_000001326b817770;
    %load/vec4 v000001326b8999b0_0;
    %cmpi/e 1, 0, 1;
    %jmp/0xz  T_30.0, 4;
    %pushi/vec4 0, 0, 32;
    %assign/vec4 v000001326b899f50_0, 0;
    %jmp T_30.1;
T_30.0 ;
    %load/vec4 v000001326b89a130_0;
    %cmpi/e 1, 0, 1;
    %jmp/0xz  T_30.2, 4;
    %load/vec4 v000001326b8990f0_0;
    %assign/vec4 v000001326b899f50_0, 0;
T_30.2 ;
T_30.1 ;
    %jmp T_30;
    .thread T_30;
    .scope S_000001326b89ceb0;
T_31 ;
    %pushi/vec4 0, 0, 32;
    %assign/vec4 v000001326b8994b0_0, 0;
    %end;
    .thread T_31;
    .scope S_000001326b89ceb0;
T_32 ;
    %wait E_000001326b817770;
    %load/vec4 v000001326b899ff0_0;
    %cmpi/e 1, 0, 1;
    %jmp/0xz  T_32.0, 4;
    %pushi/vec4 0, 0, 32;
    %assign/vec4 v000001326b8994b0_0, 0;
    %jmp T_32.1;
T_32.0 ;
    %load/vec4 v000001326b89ab30_0;
    %cmpi/e 1, 0, 1;
    %jmp/0xz  T_32.2, 4;
    %load/vec4 v000001326b899230_0;
    %assign/vec4 v000001326b8994b0_0, 0;
T_32.2 ;
T_32.1 ;
    %jmp T_32;
    .thread T_32;
    .scope S_000001326b89b290;
T_33 ;
    %pushi/vec4 0, 0, 32;
    %assign/vec4 v000001326b899cd0_0, 0;
    %end;
    .thread T_33;
    .scope S_000001326b89b290;
T_34 ;
    %wait E_000001326b817770;
    %load/vec4 v000001326b89abd0_0;
    %cmpi/e 1, 0, 1;
    %jmp/0xz  T_34.0, 4;
    %pushi/vec4 0, 0, 32;
    %assign/vec4 v000001326b899cd0_0, 0;
    %jmp T_34.1;
T_34.0 ;
    %load/vec4 v000001326b8997d0_0;
    %cmpi/e 1, 0, 1;
    %jmp/0xz  T_34.2, 4;
    %load/vec4 v000001326b899550_0;
    %assign/vec4 v000001326b899cd0_0, 0;
T_34.2 ;
T_34.1 ;
    %jmp T_34;
    .thread T_34;
    .scope S_000001326b88bea0;
T_35 ;
    %wait E_000001326b817630;
    %load/vec4 v000001326b88dd20_0;
    %dup/vec4;
    %pushi/vec4 0, 0, 4;
    %cmp/u;
    %jmp/1 T_35.0, 6;
    %dup/vec4;
    %pushi/vec4 1, 0, 4;
    %cmp/u;
    %jmp/1 T_35.1, 6;
    %dup/vec4;
    %pushi/vec4 2, 0, 4;
    %cmp/u;
    %jmp/1 T_35.2, 6;
    %dup/vec4;
    %pushi/vec4 3, 0, 4;
    %cmp/u;
    %jmp/1 T_35.3, 6;
    %dup/vec4;
    %pushi/vec4 4, 0, 4;
    %cmp/u;
    %jmp/1 T_35.4, 6;
    %dup/vec4;
    %pushi/vec4 5, 0, 4;
    %cmp/u;
    %jmp/1 T_35.5, 6;
    %dup/vec4;
    %pushi/vec4 6, 0, 4;
    %cmp/u;
    %jmp/1 T_35.6, 6;
    %dup/vec4;
    %pushi/vec4 7, 0, 4;
    %cmp/u;
    %jmp/1 T_35.7, 6;
    %dup/vec4;
    %pushi/vec4 8, 0, 4;
    %cmp/u;
    %jmp/1 T_35.8, 6;
    %dup/vec4;
    %pushi/vec4 9, 0, 4;
    %cmp/u;
    %jmp/1 T_35.9, 6;
    %dup/vec4;
    %pushi/vec4 10, 0, 4;
    %cmp/u;
    %jmp/1 T_35.10, 6;
    %dup/vec4;
    %pushi/vec4 11, 0, 4;
    %cmp/u;
    %jmp/1 T_35.11, 6;
    %dup/vec4;
    %pushi/vec4 12, 0, 4;
    %cmp/u;
    %jmp/1 T_35.12, 6;
    %dup/vec4;
    %pushi/vec4 13, 0, 4;
    %cmp/u;
    %jmp/1 T_35.13, 6;
    %dup/vec4;
    %pushi/vec4 14, 0, 4;
    %cmp/u;
    %jmp/1 T_35.14, 6;
    %dup/vec4;
    %pushi/vec4 15, 0, 4;
    %cmp/u;
    %jmp/1 T_35.15, 6;
    %jmp T_35.16;
T_35.0 ;
    %pushi/vec4 1, 0, 16;
    %store/vec4 v000001326b88dfa0_0, 0, 16;
    %jmp T_35.16;
T_35.1 ;
    %pushi/vec4 2, 0, 16;
    %store/vec4 v000001326b88dfa0_0, 0, 16;
    %jmp T_35.16;
T_35.2 ;
    %pushi/vec4 4, 0, 16;
    %store/vec4 v000001326b88dfa0_0, 0, 16;
    %jmp T_35.16;
T_35.3 ;
    %pushi/vec4 8, 0, 16;
    %store/vec4 v000001326b88dfa0_0, 0, 16;
    %jmp T_35.16;
T_35.4 ;
    %pushi/vec4 16, 0, 16;
    %store/vec4 v000001326b88dfa0_0, 0, 16;
    %jmp T_35.16;
T_35.5 ;
    %pushi/vec4 32, 0, 16;
    %store/vec4 v000001326b88dfa0_0, 0, 16;
    %jmp T_35.16;
T_35.6 ;
    %pushi/vec4 64, 0, 16;
    %store/vec4 v000001326b88dfa0_0, 0, 16;
    %jmp T_35.16;
T_35.7 ;
    %pushi/vec4 128, 0, 16;
    %store/vec4 v000001326b88dfa0_0, 0, 16;
    %jmp T_35.16;
T_35.8 ;
    %pushi/vec4 256, 0, 16;
    %store/vec4 v000001326b88dfa0_0, 0, 16;
    %jmp T_35.16;
T_35.9 ;
    %pushi/vec4 512, 0, 16;
    %store/vec4 v000001326b88dfa0_0, 0, 16;
    %jmp T_35.16;
T_35.10 ;
    %pushi/vec4 1024, 0, 16;
    %store/vec4 v000001326b88dfa0_0, 0, 16;
    %jmp T_35.16;
T_35.11 ;
    %pushi/vec4 2048, 0, 16;
    %store/vec4 v000001326b88dfa0_0, 0, 16;
    %jmp T_35.16;
T_35.12 ;
    %pushi/vec4 4096, 0, 16;
    %store/vec4 v000001326b88dfa0_0, 0, 16;
    %jmp T_35.16;
T_35.13 ;
    %pushi/vec4 8192, 0, 16;
    %store/vec4 v000001326b88dfa0_0, 0, 16;
    %jmp T_35.16;
T_35.14 ;
    %pushi/vec4 16384, 0, 16;
    %store/vec4 v000001326b88dfa0_0, 0, 16;
    %jmp T_35.16;
T_35.15 ;
    %pushi/vec4 32768, 0, 16;
    %store/vec4 v000001326b88dfa0_0, 0, 16;
    %jmp T_35.16;
T_35.16 ;
    %pop/vec4 1;
    %jmp T_35;
    .thread T_35, $push;
    .scope S_000001326b88b540;
T_36 ;
    %wait E_000001326b8171f0;
    %load/vec4 v000001326b88f0b0_0;
    %dup/vec4;
    %pushi/vec4 0, 0, 4;
    %cmp/u;
    %jmp/1 T_36.0, 6;
    %dup/vec4;
    %pushi/vec4 1, 0, 4;
    %cmp/u;
    %jmp/1 T_36.1, 6;
    %dup/vec4;
    %pushi/vec4 2, 0, 4;
    %cmp/u;
    %jmp/1 T_36.2, 6;
    %dup/vec4;
    %pushi/vec4 3, 0, 4;
    %cmp/u;
    %jmp/1 T_36.3, 6;
    %dup/vec4;
    %pushi/vec4 4, 0, 4;
    %cmp/u;
    %jmp/1 T_36.4, 6;
    %dup/vec4;
    %pushi/vec4 5, 0, 4;
    %cmp/u;
    %jmp/1 T_36.5, 6;
    %dup/vec4;
    %pushi/vec4 6, 0, 4;
    %cmp/u;
    %jmp/1 T_36.6, 6;
    %dup/vec4;
    %pushi/vec4 7, 0, 4;
    %cmp/u;
    %jmp/1 T_36.7, 6;
    %dup/vec4;
    %pushi/vec4 8, 0, 4;
    %cmp/u;
    %jmp/1 T_36.8, 6;
    %dup/vec4;
    %pushi/vec4 9, 0, 4;
    %cmp/u;
    %jmp/1 T_36.9, 6;
    %dup/vec4;
    %pushi/vec4 10, 0, 4;
    %cmp/u;
    %jmp/1 T_36.10, 6;
    %dup/vec4;
    %pushi/vec4 11, 0, 4;
    %cmp/u;
    %jmp/1 T_36.11, 6;
    %dup/vec4;
    %pushi/vec4 12, 0, 4;
    %cmp/u;
    %jmp/1 T_36.12, 6;
    %dup/vec4;
    %pushi/vec4 13, 0, 4;
    %cmp/u;
    %jmp/1 T_36.13, 6;
    %dup/vec4;
    %pushi/vec4 14, 0, 4;
    %cmp/u;
    %jmp/1 T_36.14, 6;
    %dup/vec4;
    %pushi/vec4 15, 0, 4;
    %cmp/u;
    %jmp/1 T_36.15, 6;
    %pushi/vec4 0, 0, 32;
    %store/vec4 v000001326b88f5b0_0, 0, 32;
    %jmp T_36.17;
T_36.0 ;
    %load/vec4 v000001326b88e2c0_0;
    %store/vec4 v000001326b88f5b0_0, 0, 32;
    %jmp T_36.17;
T_36.1 ;
    %load/vec4 v000001326b8904b0_0;
    %store/vec4 v000001326b88f5b0_0, 0, 32;
    %jmp T_36.17;
T_36.2 ;
    %load/vec4 v000001326b890910_0;
    %store/vec4 v000001326b88f5b0_0, 0, 32;
    %jmp T_36.17;
T_36.3 ;
    %load/vec4 v000001326b890410_0;
    %store/vec4 v000001326b88f5b0_0, 0, 32;
    %jmp T_36.17;
T_36.4 ;
    %load/vec4 v000001326b88f510_0;
    %store/vec4 v000001326b88f5b0_0, 0, 32;
    %jmp T_36.17;
T_36.5 ;
    %load/vec4 v000001326b88fb50_0;
    %store/vec4 v000001326b88f5b0_0, 0, 32;
    %jmp T_36.17;
T_36.6 ;
    %load/vec4 v000001326b890a50_0;
    %store/vec4 v000001326b88f5b0_0, 0, 32;
    %jmp T_36.17;
T_36.7 ;
    %load/vec4 v000001326b88f1f0_0;
    %store/vec4 v000001326b88f5b0_0, 0, 32;
    %jmp T_36.17;
T_36.8 ;
    %load/vec4 v000001326b88fbf0_0;
    %store/vec4 v000001326b88f5b0_0, 0, 32;
    %jmp T_36.17;
T_36.9 ;
    %load/vec4 v000001326b890190_0;
    %store/vec4 v000001326b88f5b0_0, 0, 32;
    %jmp T_36.17;
T_36.10 ;
    %load/vec4 v000001326b88fc90_0;
    %store/vec4 v000001326b88f5b0_0, 0, 32;
    %jmp T_36.17;
T_36.11 ;
    %load/vec4 v000001326b88ffb0_0;
    %store/vec4 v000001326b88f5b0_0, 0, 32;
    %jmp T_36.17;
T_36.12 ;
    %load/vec4 v000001326b88f290_0;
    %store/vec4 v000001326b88f5b0_0, 0, 32;
    %jmp T_36.17;
T_36.13 ;
    %load/vec4 v000001326b88f6f0_0;
    %store/vec4 v000001326b88f5b0_0, 0, 32;
    %jmp T_36.17;
T_36.14 ;
    %load/vec4 v000001326b88f790_0;
    %store/vec4 v000001326b88f5b0_0, 0, 32;
    %jmp T_36.17;
T_36.15 ;
    %load/vec4 v000001326b88f8d0_0;
    %store/vec4 v000001326b88f5b0_0, 0, 32;
    %jmp T_36.17;
T_36.17 ;
    %pop/vec4 1;
    %jmp T_36;
    .thread T_36, $push;
    .scope S_000001326b88c030;
T_37 ;
    %wait E_000001326b817530;
    %load/vec4 v000001326b88f150_0;
    %dup/vec4;
    %pushi/vec4 0, 0, 4;
    %cmp/u;
    %jmp/1 T_37.0, 6;
    %dup/vec4;
    %pushi/vec4 1, 0, 4;
    %cmp/u;
    %jmp/1 T_37.1, 6;
    %dup/vec4;
    %pushi/vec4 2, 0, 4;
    %cmp/u;
    %jmp/1 T_37.2, 6;
    %dup/vec4;
    %pushi/vec4 3, 0, 4;
    %cmp/u;
    %jmp/1 T_37.3, 6;
    %dup/vec4;
    %pushi/vec4 4, 0, 4;
    %cmp/u;
    %jmp/1 T_37.4, 6;
    %dup/vec4;
    %pushi/vec4 5, 0, 4;
    %cmp/u;
    %jmp/1 T_37.5, 6;
    %dup/vec4;
    %pushi/vec4 6, 0, 4;
    %cmp/u;
    %jmp/1 T_37.6, 6;
    %dup/vec4;
    %pushi/vec4 7, 0, 4;
    %cmp/u;
    %jmp/1 T_37.7, 6;
    %dup/vec4;
    %pushi/vec4 8, 0, 4;
    %cmp/u;
    %jmp/1 T_37.8, 6;
    %dup/vec4;
    %pushi/vec4 9, 0, 4;
    %cmp/u;
    %jmp/1 T_37.9, 6;
    %dup/vec4;
    %pushi/vec4 10, 0, 4;
    %cmp/u;
    %jmp/1 T_37.10, 6;
    %dup/vec4;
    %pushi/vec4 11, 0, 4;
    %cmp/u;
    %jmp/1 T_37.11, 6;
    %dup/vec4;
    %pushi/vec4 12, 0, 4;
    %cmp/u;
    %jmp/1 T_37.12, 6;
    %dup/vec4;
    %pushi/vec4 13, 0, 4;
    %cmp/u;
    %jmp/1 T_37.13, 6;
    %dup/vec4;
    %pushi/vec4 14, 0, 4;
    %cmp/u;
    %jmp/1 T_37.14, 6;
    %dup/vec4;
    %pushi/vec4 15, 0, 4;
    %cmp/u;
    %jmp/1 T_37.15, 6;
    %pushi/vec4 0, 0, 32;
    %store/vec4 v000001326b88f3d0_0, 0, 32;
    %jmp T_37.17;
T_37.0 ;
    %load/vec4 v000001326b890f50_0;
    %store/vec4 v000001326b88f3d0_0, 0, 32;
    %jmp T_37.17;
T_37.1 ;
    %load/vec4 v000001326b890730_0;
    %store/vec4 v000001326b88f3d0_0, 0, 32;
    %jmp T_37.17;
T_37.2 ;
    %load/vec4 v000001326b88f830_0;
    %store/vec4 v000001326b88f3d0_0, 0, 32;
    %jmp T_37.17;
T_37.3 ;
    %load/vec4 v000001326b88f330_0;
    %store/vec4 v000001326b88f3d0_0, 0, 32;
    %jmp T_37.17;
T_37.4 ;
    %load/vec4 v000001326b88fab0_0;
    %store/vec4 v000001326b88f3d0_0, 0, 32;
    %jmp T_37.17;
T_37.5 ;
    %load/vec4 v000001326b88fa10_0;
    %store/vec4 v000001326b88f3d0_0, 0, 32;
    %jmp T_37.17;
T_37.6 ;
    %load/vec4 v000001326b88f970_0;
    %store/vec4 v000001326b88f3d0_0, 0, 32;
    %jmp T_37.17;
T_37.7 ;
    %load/vec4 v000001326b88fdd0_0;
    %store/vec4 v000001326b88f3d0_0, 0, 32;
    %jmp T_37.17;
T_37.8 ;
    %load/vec4 v000001326b890050_0;
    %store/vec4 v000001326b88f3d0_0, 0, 32;
    %jmp T_37.17;
T_37.9 ;
    %load/vec4 v000001326b8900f0_0;
    %store/vec4 v000001326b88f3d0_0, 0, 32;
    %jmp T_37.17;
T_37.10 ;
    %load/vec4 v000001326b890550_0;
    %store/vec4 v000001326b88f3d0_0, 0, 32;
    %jmp T_37.17;
T_37.11 ;
    %load/vec4 v000001326b890690_0;
    %store/vec4 v000001326b88f3d0_0, 0, 32;
    %jmp T_37.17;
T_37.12 ;
    %load/vec4 v000001326b88ff10_0;
    %store/vec4 v000001326b88f3d0_0, 0, 32;
    %jmp T_37.17;
T_37.13 ;
    %load/vec4 v000001326b890370_0;
    %store/vec4 v000001326b88f3d0_0, 0, 32;
    %jmp T_37.17;
T_37.14 ;
    %load/vec4 v000001326b88fd30_0;
    %store/vec4 v000001326b88f3d0_0, 0, 32;
    %jmp T_37.17;
T_37.15 ;
    %load/vec4 v000001326b890cd0_0;
    %store/vec4 v000001326b88f3d0_0, 0, 32;
    %jmp T_37.17;
T_37.17 ;
    %pop/vec4 1;
    %jmp T_37;
    .thread T_37, $push;
    .scope S_000001326b88c1c0;
T_38 ;
    %wait E_000001326b817570;
    %load/vec4 v000001326b896110_0;
    %dup/vec4;
    %pushi/vec4 0, 0, 4;
    %cmp/u;
    %jmp/1 T_38.0, 6;
    %dup/vec4;
    %pushi/vec4 1, 0, 4;
    %cmp/u;
    %jmp/1 T_38.1, 6;
    %dup/vec4;
    %pushi/vec4 2, 0, 4;
    %cmp/u;
    %jmp/1 T_38.2, 6;
    %dup/vec4;
    %pushi/vec4 3, 0, 4;
    %cmp/u;
    %jmp/1 T_38.3, 6;
    %dup/vec4;
    %pushi/vec4 4, 0, 4;
    %cmp/u;
    %jmp/1 T_38.4, 6;
    %dup/vec4;
    %pushi/vec4 5, 0, 4;
    %cmp/u;
    %jmp/1 T_38.5, 6;
    %dup/vec4;
    %pushi/vec4 6, 0, 4;
    %cmp/u;
    %jmp/1 T_38.6, 6;
    %dup/vec4;
    %pushi/vec4 7, 0, 4;
    %cmp/u;
    %jmp/1 T_38.7, 6;
    %dup/vec4;
    %pushi/vec4 8, 0, 4;
    %cmp/u;
    %jmp/1 T_38.8, 6;
    %dup/vec4;
    %pushi/vec4 9, 0, 4;
    %cmp/u;
    %jmp/1 T_38.9, 6;
    %dup/vec4;
    %pushi/vec4 10, 0, 4;
    %cmp/u;
    %jmp/1 T_38.10, 6;
    %dup/vec4;
    %pushi/vec4 11, 0, 4;
    %cmp/u;
    %jmp/1 T_38.11, 6;
    %dup/vec4;
    %pushi/vec4 12, 0, 4;
    %cmp/u;
    %jmp/1 T_38.12, 6;
    %dup/vec4;
    %pushi/vec4 13, 0, 4;
    %cmp/u;
    %jmp/1 T_38.13, 6;
    %dup/vec4;
    %pushi/vec4 14, 0, 4;
    %cmp/u;
    %jmp/1 T_38.14, 6;
    %dup/vec4;
    %pushi/vec4 15, 0, 4;
    %cmp/u;
    %jmp/1 T_38.15, 6;
    %pushi/vec4 0, 0, 32;
    %store/vec4 v000001326b895210_0, 0, 32;
    %jmp T_38.17;
T_38.0 ;
    %load/vec4 v000001326b8902d0_0;
    %store/vec4 v000001326b895210_0, 0, 32;
    %jmp T_38.17;
T_38.1 ;
    %load/vec4 v000001326b8907d0_0;
    %store/vec4 v000001326b895210_0, 0, 32;
    %jmp T_38.17;
T_38.2 ;
    %load/vec4 v000001326b890e10_0;
    %store/vec4 v000001326b895210_0, 0, 32;
    %jmp T_38.17;
T_38.3 ;
    %load/vec4 v000001326b890eb0_0;
    %store/vec4 v000001326b895210_0, 0, 32;
    %jmp T_38.17;
T_38.4 ;
    %load/vec4 v000001326b88f470_0;
    %store/vec4 v000001326b895210_0, 0, 32;
    %jmp T_38.17;
T_38.5 ;
    %load/vec4 v000001326b88f650_0;
    %store/vec4 v000001326b895210_0, 0, 32;
    %jmp T_38.17;
T_38.6 ;
    %load/vec4 v000001326b88e220_0;
    %store/vec4 v000001326b895210_0, 0, 32;
    %jmp T_38.17;
T_38.7 ;
    %load/vec4 v000001326b895ad0_0;
    %store/vec4 v000001326b895210_0, 0, 32;
    %jmp T_38.17;
T_38.8 ;
    %load/vec4 v000001326b8962f0_0;
    %store/vec4 v000001326b895210_0, 0, 32;
    %jmp T_38.17;
T_38.9 ;
    %load/vec4 v000001326b895b70_0;
    %store/vec4 v000001326b895210_0, 0, 32;
    %jmp T_38.17;
T_38.10 ;
    %load/vec4 v000001326b890870_0;
    %store/vec4 v000001326b895210_0, 0, 32;
    %jmp T_38.17;
T_38.11 ;
    %load/vec4 v000001326b8909b0_0;
    %store/vec4 v000001326b895210_0, 0, 32;
    %jmp T_38.17;
T_38.12 ;
    %load/vec4 v000001326b890af0_0;
    %store/vec4 v000001326b895210_0, 0, 32;
    %jmp T_38.17;
T_38.13 ;
    %load/vec4 v000001326b890b90_0;
    %store/vec4 v000001326b895210_0, 0, 32;
    %jmp T_38.17;
T_38.14 ;
    %load/vec4 v000001326b890c30_0;
    %store/vec4 v000001326b895210_0, 0, 32;
    %jmp T_38.17;
T_38.15 ;
    %load/vec4 v000001326b890d70_0;
    %store/vec4 v000001326b895210_0, 0, 32;
    %jmp T_38.17;
T_38.17 ;
    %pop/vec4 1;
    %jmp T_38;
    .thread T_38, $push;
    .scope S_000001326b88b9f0;
T_39 ;
    %wait E_000001326b815ff0;
    %load/vec4 v000001326b88d960_0;
    %dup/vec4;
    %pushi/vec4 0, 0, 2;
    %cmp/u;
    %jmp/1 T_39.0, 6;
    %dup/vec4;
    %pushi/vec4 1, 0, 2;
    %cmp/u;
    %jmp/1 T_39.1, 6;
    %dup/vec4;
    %pushi/vec4 2, 0, 2;
    %cmp/u;
    %jmp/1 T_39.2, 6;
    %pushi/vec4 0, 0, 32;
    %store/vec4 v000001326b88ec20_0, 0, 32;
    %jmp T_39.4;
T_39.0 ;
    %pushi/vec4 0, 0, 24;
    %load/vec4 v000001326b88d8c0_0;
    %parti/s 8, 0, 2;
    %concat/vec4; draw_concat_vec4
    %store/vec4 v000001326b88ec20_0, 0, 32;
    %jmp T_39.4;
T_39.1 ;
    %pushi/vec4 0, 0, 20;
    %load/vec4 v000001326b88d8c0_0;
    %parti/s 12, 0, 2;
    %concat/vec4; draw_concat_vec4
    %store/vec4 v000001326b88ec20_0, 0, 32;
    %jmp T_39.4;
T_39.2 ;
    %load/vec4 v000001326b88d8c0_0;
    %parti/s 1, 23, 6;
    %replicate 6;
    %load/vec4 v000001326b88d8c0_0;
    %concat/vec4; draw_concat_vec4
    %concati/vec4 0, 0, 2;
    %store/vec4 v000001326b88ec20_0, 0, 32;
    %jmp T_39.4;
T_39.4 ;
    %pop/vec4 1;
    %jmp T_39;
    .thread T_39, $push;
    .scope S_000001326b8889d0;
T_40 ;
    %pushi/vec4 0, 0, 32;
    %assign/vec4 v000001326b887d20_0, 0;
    %end;
    .thread T_40;
    .scope S_000001326b8889d0;
T_41 ;
    %wait E_000001326b814ff0;
    %load/vec4 v000001326b889260_0;
    %cmpi/e 1, 0, 1;
    %jmp/0xz  T_41.0, 4;
    %pushi/vec4 0, 0, 32;
    %assign/vec4 v000001326b887d20_0, 0;
    %jmp T_41.1;
T_41.0 ;
    %load/vec4 v000001326b886ec0_0;
    %assign/vec4 v000001326b887d20_0, 0;
T_41.1 ;
    %jmp T_41;
    .thread T_41;
    .scope S_000001326b888cf0;
T_42 ;
    %pushi/vec4 0, 0, 32;
    %assign/vec4 v000001326b889760_0, 0;
    %end;
    .thread T_42;
    .scope S_000001326b888cf0;
T_43 ;
    %wait E_000001326b814ff0;
    %load/vec4 v000001326b88a0c0_0;
    %cmpi/e 1, 0, 1;
    %jmp/0xz  T_43.0, 4;
    %pushi/vec4 0, 0, 32;
    %assign/vec4 v000001326b889760_0, 0;
    %jmp T_43.1;
T_43.0 ;
    %load/vec4 v000001326b88a520_0;
    %assign/vec4 v000001326b889760_0, 0;
T_43.1 ;
    %jmp T_43;
    .thread T_43;
    .scope S_000001326b88c4e0;
T_44 ;
    %pushi/vec4 0, 0, 32;
    %assign/vec4 v000001326b88e7c0_0, 0;
    %end;
    .thread T_44;
    .scope S_000001326b88c4e0;
T_45 ;
    %wait E_000001326b814ff0;
    %load/vec4 v000001326b88ecc0_0;
    %cmpi/e 1, 0, 1;
    %jmp/0xz  T_45.0, 4;
    %pushi/vec4 0, 0, 32;
    %assign/vec4 v000001326b88e7c0_0, 0;
    %jmp T_45.1;
T_45.0 ;
    %load/vec4 v000001326b88d460_0;
    %assign/vec4 v000001326b88e7c0_0, 0;
T_45.1 ;
    %jmp T_45;
    .thread T_45;
    .scope S_000001326b88ce40;
T_46 ;
    %pushi/vec4 0, 0, 4;
    %assign/vec4 v000001326b88a160_0, 0;
    %end;
    .thread T_46;
    .scope S_000001326b88ce40;
T_47 ;
    %wait E_000001326b814ff0;
    %load/vec4 v000001326b889800_0;
    %cmpi/e 1, 0, 1;
    %jmp/0xz  T_47.0, 4;
    %pushi/vec4 0, 0, 4;
    %assign/vec4 v000001326b88a160_0, 0;
    %jmp T_47.1;
T_47.0 ;
    %load/vec4 v000001326b88ade0_0;
    %assign/vec4 v000001326b88a160_0, 0;
T_47.1 ;
    %jmp T_47;
    .thread T_47;
    .scope S_000001326b754f40;
T_48 ;
    %pushi/vec4 0, 0, 4;
    %assign/vec4 v000001326b8861a0_0, 0;
    %end;
    .thread T_48;
    .scope S_000001326b754f40;
T_49 ;
    %wait E_000001326b814ff0;
    %load/vec4 v000001326b887500_0;
    %cmpi/e 1, 0, 1;
    %jmp/0xz  T_49.0, 4;
    %pushi/vec4 0, 0, 4;
    %assign/vec4 v000001326b8861a0_0, 0;
    %jmp T_49.1;
T_49.0 ;
    %load/vec4 v000001326b886420_0;
    %assign/vec4 v000001326b8861a0_0, 0;
T_49.1 ;
    %jmp T_49;
    .thread T_49;
    .scope S_000001326b888840;
T_50 ;
    %pushi/vec4 0, 0, 4;
    %assign/vec4 v000001326b887820_0, 0;
    %end;
    .thread T_50;
    .scope S_000001326b888840;
T_51 ;
    %wait E_000001326b814ff0;
    %load/vec4 v000001326b887140_0;
    %cmpi/e 1, 0, 1;
    %jmp/0xz  T_51.0, 4;
    %pushi/vec4 0, 0, 4;
    %assign/vec4 v000001326b887820_0, 0;
    %jmp T_51.1;
T_51.0 ;
    %load/vec4 v000001326b886b00_0;
    %assign/vec4 v000001326b887820_0, 0;
T_51.1 ;
    %jmp T_51;
    .thread T_51;
    .scope S_000001326b7876c0;
T_52 ;
    %wait E_000001326b8157f0;
    %load/vec4 v000001326b80f420_0;
    %dup/vec4;
    %pushi/vec4 0, 0, 2;
    %cmp/u;
    %jmp/1 T_52.0, 6;
    %dup/vec4;
    %pushi/vec4 1, 0, 2;
    %cmp/u;
    %jmp/1 T_52.1, 6;
    %dup/vec4;
    %pushi/vec4 2, 0, 2;
    %cmp/u;
    %jmp/1 T_52.2, 6;
    %dup/vec4;
    %pushi/vec4 3, 0, 2;
    %cmp/u;
    %jmp/1 T_52.3, 6;
    %pushi/vec4 0, 0, 32;
    %store/vec4 v000001326b80f2e0_0, 0, 32;
    %jmp T_52.5;
T_52.0 ;
    %load/vec4 v000001326b80fc40_0;
    %store/vec4 v000001326b80f2e0_0, 0, 32;
    %jmp T_52.5;
T_52.1 ;
    %load/vec4 v000001326b80f1a0_0;
    %store/vec4 v000001326b80f2e0_0, 0, 32;
    %jmp T_52.5;
T_52.2 ;
    %load/vec4 v000001326b8100a0_0;
    %store/vec4 v000001326b80f2e0_0, 0, 32;
    %jmp T_52.5;
T_52.3 ;
    %load/vec4 v000001326b80ff60_0;
    %store/vec4 v000001326b80f2e0_0, 0, 32;
    %jmp T_52.5;
T_52.5 ;
    %pop/vec4 1;
    %jmp T_52;
    .thread T_52, $push;
    .scope S_000001326b74cb60;
T_53 ;
    %wait E_000001326b815bb0;
    %load/vec4 v000001326b80f600_0;
    %dup/vec4;
    %pushi/vec4 0, 0, 2;
    %cmp/u;
    %jmp/1 T_53.0, 6;
    %dup/vec4;
    %pushi/vec4 1, 0, 2;
    %cmp/u;
    %jmp/1 T_53.1, 6;
    %dup/vec4;
    %pushi/vec4 2, 0, 2;
    %cmp/u;
    %jmp/1 T_53.2, 6;
    %dup/vec4;
    %pushi/vec4 3, 0, 2;
    %cmp/u;
    %jmp/1 T_53.3, 6;
    %pushi/vec4 0, 0, 32;
    %store/vec4 v000001326b80f560_0, 0, 32;
    %jmp T_53.5;
T_53.0 ;
    %load/vec4 v000001326b810140_0;
    %store/vec4 v000001326b80f560_0, 0, 32;
    %jmp T_53.5;
T_53.1 ;
    %load/vec4 v000001326b8101e0_0;
    %store/vec4 v000001326b80f560_0, 0, 32;
    %jmp T_53.5;
T_53.2 ;
    %load/vec4 v000001326b810320_0;
    %store/vec4 v000001326b80f560_0, 0, 32;
    %jmp T_53.5;
T_53.3 ;
    %load/vec4 v000001326b80f4c0_0;
    %store/vec4 v000001326b80f560_0, 0, 32;
    %jmp T_53.5;
T_53.5 ;
    %pop/vec4 1;
    %jmp T_53;
    .thread T_53, $push;
    .scope S_000001326b888520;
T_54 ;
    %wait E_000001326b8163f0;
    %load/vec4 v000001326b88a5c0_0;
    %dup/vec4;
    %pushi/vec4 0, 0, 2;
    %cmp/u;
    %jmp/1 T_54.0, 6;
    %dup/vec4;
    %pushi/vec4 1, 0, 2;
    %cmp/u;
    %jmp/1 T_54.1, 6;
    %dup/vec4;
    %pushi/vec4 2, 0, 2;
    %cmp/u;
    %jmp/1 T_54.2, 6;
    %dup/vec4;
    %pushi/vec4 3, 0, 2;
    %cmp/u;
    %jmp/1 T_54.3, 6;
    %jmp T_54.4;
T_54.0 ;
    %load/vec4 v000001326b889b20_0;
    %ix/getv 4, v000001326b889620_0;
    %shiftl 4;
    %store/vec4 v000001326b8894e0_0, 0, 32;
    %jmp T_54.4;
T_54.1 ;
    %load/vec4 v000001326b889b20_0;
    %ix/getv 4, v000001326b889620_0;
    %shiftr 4;
    %store/vec4 v000001326b8894e0_0, 0, 32;
    %jmp T_54.4;
T_54.2 ;
    %load/vec4 v000001326b889b20_0;
    %ix/getv 4, v000001326b889620_0;
    %shiftr/s 4;
    %store/vec4 v000001326b8894e0_0, 0, 32;
    %jmp T_54.4;
T_54.3 ;
    %load/vec4 v000001326b889b20_0;
    %load/vec4 v000001326b889b20_0;
    %concat/vec4; draw_concat_vec4
    %ix/getv 4, v000001326b889620_0;
    %shiftr 4;
    %pad/u 32;
    %store/vec4 v000001326b8894e0_0, 0, 32;
    %jmp T_54.4;
T_54.4 ;
    %pop/vec4 1;
    %jmp T_54;
    .thread T_54, $push;
    .scope S_000001326b88bb80;
T_55 ;
    %wait E_000001326b8169b0;
    %load/vec4 v000001326b88e860_0;
    %dup/vec4;
    %pushi/vec4 0, 0, 4;
    %cmp/u;
    %jmp/1 T_55.0, 6;
    %dup/vec4;
    %pushi/vec4 1, 0, 4;
    %cmp/u;
    %jmp/1 T_55.1, 6;
    %dup/vec4;
    %pushi/vec4 2, 0, 4;
    %cmp/u;
    %jmp/1 T_55.2, 6;
    %dup/vec4;
    %pushi/vec4 3, 0, 4;
    %cmp/u;
    %jmp/1 T_55.3, 6;
    %dup/vec4;
    %pushi/vec4 4, 0, 4;
    %cmp/u;
    %jmp/1 T_55.4, 6;
    %dup/vec4;
    %pushi/vec4 5, 0, 4;
    %cmp/u;
    %jmp/1 T_55.5, 6;
    %dup/vec4;
    %pushi/vec4 6, 0, 4;
    %cmp/u;
    %jmp/1 T_55.6, 6;
    %dup/vec4;
    %pushi/vec4 7, 0, 4;
    %cmp/u;
    %jmp/1 T_55.7, 6;
    %dup/vec4;
    %pushi/vec4 12, 0, 4;
    %cmp/u;
    %jmp/1 T_55.8, 6;
    %dup/vec4;
    %pushi/vec4 13, 0, 4;
    %cmp/u;
    %jmp/1 T_55.9, 6;
    %dup/vec4;
    %pushi/vec4 14, 0, 4;
    %cmp/u;
    %jmp/1 T_55.10, 6;
    %dup/vec4;
    %pushi/vec4 15, 0, 4;
    %cmp/u;
    %jmp/1 T_55.11, 6;
    %pushi/vec4 0, 0, 32;
    %store/vec4 v000001326b88ab60_0, 0, 32;
    %pushi/vec4 0, 0, 1;
    %store/vec4 v000001326b88ad40_0, 0, 1;
    %pushi/vec4 0, 0, 1;
    %store/vec4 v000001326b889120_0, 0, 1;
    %jmp T_55.13;
T_55.0 ;
    %load/vec4 v000001326b889080_0;
    %load/vec4 v000001326b88a700_0;
    %and;
    %store/vec4 v000001326b88ab60_0, 0, 32;
    %pushi/vec4 0, 0, 1;
    %store/vec4 v000001326b88ad40_0, 0, 1;
    %pushi/vec4 0, 0, 1;
    %store/vec4 v000001326b889120_0, 0, 1;
    %jmp T_55.13;
T_55.1 ;
    %load/vec4 v000001326b889080_0;
    %load/vec4 v000001326b88a700_0;
    %xor;
    %store/vec4 v000001326b88ab60_0, 0, 32;
    %pushi/vec4 0, 0, 1;
    %store/vec4 v000001326b88ad40_0, 0, 1;
    %pushi/vec4 0, 0, 1;
    %store/vec4 v000001326b889120_0, 0, 1;
    %jmp T_55.13;
T_55.2 ;
    %load/vec4 v000001326b889080_0;
    %pad/u 33;
    %load/vec4 v000001326b88a700_0;
    %inv;
    %pad/u 33;
    %add;
    %addi 1, 0, 33;
    %split/vec4 32;
    %store/vec4 v000001326b88ab60_0, 0, 32;
    %store/vec4 v000001326b88ad40_0, 0, 1;
    %load/vec4 v000001326b889080_0;
    %parti/s 1, 31, 6;
    %load/vec4 v000001326b88a700_0;
    %parti/s 1, 31, 6;
    %inv;
    %and;
    %load/vec4 v000001326b88ab60_0;
    %parti/s 1, 31, 6;
    %inv;
    %and;
    %load/vec4 v000001326b889080_0;
    %parti/s 1, 31, 6;
    %inv;
    %load/vec4 v000001326b88a700_0;
    %parti/s 1, 31, 6;
    %and;
    %load/vec4 v000001326b88ab60_0;
    %parti/s 1, 31, 6;
    %and;
    %or;
    %store/vec4 v000001326b889120_0, 0, 1;
    %jmp T_55.13;
T_55.3 ;
    %load/vec4 v000001326b88a700_0;
    %pad/u 33;
    %load/vec4 v000001326b889080_0;
    %inv;
    %pad/u 33;
    %add;
    %addi 1, 0, 33;
    %split/vec4 32;
    %store/vec4 v000001326b88ab60_0, 0, 32;
    %store/vec4 v000001326b88ad40_0, 0, 1;
    %load/vec4 v000001326b88a700_0;
    %parti/s 1, 31, 6;
    %load/vec4 v000001326b889080_0;
    %parti/s 1, 31, 6;
    %inv;
    %and;
    %load/vec4 v000001326b88ab60_0;
    %parti/s 1, 31, 6;
    %inv;
    %and;
    %load/vec4 v000001326b88a700_0;
    %parti/s 1, 31, 6;
    %inv;
    %load/vec4 v000001326b889080_0;
    %parti/s 1, 31, 6;
    %and;
    %load/vec4 v000001326b88ab60_0;
    %parti/s 1, 31, 6;
    %and;
    %or;
    %store/vec4 v000001326b889120_0, 0, 1;
    %jmp T_55.13;
T_55.4 ;
    %load/vec4 v000001326b889080_0;
    %pad/u 33;
    %load/vec4 v000001326b88a700_0;
    %pad/u 33;
    %add;
    %split/vec4 32;
    %store/vec4 v000001326b88ab60_0, 0, 32;
    %store/vec4 v000001326b88ad40_0, 0, 1;
    %load/vec4 v000001326b889080_0;
    %parti/s 1, 31, 6;
    %load/vec4 v000001326b88a700_0;
    %parti/s 1, 31, 6;
    %and;
    %load/vec4 v000001326b88ab60_0;
    %parti/s 1, 31, 6;
    %inv;
    %and;
    %load/vec4 v000001326b889080_0;
    %parti/s 1, 31, 6;
    %inv;
    %load/vec4 v000001326b88a700_0;
    %parti/s 1, 31, 6;
    %inv;
    %and;
    %load/vec4 v000001326b88ab60_0;
    %parti/s 1, 31, 6;
    %and;
    %or;
    %store/vec4 v000001326b889120_0, 0, 1;
    %jmp T_55.13;
T_55.5 ;
    %load/vec4 v000001326b889080_0;
    %pad/u 33;
    %load/vec4 v000001326b88a700_0;
    %pad/u 33;
    %add;
    %load/vec4 v000001326b889f80_0;
    %pad/u 33;
    %add;
    %split/vec4 32;
    %store/vec4 v000001326b88ab60_0, 0, 32;
    %store/vec4 v000001326b88ad40_0, 0, 1;
    %load/vec4 v000001326b889080_0;
    %parti/s 1, 31, 6;
    %load/vec4 v000001326b88a700_0;
    %parti/s 1, 31, 6;
    %and;
    %load/vec4 v000001326b88ab60_0;
    %parti/s 1, 31, 6;
    %inv;
    %and;
    %load/vec4 v000001326b889080_0;
    %parti/s 1, 31, 6;
    %inv;
    %load/vec4 v000001326b88a700_0;
    %parti/s 1, 31, 6;
    %inv;
    %and;
    %load/vec4 v000001326b88ab60_0;
    %parti/s 1, 31, 6;
    %and;
    %or;
    %store/vec4 v000001326b889120_0, 0, 1;
    %jmp T_55.13;
T_55.6 ;
    %load/vec4 v000001326b889080_0;
    %pad/u 33;
    %load/vec4 v000001326b88a700_0;
    %inv;
    %pad/u 33;
    %add;
    %load/vec4 v000001326b889f80_0;
    %pad/u 33;
    %add;
    %split/vec4 32;
    %store/vec4 v000001326b88ab60_0, 0, 32;
    %store/vec4 v000001326b88ad40_0, 0, 1;
    %load/vec4 v000001326b889080_0;
    %parti/s 1, 31, 6;
    %load/vec4 v000001326b88a700_0;
    %parti/s 1, 31, 6;
    %inv;
    %and;
    %load/vec4 v000001326b88ab60_0;
    %parti/s 1, 31, 6;
    %inv;
    %and;
    %load/vec4 v000001326b889080_0;
    %parti/s 1, 31, 6;
    %inv;
    %load/vec4 v000001326b88a700_0;
    %parti/s 1, 31, 6;
    %and;
    %load/vec4 v000001326b88ab60_0;
    %parti/s 1, 31, 6;
    %and;
    %or;
    %store/vec4 v000001326b889120_0, 0, 1;
    %jmp T_55.13;
T_55.7 ;
    %load/vec4 v000001326b88a700_0;
    %pad/u 33;
    %load/vec4 v000001326b889080_0;
    %inv;
    %pad/u 33;
    %add;
    %load/vec4 v000001326b889f80_0;
    %pad/u 33;
    %add;
    %split/vec4 32;
    %store/vec4 v000001326b88ab60_0, 0, 32;
    %store/vec4 v000001326b88ad40_0, 0, 1;
    %load/vec4 v000001326b88a700_0;
    %parti/s 1, 31, 6;
    %load/vec4 v000001326b889080_0;
    %parti/s 1, 31, 6;
    %inv;
    %and;
    %load/vec4 v000001326b88ab60_0;
    %parti/s 1, 31, 6;
    %inv;
    %and;
    %load/vec4 v000001326b88a700_0;
    %parti/s 1, 31, 6;
    %inv;
    %load/vec4 v000001326b889080_0;
    %parti/s 1, 31, 6;
    %and;
    %load/vec4 v000001326b88ab60_0;
    %parti/s 1, 31, 6;
    %and;
    %or;
    %store/vec4 v000001326b889120_0, 0, 1;
    %jmp T_55.13;
T_55.8 ;
    %load/vec4 v000001326b889080_0;
    %load/vec4 v000001326b88a700_0;
    %or;
    %store/vec4 v000001326b88ab60_0, 0, 32;
    %pushi/vec4 0, 0, 1;
    %store/vec4 v000001326b88ad40_0, 0, 1;
    %pushi/vec4 0, 0, 1;
    %store/vec4 v000001326b889120_0, 0, 1;
    %jmp T_55.13;
T_55.9 ;
    %load/vec4 v000001326b88a700_0;
    %store/vec4 v000001326b88ab60_0, 0, 32;
    %pushi/vec4 0, 0, 1;
    %store/vec4 v000001326b88ad40_0, 0, 1;
    %pushi/vec4 0, 0, 1;
    %store/vec4 v000001326b889120_0, 0, 1;
    %jmp T_55.13;
T_55.10 ;
    %load/vec4 v000001326b889080_0;
    %load/vec4 v000001326b88a700_0;
    %inv;
    %xor;
    %store/vec4 v000001326b88ab60_0, 0, 32;
    %pushi/vec4 0, 0, 1;
    %store/vec4 v000001326b88ad40_0, 0, 1;
    %pushi/vec4 0, 0, 1;
    %store/vec4 v000001326b889120_0, 0, 1;
    %jmp T_55.13;
T_55.11 ;
    %load/vec4 v000001326b88a700_0;
    %inv;
    %store/vec4 v000001326b88ab60_0, 0, 32;
    %pushi/vec4 0, 0, 1;
    %store/vec4 v000001326b88ad40_0, 0, 1;
    %pushi/vec4 0, 0, 1;
    %store/vec4 v000001326b889120_0, 0, 1;
    %jmp T_55.13;
T_55.13 ;
    %pop/vec4 1;
    %jmp T_55;
    .thread T_55, $push;
    .scope S_000001326b787a30;
T_56 ;
    %pushi/vec4 0, 0, 32;
    %assign/vec4 v000001326b80f6a0_0, 0;
    %end;
    .thread T_56;
    .scope S_000001326b787a30;
T_57 ;
    %wait E_000001326b814ff0;
    %load/vec4 v000001326b80f060_0;
    %cmpi/e 1, 0, 1;
    %jmp/0xz  T_57.0, 4;
    %pushi/vec4 0, 0, 32;
    %assign/vec4 v000001326b80f6a0_0, 0;
    %jmp T_57.1;
T_57.0 ;
    %load/vec4 v000001326b8106e0_0;
    %assign/vec4 v000001326b80f6a0_0, 0;
T_57.1 ;
    %jmp T_57;
    .thread T_57;
    .scope S_000001326b88b860;
T_58 ;
    %pushi/vec4 0, 0, 32;
    %assign/vec4 v000001326b889da0_0, 0;
    %end;
    .thread T_58;
    .scope S_000001326b88b860;
T_59 ;
    %wait E_000001326b814ff0;
    %load/vec4 v000001326b88a660_0;
    %cmpi/e 1, 0, 1;
    %jmp/0xz  T_59.0, 4;
    %pushi/vec4 0, 0, 32;
    %assign/vec4 v000001326b889da0_0, 0;
    %jmp T_59.1;
T_59.0 ;
    %load/vec4 v000001326b88a2a0_0;
    %assign/vec4 v000001326b889da0_0, 0;
T_59.1 ;
    %jmp T_59;
    .thread T_59;
    .scope S_000001326b790c80;
T_60 ;
    %pushi/vec4 0, 0, 32;
    %assign/vec4 v000001326b887460_0, 0;
    %end;
    .thread T_60;
    .scope S_000001326b790c80;
T_61 ;
    %wait E_000001326b814ff0;
    %load/vec4 v000001326b887dc0_0;
    %cmpi/e 1, 0, 1;
    %jmp/0xz  T_61.0, 4;
    %pushi/vec4 0, 0, 32;
    %assign/vec4 v000001326b887460_0, 0;
    %jmp T_61.1;
T_61.0 ;
    %load/vec4 v000001326b887aa0_0;
    %assign/vec4 v000001326b887460_0, 0;
T_61.1 ;
    %jmp T_61;
    .thread T_61;
    .scope S_000001326b88c350;
T_62 ;
    %pushi/vec4 0, 0, 4;
    %assign/vec4 v000001326b8896c0_0, 0;
    %end;
    .thread T_62;
    .scope S_000001326b88c350;
T_63 ;
    %wait E_000001326b814ff0;
    %load/vec4 v000001326b88a980_0;
    %cmpi/e 1, 0, 1;
    %jmp/0xz  T_63.0, 4;
    %pushi/vec4 0, 0, 4;
    %assign/vec4 v000001326b8896c0_0, 0;
    %jmp T_63.1;
T_63.0 ;
    %load/vec4 v000001326b889d00_0;
    %assign/vec4 v000001326b8896c0_0, 0;
T_63.1 ;
    %jmp T_63;
    .thread T_63;
    .scope S_000001326b88c800;
T_64 ;
    %wait E_000001326b814ff0;
    %load/vec4 v000001326b88eae0_0;
    %cmpi/e 1, 0, 1;
    %jmp/0xz  T_64.0, 4;
    %pushi/vec4 0, 0, 32;
    %store/vec4 v000001326b88e9a0_0, 0, 32;
T_64.2 ;
    %load/vec4 v000001326b88e9a0_0;
    %cmpi/s 4, 0, 32;
    %jmp/0xz T_64.3, 5;
    %load/vec4 v000001326b88eb80_0;
    %load/vec4 v000001326b88e9a0_0;
    %muli 8, 0, 32;
    %part/s 8;
    %load/vec4 v000001326b88d320_0;
    %load/vec4 v000001326b88e9a0_0;
    %add;
    %ix/vec4 3;
    %ix/load 4, 0, 0; Constant delay
    %assign/vec4/a/d v000001326b88e720, 0, 4;
    %load/vec4 v000001326b88e9a0_0;
    %addi 1, 0, 32;
    %store/vec4 v000001326b88e9a0_0, 0, 32;
    %jmp T_64.2;
T_64.3 ;
T_64.0 ;
    %jmp T_64;
    .thread T_64;
    .scope S_000001326b888390;
T_65 ;
    %pushi/vec4 0, 0, 32;
    %assign/vec4 v000001326b88a8e0_0, 0;
    %end;
    .thread T_65;
    .scope S_000001326b888390;
T_66 ;
    %wait E_000001326b814ff0;
    %load/vec4 v000001326b88aca0_0;
    %cmpi/e 1, 0, 1;
    %jmp/0xz  T_66.0, 4;
    %pushi/vec4 0, 0, 32;
    %assign/vec4 v000001326b88a8e0_0, 0;
    %jmp T_66.1;
T_66.0 ;
    %load/vec4 v000001326b8898a0_0;
    %assign/vec4 v000001326b88a8e0_0, 0;
T_66.1 ;
    %jmp T_66;
    .thread T_66;
    .scope S_000001326b787bc0;
T_67 ;
    %pushi/vec4 0, 0, 32;
    %assign/vec4 v000001326b810280_0, 0;
    %end;
    .thread T_67;
    .scope S_000001326b787bc0;
T_68 ;
    %wait E_000001326b814ff0;
    %load/vec4 v000001326b80f380_0;
    %cmpi/e 1, 0, 1;
    %jmp/0xz  T_68.0, 4;
    %pushi/vec4 0, 0, 32;
    %assign/vec4 v000001326b810280_0, 0;
    %jmp T_68.1;
T_68.0 ;
    %load/vec4 v000001326b80f240_0;
    %assign/vec4 v000001326b810280_0, 0;
T_68.1 ;
    %jmp T_68;
    .thread T_68;
    .scope S_000001326b88b220;
T_69 ;
    %pushi/vec4 0, 0, 4;
    %assign/vec4 v000001326b889a80_0, 0;
    %end;
    .thread T_69;
    .scope S_000001326b88b220;
T_70 ;
    %wait E_000001326b814ff0;
    %load/vec4 v000001326b889bc0_0;
    %cmpi/e 1, 0, 1;
    %jmp/0xz  T_70.0, 4;
    %pushi/vec4 0, 0, 4;
    %assign/vec4 v000001326b889a80_0, 0;
    %jmp T_70.1;
T_70.0 ;
    %load/vec4 v000001326b889940_0;
    %assign/vec4 v000001326b889a80_0, 0;
T_70.1 ;
    %jmp T_70;
    .thread T_70;
    .scope S_000001326b790e10;
T_71 ;
    %pushi/vec4 0, 0, 32;
    %assign/vec4 v000001326b8867e0_0, 0;
    %end;
    .thread T_71;
    .scope S_000001326b790e10;
T_72 ;
    %wait E_000001326b814ff0;
    %load/vec4 v000001326b887640_0;
    %cmpi/e 1, 0, 1;
    %jmp/0xz  T_72.0, 4;
    %pushi/vec4 0, 0, 32;
    %assign/vec4 v000001326b8867e0_0, 0;
    %jmp T_72.1;
T_72.0 ;
    %load/vec4 v000001326b8873c0_0;
    %assign/vec4 v000001326b8867e0_0, 0;
T_72.1 ;
    %jmp T_72;
    .thread T_72;
# The file index is used to find the file name in the following table.
:file_names 17;
    "N/A";
    "<interactive>";
    "datapath.v";
    "Register_reset.v";
    "Mux_2to1.v";
    "Mux_4to1.v";
    "Instruction_memory.v";
    "Register_rsten.v";
    "shifter.v";
    "ALU.v";
    "Memory.v";
    "Extender.v";
    "Adder.v";
    "Register_file.v";
    "Decoder_4to16.v";
    "Mux_16to1.v";
    "Register_rsten_neg.v";
